ID,Category,Old Name,New Name,Changes
1184,"accessories","AE Asst Bird Cage","AE Assorted Bird Cage","""Asst"" → ""Assorted"""
1245,"accessories","CK-9 Cologne","Chicken-9 Cologne","""CK"" → ""Chicken"""
1734,"accessories","PetCrest Tie Out Stake","PetCrest Tie Outdoor Stake","""Out"" → ""Outdoor"""
1742,"accessories","Titan Tie Out Chain 15Ft","Titan Tie Outdoor Chain 15Ft","""Out"" → ""Outdoor"""
1746,"accessories","PetCrest Tie out cable Sm 10FT","PetCrest Tie Outdoor cable Sm 10FT","""out"" → ""Outdoor"""
1773,"accessories","PH Tie Out Trolley Set Hvy Dty","PH Tie Outdoor Trolley Set Hvy Dty","""Out"" → ""Outdoor"""
1774,"accessories","FourPaws Med 20' Tie out Cable","FourPaws Med 20' Tie Outdoor Cable","""out"" → ""Outdoor"""
1775,"accessories","FourPaws 50' Hvy weight tie out cable","FourPaws 50' Hvy weight tie Outdoor cable","""out"" → ""Outdoor"""
2144,"accessories","Catit Creamy Chk&Shmp 12 pk","Catit Creamy Chicken&Shmp 12 pk","""Chk"" → ""Chicken"""
2175,"accessories","Blue Wilderness Chnk&Salm Treats","Blue Wilderness Chnk&Salmon Treats","""Salm"" → ""Salmon"""
2199,"accessories","SPOT American Take-Out","SPOT American Take-Outdoor","""Out"" → ""Outdoor"""
2283,"accessories","CK roller cat toy","Chicken roller cat toy","""CK"" → ""Chicken"""
2680,"accessories","MULTIPET GLOBKEN MINI ASST.","MULTIPET GLOBKEN MINI Assorted.","""ASST"" → ""Assorted"""
2683,"accessories","SPOT LATEX FOOD 8" ASST.","SPOT LATEX FOOD 8" Assorted.","""ASST"" → ""Assorted"""
2692,"accessories","MULTIPET NOSEY BUDDY ASST","MULTIPET NOSEY BUDDY Assorted","""ASST"" → ""Assorted"""
2831,"accessories","DURA-FUSED DINOSAUR 11" ASST","DURA-FUSED DINOSAUR 11" Assorted","""ASST"" → ""Assorted"""
2847,"accessories","TUFFY-OC-JR-FISH-OR","TUFFY-OC-Junior-FISH-OR","""JR"" → ""Junior"""
2895,"accessories","CHUCKIT LAUNCHER JR 18M","CHUCKIT LAUNCHER Junior 18M","""JR"" → ""Junior"""
2921,"accessories","NYLA PUP TACTILE STICK","NYLA Puppy TACTILE STICK","""PUP"" → ""Puppy"""
2922,"accessories","NYLA PUP TEETHING RINGS","NYLA Puppy TEETHING RINGS","""PUP"" → ""Puppy"""
2935,"accessories","KONG WUBBA FRIENDS ASST. LRG","KONG WUBBA FRIENDS Assorted. LRG","""ASST"" → ""Assorted"""
2936,"accessories","KONG WUBBA FRIENDS ASST. SM","KONG WUBBA FRIENDS Assorted. SM","""ASST"" → ""Assorted"""
2937,"accessories","KONG WUBBA PUP ASSORT. SM","KONG WUBBA Puppy ASSORT. SM","""PUP"" → ""Puppy"""
2968,"accessories","KONG CMFT HEDGEHUG PUP XS","KONG CMFT HEDGEHUG Puppy XS","""PUP"" → ""Puppy"""
2969,"accessories","KONG CMFT HEDGEHUG PUP MD","KONG CMFT HEDGEHUG Puppy MD","""PUP"" → ""Puppy"""
3098,"accessories","KNG BALL W/ HOLE MD/LG","KNG BALL with HOLE MD/LG","""W/"" → ""with"""
3121,"accessories","KNG ZIGGIES ENHANCE PUP M/L 8OZ","KNG ZIGGIES ENHANCE Puppy M/L 8OZ","""PUP"" → ""Puppy"""
3122,"accessories","KNG ZIG ENHANCE PUP SM 7OZ","KNG ZIG ENHANCE Puppy SM 7OZ","""PUP"" → ""Puppy"""
3126,"accessories","KNG SNACKS PUP SM","KNG SNACKS Puppy SM","""PUP"" → ""Puppy"""
3162,"accessories","KNG BINKIE PUP SM","KNG BINKIE Puppy SM","""PUP"" → ""Puppy"""
3163,"accessories","KNG PUP TIRES SM","KNG Puppy TIRES SM","""PUP"" → ""Puppy"""
3169,"accessories","KNG PUP BINKIE MD","KNG Puppy BINKIE MD","""PUP"" → ""Puppy"""
3495,"accessories","VALHOMA SPIKE 16 HP CLLR","VALHOMA SPIKE 16 High Protein CLLR","""HP"" → ""High Protein"""
4047,"accessories","OXBOW PURCMFRT 72L NAT.","OXBOW PURCMFRT 72L Natural.","""NAT"" → ""Natural"""
4050,"accessories","OXBW PURCMFRT 28L NAT","OXBW PURCMFRT 28L Natural","""NAT"" → ""Natural"""
4295,"accessories","INTUNE DUETS CHKN&SALM","INTUNE DUETS CHKN&Salmon","""SALM"" → ""Salmon"""
4486,"accessories","REDBARN SMMD BF CHEEK RL CHKN","REDBARN SMMD Beef CHEEK RL CHKN","""BF"" → ""Beef"""
4535,"accessories","BENEBONE MD PUP WISHBONE BCN","BENEBONE MD Puppy WISHBONE BCN","""PUP"" → ""Puppy"""
4544,"accessories","BENEBONE SM PUP WISHBONE BCN","BENEBONE SM Puppy WISHBONE BCN","""PUP"" → ""Puppy"""
4632,"accessories","SMARTBONES KABOBZ CHK, PK,DCK","SMARTBONES KABOBZ Chicken, PK,DCK","""CHK"" → ""Chicken"""
4647,"accessories","SMARTBONES 24 MINI CHK","SMARTBONES 24 MINI Chicken","""CHK"" → ""Chicken"""
4674,"accessories","PUP-PERONI","Puppy-PERONI","""PUP"" → ""Puppy"""
4685,"accessories","RWRDS CRUNCH BIS SM BR SAL 8OZ","RWRDS CRUNCH BIS Small Breed SAL 8OZ","""SM BR"" → ""Small Breed"""
4788,"accessories","NUTRISRC BIG BITES CHK","NUTRISRC BIG BITES Chicken","""CHK"" → ""Chicken"""
4854,"accessories","TUESDAYS 10-12" BF BASTED CHKRLL","TUESDAYS 10-12" Beef BASTED CHKRLL","""BF"" → ""Beef"""
4855,"accessories","TUESDAYS 10" BF CHEEK RLL DUSTED","TUESDAYS 10" Beef CHEEK RLL DUSTED","""BF"" → ""Beef"""
4934,"accessories","GREENIES ORG LG 6OZ","GREENIES Organic LG 6OZ","""ORG"" → ""Organic"""
4935,"accessories","GREENIES ORG PETITE 6OZ","GREENIES Organic PETITE 6OZ","""ORG"" → ""Organic"""
4936,"accessories","GREENIES ORG TEENIE 6OZ","GREENIES Organic TEENIE 6OZ","""ORG"" → ""Organic"""
4937,"accessories","GREENIES ORG REG 12OZ","GREENIES Organic REG 12OZ","""ORG"" → ""Organic"""
4938,"accessories","GREENIES ORG PETITE 12OZ","GREENIES Organic PETITE 12OZ","""ORG"" → ""Organic"""
4939,"accessories","GREENIES ORG TEENIE 12OZ","GREENIES Organic TEENIE 12OZ","""ORG"" → ""Organic"""
4940,"accessories","GREENIES ANYTIME BITES ORG","GREENIES ANYTIME BITES Organic","""ORG"" → ""Organic"""
4941,"accessories","GREENIES TEENIE ORG 27OZ","GREENIES TEENIE Organic 27OZ","""ORG"" → ""Organic"""
4942,"accessories","GREENIES REG ORG 27OZ","GREENIES REG Organic 27OZ","""ORG"" → ""Organic"""
4943,"accessories","GREENIES LG ORG 27OZ","GREENIES LG Organic 27OZ","""ORG"" → ""Organic"""
4947,"accessories","GREENIES PETITE ORG 36OZ","GREENIES PETITE Organic 36OZ","""ORG"" → ""Organic"""
4948,"accessories","GREENIES TEENIE ORG 36OZ","GREENIES TEENIE Organic 36OZ","""ORG"" → ""Organic"""
4971,"accessories","GREENIES REG ORG 36OZ","GREENIES REG Organic 36OZ","""ORG"" → ""Organic"""
4972,"accessories","GREENIES LG ORG 36OZ","GREENIES LG Organic 36OZ","""ORG"" → ""Organic"""
5115,"accessories","PUREWATER PEBBLE NEON ORG 5LB","PUREWATER PEBBLE NEON Organic 5LB","""ORG"" → ""Organic"""
5151,"accessories","AQUAPLNT 2" 6PK NAT BETTA PLNT","AQUAPLNT 2" 6PK Natural BETTA PLNT","""NAT"" → ""Natural"""
5203,"accessories","AQUAPLNT 2.5/3.5" RCKPLNT ASST","AQUAPLNT 2.5/3.5" RCKPLNT Assorted","""ASST"" → ""Assorted"""
5349,"accessories","SKULL GAZER SM ASST","SKULL GAZER SM Assorted","""ASST"" → ""Assorted"""
5407,"accessories","AQUA MARINE ITEM- ASST","AQUA MARINE ITEM- Assorted","""ASST"" → ""Assorted"""
5409,"accessories","2PK NAT 10 GAL TANK DECOR","2PK Natural 10 GAL TANK DECOR","""NAT"" → ""Natural"""
5844,"accessories","BASIC HOODIE NAT BLU MED","BASIC HOODIE Natural BLU MED","""NAT"" → ""Natural"""
5850,"accessories","BASIC HOODIE NAT BLU SM","BASIC HOODIE Natural BLU SM","""NAT"" → ""Natural"""
5898,"accessories","BNE ACCENT SWT ORG. XSM","BNE ACCENT SWT Organic. XSM","""ORG"" → ""Organic"""
5912,"food","sd puppy sm br ck 4.5#","Science Diet puppy Small Breed Chicken 4.5lb","""sd"" → ""Science Diet"" | ""ck"" → ""Chicken"" | ""sm br"" → ""Small Breed"" | ""#"" → ""lb"""
5913,"food","sd puppy sm br 12.5#","Science Diet puppy Small Breed 12.5lb","""sd"" → ""Science Diet"" | ""sm br"" → ""Small Breed"" | ""#"" → ""lb"""
5914,"food","sd puppy lg br 15.5#","Science Diet puppy Large Breed 15.5lb","""sd"" → ""Science Diet"" | ""lg br"" → ""Large Breed"" | ""#"" → ""lb"""
5915,"food","sd puppy lg br ck 27.5#","Science Diet puppy Large Breed Chicken 27.5lb","""sd"" → ""Science Diet"" | ""ck"" → ""Chicken"" | ""lg br"" → ""Large Breed"" | ""#"" → ""lb"""
5916,"food","sd puppy lg br lam 30#","Science Diet puppy Large Breed Lamb 30lb","""sd"" → ""Science Diet"" | ""lam"" → ""Lamb"" | ""lg br"" → ""Large Breed"" | ""#"" → ""lb"""
5917,"food","sd lg br ck 15#","Science Diet Large Breed Chicken 15lb","""sd"" → ""Science Diet"" | ""ck"" → ""Chicken"" | ""lg br"" → ""Large Breed"" | ""#"" → ""lb"""
5918,"food","sd sm br ck 15.5#","Science Diet Small Breed Chicken 15.5lb","""sd"" → ""Science Diet"" | ""ck"" → ""Chicken"" | ""sm br"" → ""Small Breed"" | ""#"" → ""lb"""
5919,"food","sd sm br ck 4.5#","Science Diet Small Breed Chicken 4.5lb","""sd"" → ""Science Diet"" | ""ck"" → ""Chicken"" | ""sm br"" → ""Small Breed"" | ""#"" → ""lb"""
5920,"food","sd sm br lam 4.5","Science Diet Small Breed Lamb 4.5","""sd"" → ""Science Diet"" | ""lam"" → ""Lamb"" | ""sm br"" → ""Small Breed"""
5921,"food","sd sm br lam 15.5#","Science Diet Small Breed Lamb 15.5lb","""sd"" → ""Science Diet"" | ""lam"" → ""Lamb"" | ""sm br"" → ""Small Breed"" | ""#"" → ""lb"""
5922,"food","sd sm br light 4.5#","Science Diet Small Breed light 4.5lb","""sd"" → ""Science Diet"" | ""sm br"" → ""Small Breed"" | ""#"" → ""lb"""
5923,"food","sd sm br light 15.5#","Science Diet Small Breed light 15.5lb","""sd"" → ""Science Diet"" | ""sm br"" → ""Small Breed"" | ""#"" → ""lb"""
5924,"food","SD sm br 7+ 4.5#","Science Diet Small Breed 7+ 4.5lb","""SD"" → ""Science Diet"" | ""sm br"" → ""Small Breed"" | ""#"" → ""lb"""
5925,"food","SD sm br 11+ 4.5#","Science Diet Small Breed 11+ 4.5lb","""SD"" → ""Science Diet"" | ""sm br"" → ""Small Breed"" | ""#"" → ""lb"""
5926,"food","SD sm br 11+ 15.5","Science Diet Small Breed 11+ 15.5","""SD"" → ""Science Diet"" | ""sm br"" → ""Small Breed"""
5927,"food","SD lg br ck 35#","Science Diet Large Breed Chicken 35lb","""SD"" → ""Science Diet"" | ""ck"" → ""Chicken"" | ""lg br"" → ""Large Breed"" | ""#"" → ""lb"""
5928,"food","SD lg br lam 33#","Science Diet Large Breed Lamb 33lb","""SD"" → ""Science Diet"" | ""lam"" → ""Lamb"" | ""lg br"" → ""Large Breed"" | ""#"" → ""lb"""
5929,"food","SD lg br light 15#","Science Diet Large Breed light 15lb","""SD"" → ""Science Diet"" | ""lg br"" → ""Large Breed"" | ""#"" → ""lb"""
5930,"food","SD lg br light 30#","Science Diet Large Breed light 30lb","""SD"" → ""Science Diet"" | ""lg br"" → ""Large Breed"" | ""#"" → ""lb"""
5931,"food","SD lg br 6+ 15#","Science Diet Large Breed 6+ 15lb","""SD"" → ""Science Diet"" | ""lg br"" → ""Large Breed"" | ""#"" → ""lb"""
5932,"food","SD lg br 6+ 33#","Science Diet Large Breed 6+ 33lb","""SD"" → ""Science Diet"" | ""lg br"" → ""Large Breed"" | ""#"" → ""lb"""
5933,"food","SD puppy lam 4#","Science Diet puppy Lamb 4lb","""SD"" → ""Science Diet"" | ""lam"" → ""Lamb"" | ""#"" → ""lb"""
5934,"food","SD puppy lam 12.5#","Science Diet puppy Lamb 12.5lb","""SD"" → ""Science Diet"" | ""lam"" → ""Lamb"" | ""#"" → ""lb"""
5935,"food","SD puppy lam 25#","Science Diet puppy Lamb 25lb","""SD"" → ""Science Diet"" | ""lam"" → ""Lamb"" | ""#"" → ""lb"""
5936,"food","SD puppy ck 4.5#","Science Diet puppy Chicken 4.5lb","""SD"" → ""Science Diet"" | ""ck"" → ""Chicken"" | ""#"" → ""lb"""
5937,"food","SD puppy ck 12.5#","Science Diet puppy Chicken 12.5lb","""SD"" → ""Science Diet"" | ""ck"" → ""Chicken"" | ""#"" → ""lb"""
5938,"food","SD puppy ck 27.5#","Science Diet puppy Chicken 27.5lb","""SD"" → ""Science Diet"" | ""ck"" → ""Chicken"" | ""#"" → ""lb"""
5939,"food","SD puppy sm bite 4.5#","Science Diet puppy sm bite 4.5lb","""SD"" → ""Science Diet"" | ""#"" → ""lb"""
5940,"food","SD puppy sm bite 12.5#","Science Diet puppy sm bite 12.5lb","""SD"" → ""Science Diet"" | ""#"" → ""lb"""
5941,"food","SD ck 5#","Science Diet Chicken 5lb","""SD"" → ""Science Diet"" | ""ck"" → ""Chicken"" | ""#"" → ""lb"""
5942,"food","SD ck 15#","Science Diet Chicken 15lb","""SD"" → ""Science Diet"" | ""ck"" → ""Chicken"" | ""#"" → ""lb"""
5943,"food","SD ck 35#","Science Diet Chicken 35lb","""SD"" → ""Science Diet"" | ""ck"" → ""Chicken"" | ""#"" → ""lb"""
5944,"food","SD sm bite ck 5#","Science Diet sm bite Chicken 5lb","""SD"" → ""Science Diet"" | ""ck"" → ""Chicken"" | ""#"" → ""lb"""
5945,"food","SD sm bite ck 15#","Science Diet sm bite Chicken 15lb","""SD"" → ""Science Diet"" | ""ck"" → ""Chicken"" | ""#"" → ""lb"""
5946,"food","SD sm bite ck 35#","Science Diet sm bite Chicken 35lb","""SD"" → ""Science Diet"" | ""ck"" → ""Chicken"" | ""#"" → ""lb"""
5947,"food","SD lam 15.5#","Science Diet Lamb 15.5lb","""SD"" → ""Science Diet"" | ""lam"" → ""Lamb"" | ""#"" → ""lb"""
5948,"food","SD lam 33#","Science Diet Lamb 33lb","""SD"" → ""Science Diet"" | ""lam"" → ""Lamb"" | ""#"" → ""lb"""
5949,"food","SD lam sm bite 4.5#","Science Diet Lamb sm bite 4.5lb","""SD"" → ""Science Diet"" | ""lam"" → ""Lamb"" | ""#"" → ""lb"""
5950,"food","SD lam sm bite 15.5#","Science Diet Lamb sm bite 15.5lb","""SD"" → ""Science Diet"" | ""lam"" → ""Lamb"" | ""#"" → ""lb"""
5951,"food","SD lam sm bite 33lb","Science Diet Lamb sm bite 33lb","""SD"" → ""Science Diet"" | ""lam"" → ""Lamb"""
5952,"food","SD salmon 4.5#","Science Diet salmon 4.5lb","""SD"" → ""Science Diet"" | ""#"" → ""lb"""
5953,"food","SD salmon 14#","Science Diet salmon 14lb","""SD"" → ""Science Diet"" | ""#"" → ""lb"""
5954,"food","SD salmon 33#","Science Diet salmon 33lb","""SD"" → ""Science Diet"" | ""#"" → ""lb"""
5955,"food","SD light 15#","Science Diet light 15lb","""SD"" → ""Science Diet"" | ""#"" → ""lb"""
5956,"food","SD light30#","Science Diet light30lb","""SD"" → ""Science Diet"" | ""#"" → ""lb"""
5957,"food","SD light sm bite 15#","Science Diet light sm bite 15lb","""SD"" → ""Science Diet"" | ""#"" → ""lb"""
5958,"food","SD light sm bite 30#","Science Diet light sm bite 30lb","""SD"" → ""Science Diet"" | ""#"" → ""lb"""
5959,"food","SD 7+ sm bite 5#","Science Diet 7+ sm bite 5lb","""SD"" → ""Science Diet"" | ""#"" → ""lb"""
5960,"food","SD 7+ sm bite 15#","Science Diet 7+ sm bite 15lb","""SD"" → ""Science Diet"" | ""#"" → ""lb"""
5961,"food","SD 7+ sm bite 33#","Science Diet 7+ sm bite 33lb","""SD"" → ""Science Diet"" | ""#"" → ""lb"""
5962,"food","SD 7+ 5#","Science Diet 7+ 5lb","""SD"" → ""Science Diet"" | ""#"" → ""lb"""
5963,"food","SD 7+ 15#","Science Diet 7+ 15lb","""SD"" → ""Science Diet"" | ""#"" → ""lb"""
5964,"food","SD vitality sm 3.5#","Science Diet vitality sm 3.5lb","""SD"" → ""Science Diet"" | ""#"" → ""lb"""
5965,"food","SD vitality sm 12.5#","Science Diet vitality sm 12.5lb","""SD"" → ""Science Diet"" | ""#"" → ""lb"""
5966,"food","SD vitality 12.5#","Science Diet vitality 12.5lb","""SD"" → ""Science Diet"" | ""#"" → ""lb"""
5967,"food","SD perf digest sm bite 3.5#","Science Diet perf digest sm bite 3.5lb","""SD"" → ""Science Diet"" | ""#"" → ""lb"""
5968,"food","SD perf digest ck 3.5#","Science Diet perf digest Chicken 3.5lb","""SD"" → ""Science Diet"" | ""ck"" → ""Chicken"" | ""#"" → ""lb"""
5969,"food","SD perf digest ck 12#","Science Diet perf digest Chicken 12lb","""SD"" → ""Science Diet"" | ""ck"" → ""Chicken"" | ""#"" → ""lb"""
5970,"food","SD perf digest ck lg br 223","Science Diet perf digest Chicken Large Breed 223","""SD"" → ""Science Diet"" | ""ck"" → ""Chicken"" | ""lg br"" → ""Large Breed"""
5971,"food","SD perf digest salmon 22#","Science Diet perf digest salmon 22lb","""SD"" → ""Science Diet"" | ""#"" → ""lb"""
5972,"food","SD mobility sm bite 4#","Science Diet mobility sm bite 4lb","""SD"" → ""Science Diet"" | ""#"" → ""lb"""
5973,"food","SD mobility sm bite 15.5#","Science Diet mobility sm bite 15.5lb","""SD"" → ""Science Diet"" | ""#"" → ""lb"""
5974,"food","SD sm min perf weight 12.5#","Science Diet sm min perf weight 12.5lb","""SD"" → ""Science Diet"" | ""#"" → ""lb"""
5975,"food","SD perf weight 4#","Science Diet perf weight 4lb","""SD"" → ""Science Diet"" | ""#"" → ""lb"""
5976,"food","SD perf weight 12#","Science Diet perf weight 12lb","""SD"" → ""Science Diet"" | ""#"" → ""lb"""
5977,"food","SD puppy sensi 4#","Science Diet puppy sensi 4lb","""SD"" → ""Science Diet"" | ""#"" → ""lb"""
5978,"food","SD puppy sensi 13#","Science Diet puppy sensi 13lb","""SD"" → ""Science Diet"" | ""#"" → ""lb"""
5979,"food","SD sensi pollock 12#","Science Diet sensi pollock 12lb","""SD"" → ""Science Diet"" | ""#"" → ""lb"""
5980,"food","SD perf weight 25#","Science Diet perf weight 25lb","""SD"" → ""Science Diet"" | ""#"" → ""lb"""
5981,"food","SD perf weight joint 25#","Science Diet perf weight joint 25lb","""SD"" → ""Science Diet"" | ""#"" → ""lb"""
5982,"food","SD sm min sensi 4#","Science Diet sm min sensi 4lb","""SD"" → ""Science Diet"" | ""#"" → ""lb"""
5983,"food","SD sensi sm bite 4#","Science Diet sensi sm bite 4lb","""SD"" → ""Science Diet"" | ""#"" → ""lb"""
5984,"food","SD sensi sm bite 15#","Science Diet sensi sm bite 15lb","""SD"" → ""Science Diet"" | ""#"" → ""lb"""
5985,"food","SD sensi sm bite 30#","Science Diet sensi sm bite 30lb","""SD"" → ""Science Diet"" | ""#"" → ""lb"""
5986,"food","SD sensi 4#","Science Diet sensi 4lb","""SD"" → ""Science Diet"" | ""#"" → ""lb"""
5987,"food","SD sensi 15.5#","Science Diet sensi 15.5lb","""SD"" → ""Science Diet"" | ""#"" → ""lb"""
5988,"food","SD sensi 30#","Science Diet sensi 30lb","""SD"" → ""Science Diet"" | ""#"" → ""lb"""
5989,"food","SD sensi lg br 30#","Science Diet sensi Large Breed 30lb","""SD"" → ""Science Diet"" | ""lg br"" → ""Large Breed"" | ""#"" → ""lb"""
5990,"food","SD sensi gr fr 24#","Science Diet sensi gr fr 24lb","""SD"" → ""Science Diet"" | ""#"" → ""lb"""
5991,"food","SD mini jerky beef","Science Diet mini jerky beef","""SD"" → ""Science Diet"""
5992,"food","SD jerky beef","Science Diet jerky beef","""SD"" → ""Science Diet"""
5993,"food","SD mini jerkyck","Science Diet mini jerkyck","""SD"" → ""Science Diet"""
5994,"accessories","SD jerky ck","Science Diet jerky Chicken","""SD"" → ""Science Diet"" | ""ck"" → ""Chicken"""
5995,"accessories","SD gr fr crunch","Science Diet gr fr crunch","""SD"" → ""Science Diet"""
5996,"accessories","SD apple","Science Diet apple","""SD"" → ""Science Diet"""
5997,"accessories","SD cranberries","Science Diet cranberries","""SD"" → ""Science Diet"""
5998,"accessories","SD soft ck","Science Diet soft Chicken","""SD"" → ""Science Diet"" | ""ck"" → ""Chicken"""
5999,"accessories","SD soft duck","Science Diet soft duck","""SD"" → ""Science Diet"""
6000,"accessories","SD soft beef","Science Diet soft beef","""SD"" → ""Science Diet"""
6001,"accessories","SD savories ck","Science Diet savories Chicken","""SD"" → ""Science Diet"" | ""ck"" → ""Chicken"""
6002,"accessories","SD savories peanut","Science Diet savories peanut","""SD"" → ""Science Diet"""
6003,"accessories","SD savories beef","Science Diet savories beef","""SD"" → ""Science Diet"""
6004,"food","royal can sm 4#","royal can sm 4lb","""#"" → ""lb"""
6005,"food","royal can sm 14#","royal can sm 14lb","""#"" → ""lb"""
6007,"food","royal can york 10#","royal can york 10lb","""#"" → ""lb"""
6008,"food","royal can york 2.5#","royal can york 2.5lb","""#"" → ""lb"""
6009,"food","royal can chih 10#","royal can chih 10lb","""#"" → ""lb"""
6011,"accessories","barn home 25-50#","barn home 25-50lb","""#"" → ""lb"""
6012,"accessories","barn home 50-90#","barn home 50-90lb","""#"" → ""lb"""
6013,"accessories","indigo 50-90# house","indigo 50-90lb house","""#"" → ""lb"""
6014,"accessories","vari kennel 70-90#","vari kennel 70-90lb","""#"" → ""lb"""
6026,"accessories","skudo 40#","skudo 40lb","""#"" → ""lb"""
6038,"food","NB ck & br rice 24#","NB Chicken & br rice 24lb","""ck"" → ""Chicken"" | ""#"" → ""lb"""
6039,"food","NB plant 24#","NB plant 24lb","""#"" → ""lb"""
6040,"food","NB venisin 22#","NB venisin 22lb","""#"" → ""lb"""
6041,"food","NB salmon sm br 4#","NB salmon Small Breed 4lb","""sm br"" → ""Small Breed"" | ""#"" → ""lb"""
6042,"food","NB salmon 4#","NB salmon 4lb","""#"" → ""lb"""
6043,"food","NB duck sm br 4#","NB duck Small Breed 4lb","""sm br"" → ""Small Breed"" | ""#"" → ""lb"""
6044,"food","NB duck 4#","NB duck 4lb","""#"" → ""lb"""
6045,"food","TOW anc wetland 5#","TOW anc wetland 5lb","""#"" → ""lb"""
6046,"food","TOW anc stream 5#","TOW anc stream 5lb","""#"" → ""lb"""
6047,"food","TOW anc mount 5#","TOW anc mount 5lb","""#"" → ""lb"""
6048,"food","TOW anc prarie 5#","TOW anc prarie 5lb","""#"" → ""lb"""
6049,"food","TOW anc prairie 14#","TOW anc prairie 14lb","""#"" → ""lb"""
6050,"food","TOW anc stream 14#","TOW anc stream 14lb","""#"" → ""lb"""
6051,"food","TOW anc mount 14#","TOW anc mount 14lb","""#"" → ""lb"""
6052,"food","TOW anc stream 28#","TOW anc stream 28lb","""#"" → ""lb"""
6053,"food","TOW anc wetland 28#","TOW anc wetland 28lb","""#"" → ""lb"""
6054,"food","TOE anc prairie 28#","TOE anc prairie 28lb","""#"" → ""lb"""
6055,"food","TOW anc wetland 14#","TOW anc wetland 14lb","""#"" → ""lb"""
6057,"food","TOW south can 14#","TOW south can 14lb","""#"" → ""lb"""
6058,"food","TOW appal 14#","TOW appal 14lb","""#"" → ""lb"""
6059,"food","Tow south can 5#","Tow south can 5lb","""#"" → ""lb"""
6060,"food","TOW appal 5#","TOW appal 5lb","""#"" → ""lb"""
6061,"food","TOW wetland 5#","TOW wetland 5lb","""#"" → ""lb"""
6062,"food","TOW pacif stream 5#","TOW pacif stream 5lb","""#"" → ""lb"""
6063,"food","TOW pacific stream 14#","TOW pacific stream 14lb","""#"" → ""lb"""
6064,"food","TOW sierra mount 5#","TOW sierra mount 5lb","""#"" → ""lb"""
6065,"food","TOW sierra mount 14#","TOW sierra mount 14lb","""#"" → ""lb"""
6066,"food","TOW sierra mount 28#","TOW sierra mount 28lb","""#"" → ""lb"""
6067,"food","TOW high prairie 5#","TOW high prairie 5lb","""#"" → ""lb"""
6068,"food","TOW high prairie 14#","TOW high prairie 14lb","""#"" → ""lb"""
6069,"food","TOW high prairie 28#","TOW high prairie 28lb","""#"" → ""lb"""
6070,"food","TOW high prairie puppy 5#","TOW high prairie puppy 5lb","""#"" → ""lb"""
6071,"food","TOW high prairie puppy 28#","TOW high prairie puppy 28lb","""#"" → ""lb"""
6072,"food","pacific stream puppy 5#","pacific stream puppy 5lb","""#"" → ""lb"""
6073,"food","pacific stream puppy 14#","pacific stream puppy 14lb","""#"" → ""lb"""
6074,"food","DIAM sm br ck 6#","DIAM Small Breed Chicken 6lb","""ck"" → ""Chicken"" | ""sm br"" → ""Small Breed"" | ""#"" → ""lb"""
6075,"food","DIAM sm br ck 18#","DIAM Small Breed Chicken 18lb","""ck"" → ""Chicken"" | ""sm br"" → ""Small Breed"" | ""#"" → ""lb"""
6076,"food","DIAM sm br lamb 18#","DIAM Small Breed lamb 18lb","""sm br"" → ""Small Breed"" | ""#"" → ""lb"""
6077,"food","DIAM sm br puppy 6#","DIAM Small Breed puppy 6lb","""sm br"" → ""Small Breed"" | ""#"" → ""lb"""
6078,"food","DIAM sm br puppy 18#","DIAM Small Breed puppy 18lb","""sm br"" → ""Small Breed"" | ""#"" → ""lb"""
6079,"food","DIAM als ck 40#","DIAM als Chicken 40lb","""ck"" → ""Chicken"" | ""#"" → ""lb"""
6080,"food","DIAM senior 35#","DIAM senior 35lb","""#"" → ""lb"""
6081,"food","DIAM light 15#","DIAM light 15lb","""#"" → ""lb"""
6082,"food","DIAM light 30#","DIAM light 30lb","""#"" → ""lb"""
6083,"food","DIAM gr fr 28#","DIAM gr fr 28lb","""#"" → ""lb"""
6084,"food","DIAM lg br lamb 40#","DIAM Large Breed lamb 40lb","""lg br"" → ""Large Breed"" | ""#"" → ""lb"""
6085,"food","DIAM lg br 40#","DIAM Large Breed 40lb","""lg br"" → ""Large Breed"" | ""#"" → ""lb"""
6086,"food","SD sm min 7+ 15.5#","Science Diet sm min 7+ 15.5lb","""SD"" → ""Science Diet"" | ""#"" → ""lb"""
6087,"food","SD light sm bite 5#","Science Diet light sm bite 5lb","""SD"" → ""Science Diet"" | ""#"" → ""lb"""
6088,"food","SD 7+ 33#","Science Diet 7+ 33lb","""SD"" → ""Science Diet"" | ""#"" → ""lb"""
6089,"food","SD sm min perf weight 4#","Science Diet sm min perf weight 4lb","""SD"" → ""Science Diet"" | ""#"" → ""lb"""
6090,"food","SD mobility lg br 30#","Science Diet mobility Large Breed 30lb","""SD"" → ""Science Diet"" | ""lg br"" → ""Large Breed"" | ""#"" → ""lb"""
6091,"food","SD sm min sensitive 15#","Science Diet sm min sensitive 15lb","""SD"" → ""Science Diet"" | ""#"" → ""lb"""
6092,"food","DIAM puppy 6#","DIAM puppy 6lb","""#"" → ""lb"""
6093,"food","DIAM puppy 20#","DIAM puppy 20lb","""#"" → ""lb"""
6094,"food","DIAM puppy 40#","DIAM puppy 40lb","""#"" → ""lb"""
6095,"food","DIAM puppy lg br 6#","DIAM puppy Large Breed 6lb","""lg br"" → ""Large Breed"" | ""#"" → ""lb"""
6096,"food","DIAM puppy lg br 40#","DIAM puppy Large Breed 40lb","""lg br"" → ""Large Breed"" | ""#"" → ""lb"""
6097,"food","DIAM mainten 20#","DIAM mainten 20lb","""#"" → ""lb"""
6098,"food","DIAM mainten 40#","DIAM mainten 40lb","""#"" → ""lb"""
6099,"food","DIAM prem 6#","DIAM prem 6lb","""#"" → ""lb"""
6100,"food","DIAM prem 20#","DIAM prem 20lb","""#"" → ""lb"""
6101,"food","DIAM prem 50#","DIAM prem 50lb","""#"" → ""lb"""
6102,"food","DIAM lamb 6#","DIAM lamb 6lb","""#"" → ""lb"""
6103,"food","DIAM lamb 20#","DIAM lamb 20lb","""#"" → ""lb"""
6104,"food","DIAM lamb 40#","DIAM lamb 40lb","""#"" → ""lb"""
6105,"food","DIAM skin 15#","DIAM skin 15lb","""#"" → ""lb"""
6106,"food","DIAM skin 30#","DIAM skin 30lb","""#"" → ""lb"""
6107,"food","DIAM orig 50#","DIAM orig 50lb","""#"" → ""lb"""
6108,"food","SPORTMIX bite size 40#","SPORTMIX bite size 40lb","""#"" → ""lb"""
6109,"food","SPORTMIX energy plus 50#","SPORTMIX energy plus 50lb","""#"" → ""lb"""
6110,"food","SPORTMIX high energy 50#","SPORTMIX high energy 50lb","""#"" → ""lb"""
6111,"food","SPORTMIX puppy sm bite 1605#","SPORTMIX puppy sm bite 1605lb","""#"" → ""lb"""
6112,"food","FROMM classic 30#","FROMM classic 30lb","""#"" → ""lb"""
6113,"food","FROMM classic puppy 30#","FROMM classic puppy 30lb","""#"" → ""lb"""
6114,"food","FROMM classic puppy 5#","FROMM classic puppy 5lb","""#"" → ""lb"""
6115,"food","Fromm classic puppy 15#","Fromm classic puppy 15lb","""#"" → ""lb"""
6116,"food","FROMM classic 5#","FROMM classic 5lb","""#"" → ""lb"""
6117,"food","FROMM classic 15#","FROMM classic 15lb","""#"" → ""lb"""
6118,"food","FROMM gold puppy 5#","FROMM gold puppy 5lb","""#"" → ""lb"""
6119,"food","FROMM gold puppy 15#","FROMM gold puppy 15lb","""#"" → ""lb"""
6120,"food","FROMM gold puppy 30#","FROMM gold puppy 30lb","""#"" → ""lb"""
6121,"food","FROMM gold lg br puppy 5#","FROMM gold Large Breed puppy 5lb","""lg br"" → ""Large Breed"" | ""#"" → ""lb"""
6122,"food","FROMM gold lg br puppy 15#","FROMM gold Large Breed puppy 15lb","""lg br"" → ""Large Breed"" | ""#"" → ""lb"""
6123,"food","FROMM gold lg br puppy 30#","FROMM gold Large Breed puppy 30lb","""lg br"" → ""Large Breed"" | ""#"" → ""lb"""
6124,"food","FROMM gold sm br 5#","FROMM gold Small Breed 5lb","""sm br"" → ""Small Breed"" | ""#"" → ""lb"""
6125,"food","FROMM gold sm be 15#","FROMM gold sm be 15lb","""#"" → ""lb"""
6126,"food","FROMM gold 5#","FROMM gold 5lb","""#"" → ""lb"""
6127,"food","FROMM gold 15#","FROMM gold 15lb","""#"" → ""lb"""
6128,"food","FROMM gold 30#","FROMM gold 30lb","""#"" → ""lb"""
6129,"food","FROMM gold lg br 15#","FROMM gold Large Breed 15lb","""lg br"" → ""Large Breed"" | ""#"" → ""lb"""
6130,"food","FROMM gold lg br 30#","FROMM gold Large Breed 30lb","""lg br"" → ""Large Breed"" | ""#"" → ""lb"""
6131,"food","FROMM gold lg br 5#","FROMM gold Large Breed 5lb","""lg br"" → ""Large Breed"" | ""#"" → ""lb"""
6132,"food","FROMM gold lb br weight 15#","FROMM gold lb br weight 15lb","""#"" → ""lb"""
6133,"food","FROMM gold weight 5#","FROMM gold weight 5lb","""#"" → ""lb"""
6134,"food","FROMM gold weight 15#","FROMM gold weight 15lb","""#"" → ""lb"""
6135,"food","FROMM gold weight 30#","FROMM gold weight 30lb","""#"" → ""lb"""
6136,"food","FROMM gold senior 5#","FROMM gold senior 5lb","""#"" → ""lb"""
6137,"food","FROMM gold senior 15#","FROMM gold senior 15lb","""#"" → ""lb"""
6138,"food","FROMM gold senior 30#","FROMM gold senior 30lb","""#"" → ""lb"""
6139,"food","FROMM gold ancient 30#","FROMM gold ancient 30lb","""#"" → ""lb"""
6140,"food","FROMM ck a la veg 4#","FROMM Chicken a la veg 4lb","""ck"" → ""Chicken"" | ""#"" → ""lb"""
6141,"food","FROMM ck a la veg 12#","FROMM Chicken a la veg 12lb","""ck"" → ""Chicken"" | ""#"" → ""lb"""
6142,"food","FROMM ck a la veg 26#","FROMM Chicken a la veg 26lb","""ck"" → ""Chicken"" | ""#"" → ""lb"""
6143,"food","FROMM duck a la veg 4#","FROMM duck a la veg 4lb","""#"" → ""lb"""
6144,"food","FROMM duck a la veg 12#","FROMM duck a la veg 12lb","""#"" → ""lb"""
6145,"food","FROMM duck a la veg 26#","FROMM duck a la veg 26lb","""#"" → ""lb"""
6146,"food","FROMM whitefish 4#","FROMM whitefish 4lb","""#"" → ""lb"""
6147,"food","FROMM whitefish 12#","FROMM whitefish 12lb","""#"" → ""lb"""
6148,"food","FROMM whitefish 26#","FROMM whitefish 26lb","""#"" → ""lb"""
6149,"food","FROMM salmon a la veg 4#","FROMM salmon a la veg 4lb","""#"" → ""lb"""
6150,"food","FROMM salmon a la veg 12#","FROMM salmon a la veg 12lb","""#"" → ""lb"""
6151,"food","FROMM salmon a la veg 26#","FROMM salmon a la veg 26lb","""#"" → ""lb"""
6152,"food","FROMM pork & apple 4#","FROMM pork & apple 4lb","""#"" → ""lb"""
6153,"food","FROMM pork & apple 12#","FROMM pork & apple 12lb","""#"" → ""lb"""
6154,"food","FROMM pork & apple 26#","FROMM pork & apple 26lb","""#"" → ""lb"""
6155,"food","FROMM trout 4#","FROMM trout 4lb","""#"" → ""lb"""
6156,"food","FROMM trout 12#","FROMM trout 12lb","""#"" → ""lb"""
6157,"food","FROMM trout 26#","FROMM trout 26lb","""#"" → ""lb"""
6158,"food","FROMM zealambder 26#","FROMM zealambder 26lb","""#"" → ""lb"""
6159,"food","FROMM rancherosa 4#","FROMM rancherosa 4lb","""#"" → ""lb"""
6160,"food","FROMM lamb & lentil 4#","FROMM lamb & lentil 4lb","""#"" → ""lb"""
6161,"food","FROMM lamb & lentil 26#","FROMM lamb & lentil 26lb","""#"" → ""lb"""
6162,"food","FROMM highlander beef 26#","FROMM highlander beef 26lb","""#"" → ""lb"""
6163,"food","FROMM surf & turf 4#","FROMM surf & turf 4lb","""#"" → ""lb"""
6164,"food","FROMM surf & turf 12#","FROMM surf & turf 12lb","""#"" → ""lb"""
6165,"food","FROMM surf & turf 26#","FROMM surf & turf 26lb","""#"" → ""lb"""
6166,"food","FROMM pork & peas 4#","FROMM pork & peas 4lb","""#"" → ""lb"""
6167,"food","FROMM pork & peas 12#","FROMM pork & peas 12lb","""#"" → ""lb"""
6168,"food","FROMM beef frittata 4#","FROMM beef frittata 4lb","""#"" → ""lb"""
6169,"food","FROMM beef frittata 12#","FROMM beef frittata 12lb","""#"" → ""lb"""
6170,"food","FROMM beef frittata 26#","FROMM beef frittata 26lb","""#"" → ""lb"""
6171,"food","FROMM game bird 4#","FROMM game bird 4lb","""#"" → ""lb"""
6172,"food","FROMM game bird 12#","FROMM game bird 12lb","""#"" → ""lb"""
6173,"food","FROMM game bird 26#","FROMM game bird 26lb","""#"" → ""lb"""
6174,"food","FROMM ck frommage 4#","FROMM Chicken frommage 4lb","""ck"" → ""Chicken"" | ""#"" → ""lb"""
6175,"food","FROMM ck frommage 12#","FROMM Chicken frommage 12lb","""ck"" → ""Chicken"" | ""#"" → ""lb"""
6176,"food","FROMM ck frommage 26#","FROMM Chicken frommage 26lb","""ck"" → ""Chicken"" | ""#"" → ""lb"""
6177,"food","FROMM hasen duck 4#","FROMM hasen duck 4lb","""#"" → ""lb"""
6178,"food","FROMM hasen duck 12#","FROMM hasen duck 12lb","""#"" → ""lb"""
6179,"food","Fromm coast weight 26#","Fromm coast weight 26lb","""#"" → ""lb"""
6199,"food","BLUE B wilderness salmon 4.5#","BLUE B wilderness salmon 4.5lb","""#"" → ""lb"""
6200,"food","BLUE B wilder sm br 4.5#","BLUE B wilder Small Breed 4.5lb","""sm br"" → ""Small Breed"" | ""#"" → ""lb"""
6201,"food","BLUE B wilder sm br 13#","BLUE B wilder Small Breed 13lb","""sm br"" → ""Small Breed"" | ""#"" → ""lb"""
6202,"food","BLUE B wilder lg br ck 24#","BLUE B wilder Large Breed Chicken 24lb","""ck"" → ""Chicken"" | ""lg br"" → ""Large Breed"" | ""#"" → ""lb"""
6203,"food","BLUE B basic salmon 4#","BLUE B basic salmon 4lb","""#"" → ""lb"""
6204,"food","BLUE B basic turkey 4#","BLUE B basic turkey 4lb","""#"" → ""lb"""
6205,"food","BLUE B basic sm br 4#","BLUE B basic Small Breed 4lb","""sm br"" → ""Small Breed"" | ""#"" → ""lb"""
6206,"food","BLUE B freedom sm br 4#","BLUE B freedom Small Breed 4lb","""sm br"" → ""Small Breed"" | ""#"" → ""lb"""
6207,"food","BLUE B freedom sm br 11#","BLUE B freedom Small Breed 11lb","""sm br"" → ""Small Breed"" | ""#"" → ""lb"""
6208,"food","BLUE B lg br 30#","BLUE B Large Breed 30lb","""lg br"" → ""Large Breed"" | ""#"" → ""lb"""
6209,"food","BLUE B lg br 15#","BLUE B Large Breed 15lb","""lg br"" → ""Large Breed"" | ""#"" → ""lb"""
6210,"food","BLUE B lg br h weight 30#","BLUE B Large Breed h weight 30lb","""lg br"" → ""Large Breed"" | ""#"" → ""lb"""
6211,"food","BLUE B lg br puppy 30#","BLUE B Large Breed puppy 30lb","""lg br"" → ""Large Breed"" | ""#"" → ""lb"""
6212,"food","BLUE B senior 15#","BLUE B senior 15lb","""#"" → ""lb"""
6213,"food","BLUE B senior 30#","BLUE B senior 30lb","""#"" → ""lb"""
6214,"food","BLUE B sm br senior 5#","BLUE B Small Breed senior 5lb","""sm br"" → ""Small Breed"" | ""#"" → ""lb"""
6215,"food","BLUE B sm br senior 15#","BLUE B Small Breed senior 15lb","""sm br"" → ""Small Breed"" | ""#"" → ""lb"""
6216,"food","BLUE B senior 5#","BLUE B senior 5lb","""#"" → ""lb"""
6217,"food","BLUE B sm br lamb 5#","BLUE B Small Breed lamb 5lb","""sm br"" → ""Small Breed"" | ""#"" → ""lb"""
6218,"food","BLUE B sm br lamb 15#","BLUE B Small Breed lamb 15lb","""sm br"" → ""Small Breed"" | ""#"" → ""lb"""
6219,"food","BLUE B sm br 5#","BLUE B Small Breed 5lb","""sm br"" → ""Small Breed"" | ""#"" → ""lb"""
6220,"food","BLUE B sm br 15#","BLUE B Small Breed 15lb","""sm br"" → ""Small Breed"" | ""#"" → ""lb"""
6221,"food","BLUE B lamb 5#","BLUE B lamb 5lb","""#"" → ""lb"""
6222,"food","BLUE B lamb 15#","BLUE B lamb 15lb","""#"" → ""lb"""
6223,"food","BLUE B lamb 30#","BLUE B lamb 30lb","""#"" → ""lb"""
6224,"food","BLUE B ck 5#","BLUE B Chicken 5lb","""ck"" → ""Chicken"" | ""#"" → ""lb"""
6225,"food","BLUE B ck 15#","BLUE B Chicken 15lb","""ck"" → ""Chicken"" | ""#"" → ""lb"""
6226,"food","BLUE B ck 30#","BLUE B Chicken 30lb","""ck"" → ""Chicken"" | ""#"" → ""lb"""
6227,"food","BLUE B sm bite 15#","BLUE B sm bite 15lb","""#"" → ""lb"""
6228,"food","BLUE B sm bite 30#","BLUE B sm bite 30lb","""#"" → ""lb"""
6229,"food","BLUE B puppy 5#","BLUE B puppy 5lb","""#"" → ""lb"""
6230,"food","BLUE B puppy 15#","BLUE B puppy 15lb","""#"" → ""lb"""
6231,"food","BLUE B sm br puppy 5#","BLUE B Small Breed puppy 5lb","""sm br"" → ""Small Breed"" | ""#"" → ""lb"""
6232,"food","ACANA wh gr sea 4#","ACANA wh gr sea 4lb","""#"" → ""lb"""
6233,"food","ACANA butch ck 17#","ACANA butch Chicken 17lb","""ck"" → ""Chicken"" | ""#"" → ""lb"""
6234,"food","ACANA butch ck 4#","ACANA butch Chicken 4lb","""ck"" → ""Chicken"" | ""#"" → ""lb"""
6235,"food","ACANA butch beef 4#","ACANA butch beef 4lb","""#"" → ""lb"""
6236,"food","ACANA butch salmon 4#","ACANA butch salmon 4lb","""#"" → ""lb"""
6237,"food","ACANA wh gr duck 4#","ACANA wh gr duck 4lb","""#"" → ""lb"""
6238,"food","ORIJEN fit & trim 4.5#","ORIJEN fit & trim 4.5lb","""#"" → ""lb"""
6239,"food","ORIJEN fit &  trim 23.5#","ORIJEN fit &  trim 23.5lb","""#"" → ""lb"""
6240,"food","ORIJEN region 4.5#","ORIJEN region 4.5lb","""#"" → ""lb"""
6241,"food","ORIJEN region 13#","ORIJEN region 13lb","""#"" → ""lb"""
6242,"food","ORIJEN lg br puppy 23.5#","ORIJEN Large Breed puppy 23.5lb","""lg br"" → ""Large Breed"" | ""#"" → ""lb"""
6243,"food","ORIJEN six fish 13#","ORIJEN six fish 13lb","""#"" → ""lb"""
6244,"food","ORIJEN six fish 23.5#","ORIJEN six fish 23.5lb","""#"" → ""lb"""
6245,"food","ORIJEN orig 13#","ORIJEN orig 13lb","""#"" → ""lb"""
6246,"food","ORIJEN orig 23.5#","ORIJEN orig 23.5lb","""#"" → ""lb"""
6247,"food","ORIJEN sm br 4#","ORIJEN Small Breed 4lb","""sm br"" → ""Small Breed"" | ""#"" → ""lb"""
6249,"food","RED B lg br puppy gr fr 22#","RED B Large Breed puppy gr fr 22lb","""lg br"" → ""Large Breed"" | ""#"" → ""lb"""
6250,"food","RED B sky wh gr 4#","RED B sky wh gr 4lb","""#"" → ""lb"""
6251,"food","RED B sky wh gr 22#","RED B sky wh gr 22lb","""#"" → ""lb"""
6252,"food","RED B sky gr fr 4#","RED B sky gr fr 4lb","""#"" → ""lb"""
6253,"food","RED B sky gr fr 22#","RED B sky gr fr 22lb","""#"" → ""lb"""
6254,"food","RED B puppy wh gr 22#","RED B puppy wh gr 22lb","""#"" → ""lb"""
6255,"food","RED B land who gr 4#","RED B land who gr 4lb","""#"" → ""lb"""
6256,"food","RED B land wh gr 22#","RED B land wh gr 22lb","""#"" → ""lb"""
6257,"food","RED B land gr fr 4#","RED B land gr fr 4lb","""#"" → ""lb"""
6258,"food","RED B land gr fr 22#","RED B land gr fr 22lb","""#"" → ""lb"""
6259,"food","RED B ocean gr fr 4#","RED B ocean gr fr 4lb","""#"" → ""lb"""
6260,"food","RED B ocean gr fr 22#","RED B ocean gr fr 22lb","""#"" → ""lb"""
6261,"food","RED B ocean wh gr 22#","RED B ocean wh gr 22lb","""#"" → ""lb"""
6262,"food","REDE B puppy wh gr 4#","REDE B puppy wh gr 4lb","""#"" → ""lb"""
6263,"food","RED b lg br gr fr 15#","RED b Large Breed gr fr 15lb","""lg br"" → ""Large Breed"" | ""#"" → ""lb"""
6264,"food","RED B puppy gr fr 4#","RED B puppy gr fr 4lb","""#"" → ""lb"""
6265,"food","RED B lg br wh gr 15#","RED B Large Breed wh gr 15lb","""lg br"" → ""Large Breed"" | ""#"" → ""lb"""
6266,"food","RED B lg br wh gr 22#","RED B Large Breed wh gr 22lb","""lg br"" → ""Large Breed"" | ""#"" → ""lb"""
6267,"food","RED B lg br gr fr 22#","RED B Large Breed gr fr 22lb","""lg br"" → ""Large Breed"" | ""#"" → ""lb"""
6268,"food","NUTRI SOU sm puppy 1.5#","NUTRI SOU sm puppy 1.5lb","""#"" → ""lb"""
6269,"food","NUTRI SOU sm puppy 4#","NUTRI SOU sm puppy 4lb","""#"" → ""lb"""
6270,"food","NUTRI SOU sm pyppu 26#","NUTRI SOU sm pyppu 26lb","""#"" → ""lb"""
6271,"food","NUTRI SOU lb br puppy 4#","NUTRI SOU lb br puppy 4lb","""#"" → ""lb"""
6272,"food","NUTRI SOU lg br puppy 12#","NUTRI SOU Large Breed puppy 12lb","""lg br"" → ""Large Breed"" | ""#"" → ""lb"""
6273,"food","NUTRI SOU lg br puppy 26#","NUTRI SOU Large Breed puppy 26lb","""lg br"" → ""Large Breed"" | ""#"" → ""lb"""
6274,"food","NUTRI SOU ck 4#","NUTRI SOU Chicken 4lb","""ck"" → ""Chicken"" | ""#"" → ""lb"""
6275,"food","NUTRI SOU ck 12#","NUTRI SOU Chicken 12lb","""ck"" → ""Chicken"" | ""#"" → ""lb"""
6276,"food","NUTRI SOU ck 26#","NUTRI SOU Chicken 26lb","""ck"" → ""Chicken"" | ""#"" → ""lb"""
6277,"food","NUTRI SOU lg br 26#","NUTRI SOU Large Breed 26lb","""lg br"" → ""Large Breed"" | ""#"" → ""lb"""
6278,"food","NUTRI SOU sm bite 4#","NUTRI SOU sm bite 4lb","""#"" → ""lb"""
6279,"food","NUTRI SOU sm bite 12#","NUTRI SOU sm bite 12lb","""#"" → ""lb"""
6280,"food","NUTRI SOU weight 4#","NUTRI SOU weight 4lb","""#"" → ""lb"""
6281,"food","NUTRI SOU weight 12#","NUTRI SOU weight 12lb","""#"" → ""lb"""
6282,"food","NUTRI SOU weight 26#","NUTRI SOU weight 26lb","""#"" → ""lb"""
6283,"food","NUTR SOU senior 4#","NUTR SOU senior 4lb","""#"" → ""lb"""
6284,"food","NUTRI SOU senior 12#","NUTRI SOU senior 12lb","""#"" → ""lb"""
6285,"food","NUTRI SOU senior 26#","NUTRI SOU senior 26lb","""#"" → ""lb"""
6286,"food","NUTR SOU beef 4#","NUTR SOU beef 4lb","""#"" → ""lb"""
6287,"food","NUTRI SOU beef 12#","NUTRI SOU beef 12lb","""#"" → ""lb"""
6288,"food","NUTRI SOU beef 26#","NUTRI SOU beef 26lb","""#"" → ""lb"""
6289,"food","NUTRI SOU lamb 4#","NUTRI SOU lamb 4lb","""#"" → ""lb"""
6290,"food","NUTRI SOU lamb 12#","NUTRI SOU lamb 12lb","""#"" → ""lb"""
6291,"food","NUTRI SOU lamb 26#","NUTRI SOU lamb 26lb","""#"" → ""lb"""
6292,"food","NUTRI SOU lg br lamb 26#","NUTRI SOU Large Breed lamb 26lb","""lg br"" → ""Large Breed"" | ""#"" → ""lb"""
6293,"food","NUTRI SOU gr fr lamb 4#","NUTRI SOU gr fr lamb 4lb","""#"" → ""lb"""
6294,"food","NUTRI SOU gr fr lamb 12#","NUTRI SOU gr fr lamb 12lb","""#"" → ""lb"""
6295,"food","NUTRI SOU gr fr lamb 26#","NUTRI SOU gr fr lamb 26lb","""#"" → ""lb"""
6296,"food","NUTRI SOU sm bite seaf 4#","NUTRI SOU sm bite seaf 4lb","""#"" → ""lb"""
6297,"food","NUTRI SOU sm bite seaf 15#","NUTRI SOU sm bite seaf 15lb","""#"" → ""lb"""
6298,"food","NUTRI SOU seaf 4#","NUTRI SOU seaf 4lb","""#"" → ""lb"""
6299,"food","NUTRI SOUR seaf 15#","NUTRI SOUR seaf 15lb","""#"" → ""lb"""
6300,"food","NUTRI SOUR gr fr weight 4#","NUTRI SOUR gr fr weight 4lb","""#"" → ""lb"""
6301,"food","NUTRI SOU gr fr weight 12#","NUTRI SOU gr fr weight 12lb","""#"" → ""lb"""
6302,"food","NUTRI SOU gr fr weight 26#","NUTRI SOU gr fr weight 26lb","""#"" → ""lb"""
6303,"food","NUTRI SOU gr fr senior 4#","NUTRI SOU gr fr senior 4lb","""#"" → ""lb"""
6304,"food","NUTRI SOU gr fr senior 12#","NUTRI SOU gr fr senior 12lb","""#"" → ""lb"""
6305,"food","NUTRI SOU lg br gr fr lamb 26#","NUTRI SOU Large Breed gr fr lamb 26lb","""lg br"" → ""Large Breed"" | ""#"" → ""lb"""
6306,"food","NUTRI SOU gr fr sm puppy 4#","NUTRI SOU gr fr sm puppy 4lb","""#"" → ""lb"""
6307,"food","NUTRI SOU perfor 40#","NUTRI SOU perfor 40lb","""#"" → ""lb"""
6308,"food","NUTRI SOU choice fish 30#","NUTRI SOU choice fish 30lb","""#"" → ""lb"""
6309,"food","NUTRI SOU choice ck 30#","NUTRI SOU choice Chicken 30lb","""ck"" → ""Chicken"" | ""#"" → ""lb"""
6310,"food","NUTRI SOU open waters 4#","NUTRI SOU open waters 4lb","""#"" → ""lb"""
6311,"food","PURE VITA gr fr salm & pea 5#","PURE VITA gr fr Salmon & pea 5lb","""salm"" → ""Salmon"" | ""#"" → ""lb"""
6312,"food","PURE VITA gr fr salm & pea 12#","PURE VITA gr fr Salmon & pea 12lb","""salm"" → ""Salmon"" | ""#"" → ""lb"""
6313,"food","PURE VITA gr fr salm & pea 25#","PURE VITA gr fr Salmon & pea 25lb","""salm"" → ""Salmon"" | ""#"" → ""lb"""
6314,"food","PURE VITA ck & br rice 5#","PURE VITA Chicken & br rice 5lb","""ck"" → ""Chicken"" | ""#"" → ""lb"""
6315,"food","PURE VITA sm bi gr fr turkey 4#","PURE VITA sm bi gr fr turkey 4lb","""#"" → ""lb"""
6316,"food","PURE VITA turkey gr fr 4#","PURE VITA turkey gr fr 4lb","""#"" → ""lb"""
6317,"food","PURE VITA turkey gr fe 12#","PURE VITA turkey gr fe 12lb","""#"" → ""lb"""
6318,"food","PURE VITA gr fr yurkey 25#","PURE VITA gr fr yurkey 25lb","""#"" → ""lb"""
6319,"food","PURE VITA gr fr beef 4#","PURE VITA gr fr beef 4lb","""#"" → ""lb"""
6320,"food","PURE VITA gr fr beef 25#","PURE VITA gr fr beef 25lb","""#"" → ""lb"""
6321,"food","MAX BULLY 5#","MAX BULLY 5lb","""#"" → ""lb"""
6322,"food","MAX BULLY 30#","MAX BULLY 30lb","""#"" → ""lb"""
6323,"food","EUK sm br puppy 4.5#","EUK Small Breed puppy 4.5lb","""sm br"" → ""Small Breed"" | ""#"" → ""lb"""
6324,"food","EUK sm br puppy 15#","EUK Small Breed puppy 15lb","""sm br"" → ""Small Breed"" | ""#"" → ""lb"""
6325,"food","EUK sm br 4.5#","EUK Small Breed 4.5lb","""sm br"" → ""Small Breed"" | ""#"" → ""lb"""
6326,"food","EUK med br 16#","EUK med br 16lb","""#"" → ""lb"""
6327,"food","EUK lg br 30#","EUK Large Breed 30lb","""lg br"" → ""Large Breed"" | ""#"" → ""lb"""
6328,"food","EUK lg br lamb 30#","EUK Large Breed lamb 30lb","""lg br"" → ""Large Breed"" | ""#"" → ""lb"""
6329,"food","EARTHBORN meadow 25#","EARTHBORN meadow 25lb","""#"" → ""lb"""
6330,"food","EARTHBORN coastal catch 12.5#","EARTHBORN coastal catch 12.5lb","""#"" → ""lb"""
6331,"food","EARTHBORN coastal catch 25#","EARTHBORN coastal catch 25lb","""#"" → ""lb"""
6332,"food","WELLN sm br weight 4#","WELLN Small Breed weight 4lb","""sm br"" → ""Small Breed"" | ""#"" → ""lb"""
6333,"food","WELLN sm br turk 4#","WELLN Small Breed turk 4lb","""sm br"" → ""Small Breed"" | ""#"" → ""lb"""
6334,"food","WELLN sm br core 12#","WELLN Small Breed core 12lb","""sm br"" → ""Small Breed"" | ""#"" → ""lb"""
6335,"food","WELLN wh fish 26#","WELLN wh fish 26lb","""#"" → ""lb"""
6336,"food","IAMS mini chu 7#","IAMS mini chu 7lb","""#"" → ""lb"""
6337,"food","IAMS mini chu 15#","IAMS mini chu 15lb","""#"" → ""lb"""
6338,"food","IAMS mini chu 30#","IAMS mini chu 30lb","""#"" → ""lb"""
6339,"food","IAMS sm br 7#","IAMS Small Breed 7lb","""sm br"" → ""Small Breed"" | ""#"" → ""lb"""
6340,"food","IAMS lg br puppy 15#","IAMS Large Breed puppy 15lb","""lg br"" → ""Large Breed"" | ""#"" → ""lb"""
6341,"food","CANIDAE als salm 5#","CANIDAE als Salmon 5lb","""salm"" → ""Salmon"" | ""#"" → ""lb"""
6343,"food","PRO PLAN sm br sensit 4#","PRO PLAN Small Breed sensit 4lb","""sm br"" → ""Small Breed"" | ""#"" → ""lb"""
6344,"food","FROMM ancient 15#","FROMM ancient 15lb","""#"" → ""lb"""
6345,"food","FROMM lamb 12#","FROMM lamb 12lb","""#"" → ""lb"""
6346,"food","FROMM rancharosa 12#","FROMM rancharosa 12lb","""#"" → ""lb"""
6347,"food","PRO PLAN sensit puppy salm 15#","PRO PLAN sensit puppy Salmon 15lb","""salm"" → ""Salmon"" | ""#"" → ""lb"""
6348,"food","PRO PLAN sensi sm br 15#","PRO PLAN sensi Small Breed 15lb","""sm br"" → ""Small Breed"" | ""#"" → ""lb"""
6349,"food","PRO PLAN sensi salm 4#","PRO PLAN sensi Salmon 4lb","""salm"" → ""Salmon"" | ""#"" → ""lb"""
6350,"food","PRO PLAN sensi salm 16#","PRO PLAN sensi Salmon 16lb","""salm"" → ""Salmon"" | ""#"" → ""lb"""
6351,"food","PRO PLAN sensi salm 30#","PRO PLAN sensi Salmon 30lb","""salm"" → ""Salmon"" | ""#"" → ""lb"""
6352,"food","PRO PLAN sensi lam 4#","PRO PLAN sensi Lamb 4lb","""lam"" → ""Lamb"" | ""#"" → ""lb"""
6353,"food","PRO PLAN sensi lam 24#","PRO PLAN sensi Lamb 24lb","""lam"" → ""Lamb"" | ""#"" → ""lb"""
6354,"food","PRO PLAN weight shred 6#","PRO PLAN weight shred 6lb","""#"" → ""lb"""
6355,"food","PRO PLAN weight shred 18#","PRO PLAN weight shred 18lb","""#"" → ""lb"""
6356,"food","PRO PLAN weight shred 34#","PRO PLAN weight shred 34lb","""#"" → ""lb"""
6357,"food","PRO PLAN weight 18#","PRO PLAN weight 18lb","""#"" → ""lb"""
6358,"food","PRO PLAN weight 34#","PRO PLAN weight 34lb","""#"" → ""lb"""
6359,"food","PRO PLAN ck shred 6#","PRO PLAN Chicken shred 6lb","""ck"" → ""Chicken"" | ""#"" → ""lb"""
6360,"food","PRO PLAN ck 30/20 18#","PRO PLAN Chicken 30/20 18lb","""ck"" → ""Chicken"" | ""#"" → ""lb"""
6361,"food","PRO PLAN ck 30/20 37.5#","PRO PLAN Chicken 30/20 37.5lb","""ck"" → ""Chicken"" | ""#"" → ""lb"""
6362,"food","PRO PLAN beef shred 5#","PRO PLAN beef shred 5lb","""#"" → ""lb"""
6363,"food","PRO PLAN beef shred 15#","PRO PLAN beef shred 15lb","""#"" → ""lb"""
6364,"food","PRO PLAN beef shred 35#","PRO PLAN beef shred 35lb","""#"" → ""lb"""
6365,"food","PRO PLAN ck shred 15#","PRO PLAN Chicken shred 15lb","""ck"" → ""Chicken"" | ""#"" → ""lb"""
6366,"food","PRO PLAN ck shred 35#","PRO PLAN Chicken shred 35lb","""ck"" → ""Chicken"" | ""#"" → ""lb"""
6367,"food","PRO PLAN lamb shred 5#","PRO PLAN lamb shred 5lb","""#"" → ""lb"""
6368,"food","PRO PLAN lamb shred 15#","PRO PLAN lamb shred 15lb","""#"" → ""lb"""
6369,"food","PRO PLAN lamb shred 35#","PRO PLAN lamb shred 35lb","""#"" → ""lb"""
6370,"food","PRO PLAN sm br ck shred 6#","PRO PLAN Small Breed Chicken shred 6lb","""ck"" → ""Chicken"" | ""sm br"" → ""Small Breed"" | ""#"" → ""lb"""
6371,"food","PRO PLAN sm br ck shred 18#","PRO PLAN Small Breed Chicken shred 18lb","""ck"" → ""Chicken"" | ""sm br"" → ""Small Breed"" | ""#"" → ""lb"""
6372,"food","PRO PLAN sm br ck 6#","PRO PLAN Small Breed Chicken 6lb","""ck"" → ""Chicken"" | ""sm br"" → ""Small Breed"" | ""#"" → ""lb"""
6373,"food","PRO PLAN sm br 18#","PRO PLAN Small Breed 18lb","""sm br"" → ""Small Breed"" | ""#"" → ""lb"""
6374,"food","PRO PLAN toy 5#","PRO PLAN toy 5lb","""#"" → ""lb"""
6375,"food","PRO PLAN lg br 18#","PRO PLAN Large Breed 18lb","""lg br"" → ""Large Breed"" | ""#"" → ""lb"""
6376,"food","PRO PLAN lg br 34#","PRO PLAN Large Breed 34lb","""lg br"" → ""Large Breed"" | ""#"" → ""lb"""
6377,"food","PRO PLAN lg br puppy 18#","PRO PLAN Large Breed puppy 18lb","""lg br"" → ""Large Breed"" | ""#"" → ""lb"""
6378,"food","PRO PLAN lg br puppy 34#","PRO PLAN Large Breed puppy 34lb","""lg br"" → ""Large Breed"" | ""#"" → ""lb"""
6379,"food","PRO PLAN shred puppy 6#","PRO PLAN shred puppy 6lb","""#"" → ""lb"""
6380,"food","PRO PLAN shred puppy 18#","PRO PLAN shred puppy 18lb","""#"" → ""lb"""
6381,"food","PRO PLAN shred puppy 34#","PRO PLAN shred puppy 34lb","""#"" → ""lb"""
6382,"food","PRO PLAN puppy 6#","PRO PLAN puppy 6lb","""#"" → ""lb"""
6383,"food","PRO PLAN puppy 18#","PRO PLAN puppy 18lb","""#"" → ""lb"""
6384,"food","PRO PLAN puppy 34#","PRO PLAN puppy 34lb","""#"" → ""lb"""
6385,"food","PRO PLAN lamb puppy 6#","PRO PLAN lamb puppy 6lb","""#"" → ""lb"""
6386,"food","PROI PLAN lamb puppy 18#","PROI PLAN lamb puppy 18lb","""#"" → ""lb"""
6387,"food","PRO PLAN lamb puppy 34#","PRO PLAN lamb puppy 34lb","""#"" → ""lb"""
6388,"food","PRO PLAN toy puppy 5#","PRO PLAN toy puppy 5lb","""#"" → ""lb"""
6395,"food","VIT ESSEN ck min pat 14oz","VIT ESSEN Chicken min pat 14oz","""ck"" → ""Chicken"""
6396,"food","VIT ESSEN ck min nib 14oz","VIT ESSEN Chicken min nib 14oz","""ck"" → ""Chicken"""
6398,"food","VIT ESSEN ck ground top 6oz","VIT ESSEN Chicken ground top 6oz","""ck"" → ""Chicken"""
6400,"food","SHEP BOY ck fdr 14oz","SHEP BOY Chicken fdr 14oz","""ck"" → ""Chicken"""
6404,"food","PRIM kitr puppy 1.5#","PRIM kitr puppy 1.5lb","""#"" → ""lb"""
6405,"food","PRIM kitr puppy 9#","PRIM kitr puppy 9lb","""#"" → ""lb"""
6406,"food","PRIM kitr beef 1.5#","PRIM kitr beef 1.5lb","""#"" → ""lb"""
6407,"food","PRIM kitr ck 1.5#","PRIM kitr Chicken 1.5lb","""ck"" → ""Chicken"" | ""#"" → ""lb"""
6408,"food","PRIM kitr ck 9#","PRIM kitr Chicken 9lb","""ck"" → ""Chicken"" | ""#"" → ""lb"""
6409,"food","PRIM kitr fish 1.5#","PRIM kitr fish 1.5lb","""#"" → ""lb"""
6410,"food","NEXT LEVEL hi pro 30 50#","NEXT LEVEL hi pro 30 50lb","""#"" → ""lb"""
6419,"food","ACANA fd ck 14oz","ACANA fd Chicken 14oz","""ck"" → ""Chicken"""
6422,"food","VICT seniior 40#","VICT seniior 40lb","""#"" → ""lb"""
6423,"food","VICT hi energy 40#","VICT hi energy 40lb","""#"" → ""lb"""
6424,"food","VICT perfor 40#","VICT perfor 40lb","""#"" → ""lb"""
6425,"food","VICT yukon 30#","VICT yukon 30lb","""#"" → ""lb"""
6426,"food","VICT hi pro 50#","VICT hi pro 50lb","""#"" → ""lb"""
6427,"food","VICT prof 30#","VICT prof 30lb","""#"" → ""lb"""
6428,"food","VICT hi pro 30#","VICT hi pro 30lb","""#"" → ""lb"""
6429,"food","VICT hi pro 15#","VICT hi pro 15lb","""#"" → ""lb"""
6430,"food","VICT salm sensi 5#","VICT Salmon sensi 5lb","""salm"" → ""Salmon"" | ""#"" → ""lb"""
6431,"food","VICT sensi lam 5#","VICT sensi Lamb 5lb","""lam"" → ""Lamb"" | ""#"" → ""lb"""
6432,"food","VICT sensi lam 15#","VICT sensi Lamb 15lb","""lam"" → ""Lamb"" | ""#"" → ""lb"""
6433,"food","VICT lam & br rice 5#","VICT Lamb & br rice 5lb","""lam"" → ""Lamb"" | ""#"" → ""lb"""
6434,"food","VICT lam & rice 15#","VICT Lamb & rice 15lb","""lam"" → ""Lamb"" | ""#"" → ""lb"""
6435,"food","VICT lam & sw pot 5#","VICT Lamb & sw pot 5lb","""lam"" → ""Lamb"" | ""#"" → ""lb"""
6436,"food","VICT lam & sw pot 15#","VICT Lamb & sw pot 15lb","""lam"" → ""Lamb"" | ""#"" → ""lb"""
6437,"food","VICT lam & sw pot 30#","VICT Lamb & sw pot 30lb","""lam"" → ""Lamb"" | ""#"" → ""lb"""
6438,"food","VICT oce fish 40#","VICT oce fish 40lb","""#"" → ""lb"""
6439,"food","VICT multi 30#","VICT multi 30lb","""#"" → ""lb"""
6440,"food","VICT nutra pro 40#","VICT nutra pro 40lb","""#"" → ""lb"""
6441,"food","VICT beef 5#","VICT beef 5lb","""#"" → ""lb"""
6442,"food","VICT beef 15#","VICT beef 15lb","""#"" → ""lb"""
6443,"food","VICT beef 30#","VICT beef 30lb","""#"" → ""lb"""
6444,"food","VICT puppy 5#","VICT puppy 5lb","""#"" → ""lb"""
6445,"food","VICT puppt 30#","VICT puppt 30lb","""#"" → ""lb"""
6446,"food","WHOLSO sensi salm 30#","WHOLSO sensi Salmon 30lb","""salm"" → ""Salmon"" | ""#"" → ""lb"""
6447,"food","WHOLESO sensi 30#","WHOLESO sensi 30lb","""#"" → ""lb"""
6448,"food","VALU PAK 30/20 purpl 50#","VALU PAK 30/20 purpl 50lb","""#"" → ""lb"""
6449,"food","VALU PAK 28/20 bla 50#","VALU PAK 28/20 bla 50lb","""#"" → ""lb"""
6450,"food","VALU PAK 24/20 rd 50#","VALU PAK 24/20 rd 50lb","""#"" → ""lb"""
6451,"food","CANID multi 40#","CANID multi 40lb","""#"" → ""lb"""
6452,"food","SD flexi stix beef","Science Diet flexi stix beef","""SD"" → ""Science Diet"""
6453,"food","SD training","Science Diet training","""SD"" → ""Science Diet"""
6454,"food","SD flexi stix turk","Science Diet flexi stix turk","""SD"" → ""Science Diet"""
6455,"food","VICT ck & rice 13.2oz","VICT Chicken & rice 13.2oz","""ck"" → ""Chicken"""
6456,"food","VICT lam & rice 13.2oz","VICT Lamb & rice 13.2oz","""lam"" → ""Lamb"""
6457,"food","VICT ck & veg 13.2oz","VICT Chicken & veg 13.2oz","""ck"" → ""Chicken"""
6466,"food","FROMM clasic ck 12.5oz","FROMM clasic Chicken 12.5oz","""ck"" → ""Chicken"""
6468,"food","FROMM shred ck 12oz","FROMM shred Chicken 12oz","""ck"" → ""Chicken"""
6469,"food","FROMM ck frommb 12.5oz","FROMM Chicken frommb 12.5oz","""ck"" → ""Chicken"""
6472,"food","FROMM ck & sw pot 12.2oz","FROMM Chicken & sw pot 12.2oz","""ck"" → ""Chicken"""
6474,"food","FROMM tur duc & sw pot 12.2oz","FROMM tur Duck & sw pot 12.2oz","""duc"" → ""Duck"""
6478,"food","FROMM duc a la veg 12.2oz","FROMM Duck a la veg 12.2oz","""duc"" → ""Duck"""
6479,"food","FROMM salm & ck 12.2oz","FROMM Salmon & Chicken 12.2oz","""ck"" → ""Chicken"" | ""salm"" → ""Salmon"""
6480,"food","FROMM ck & duck 12.2oz","FROMM Chicken & duck 12.2oz","""ck"" → ""Chicken"""
6482,"food","FROMM ck 12.2oz","FROMM Chicken 12.2oz","""ck"" → ""Chicken"""
6483,"food","FROMM ck & ri 12.2oz","FROMM Chicken & ri 12.2oz","""ck"" → ""Chicken"""
6486,"food","FROMM lam & sw pot 12.2oz","FROMM Lamb & sw pot 12.2oz","""lam"" → ""Lamb"""
6490,"food","ZIGN tr & salm 13oz","ZIGN tr & Salmon 13oz","""salm"" → ""Salmon"""
6504,"food","\NUTRI SOUR gr fr ck 13oz","\NUTRI SOUR gr fr Chicken 13oz","""ck"" → ""Chicken"""
6508,"food","NUTRI SOUR ck lam & fish 13oz","NUTRI SOUR Chicken Lamb & fish 13oz","""ck"" → ""Chicken"" | ""lam"" → ""Lamb"""
6511,"food","NUTRI SOUR ck 12.3oz","NUTRI SOUR Chicken 12.3oz","""ck"" → ""Chicken"""
6515,"food","NUTRI SOUR pooch ck","NUTRI SOUR pooch Chicken","""ck"" → ""Chicken"""
6517,"food","NUTRI SOUR pv ck stew 12.5oz","NUTRI SOUR pv Chicken stew 12.5oz","""ck"" → ""Chicken"""
6525,"food","RED BARN ck stew 12oz","RED BARN Chicken stew 12oz","""ck"" → ""Chicken"""
6526,"food","PRO PLAN sen lg br pup sal 24#","PRO PLAN sen Large Breed Puppy sal 24lb","""lg br"" → ""Large Breed"" | ""pup"" → ""Puppy"" | ""#"" → ""lb"""
6527,"food","PRO PLAN lg br salm 34#","PRO PLAN Large Breed Salmon 34lb","""salm"" → ""Salmon"" | ""lg br"" → ""Large Breed"" | ""#"" → ""lb"""
6528,"food","PRO PLAN sen turk 16#","PRO PLAN sen turk 16lb","""#"" → ""lb"""
6529,"food","PRO PLAN shred sal 15#","PRO PLAN shred sal 15lb","""#"" → ""lb"""
6530,"food","NUTR SOUR seafood 26#","NUTR SOUR seafood 26lb","""#"" → ""lb"""
6533,"food","HEALTH EXTEN gen cook ck 9oz","HEALTH EXTEN gen cook Chicken 9oz","""ck"" → ""Chicken"""
6534,"food","HEALTH EXTEN gen cook lam 9oz","HEALTH EXTEN gen cook Lamb 9oz","""lam"" → ""Lamb"""
6538,"food","GREENIES sm top ck 2oz","GREENIES sm top Chicken 2oz","""ck"" → ""Chicken"""
6539,"food","GREENIUES sm to ck & beef 2oz","GREENIUES sm to Chicken & beef 2oz","""ck"" → ""Chicken"""
6540,"food","GREENIES sm top ck & gr bean 2oz","GREENIES sm top Chicken & gr bean 2oz","""ck"" → ""Chicken"""
6541,"food","GREENIES ck,duck 8/2oz","GREENIES Chicken,duck 8/2oz","""ck"" → ""Chicken"""
6542,"food","WELLNESS pt ent ck,gr be 3oz","WELLNESS pt Entree Chicken,gr be 3oz","""ck"" → ""Chicken"" | ""ent"" → ""Entree"""
6543,"food","WELLNESS pt ent roast ck 3oz","WELLNESS pt Entree roast Chicken 3oz","""ck"" → ""Chicken"" | ""ent"" → ""Entree"""
6546,"food","NUTRO cut grav ck 3.5oz","NUTRO cut grav Chicken 3.5oz","""ck"" → ""Chicken"""
6549,"food","WELLN lam stew 12.5oz","WELLN Lamb stew 12.5oz","""lam"" → ""Lamb"""
6552,"food","NAT BAL plant 13oz","Natural BAL plant 13oz","""NAT"" → ""Natural"""
6553,"food","NAT BAL duck 13.2oz","Natural BAL duck 13.2oz","""NAT"" → ""Natural"""
6554,"food","NAT BAL salmon 13oz","Natural BAL salmon 13oz","""NAT"" → ""Natural"""
6557,"food","ROYAL CAN pup 13.5oz","ROYAL CAN Puppy 13.5oz","""pup"" → ""Puppy"""
6559,"food","IAMS pup 13oz","IAMS Puppy 13oz","""pup"" → ""Puppy"""
6560,"food","SD pup ck stew 3.5oz","Science Diet Puppy Chicken stew 3.5oz","""SD"" → ""Science Diet"" | ""ck"" → ""Chicken"" | ""pup"" → ""Puppy"""
6561,"food","SD ck stew 3.5oz","Science Diet Chicken stew 3.5oz","""SD"" → ""Science Diet"" | ""ck"" → ""Chicken"""
6562,"food","SD beef stew 3.5oz","Science Diet beef stew 3.5oz","""SD"" → ""Science Diet"""
6563,"food","SD 7+ ck stew","Science Diet 7+ Chicken stew","""SD"" → ""Science Diet"" | ""ck"" → ""Chicken"""
6564,"food","SD pup beef 5.8oz","Science Diet Puppy beef 5.8oz","""SD"" → ""Science Diet"" | ""pup"" → ""Puppy"""
6565,"food","SD ck 5.8oz","Science Diet Chicken 5.8oz","""SD"" → ""Science Diet"" | ""ck"" → ""Chicken"""
6566,"food","SD beef 5.8oz","Science Diet beef 5.8oz","""SD"" → ""Science Diet"""
6567,"food","SD perf dig ck 5.8oz","Science Diet perf dig Chicken 5.8oz","""SD"" → ""Science Diet"" | ""ck"" → ""Chicken"""
6568,"food","SD 7+ beef 5.8oz","Science Diet 7+ beef 5.8oz","""SD"" → ""Science Diet"""
6569,"food","SD pup stew ck 12.5oz","Science Diet Puppy stew Chicken 12.5oz","""SD"" → ""Science Diet"" | ""ck"" → ""Chicken"" | ""pup"" → ""Puppy"""
6570,"food","SD ck stew 12.8oz","Science Diet Chicken stew 12.8oz","""SD"" → ""Science Diet"" | ""ck"" → ""Chicken"""
6571,"food","SD beef stew 12.8oz","Science Diet beef stew 12.8oz","""SD"" → ""Science Diet"""
6572,"food","SD ck 7+ stew 12.8oz","Science Diet Chicken 7+ stew 12.8oz","""SD"" → ""Science Diet"" | ""ck"" → ""Chicken"""
6573,"food","SD beef 7+ 12.8oz","Science Diet beef 7+ 12.8oz","""SD"" → ""Science Diet"""
6574,"food","SD heal cuis ck 12.5oz","Science Diet heal cuis Chicken 12.5oz","""SD"" → ""Science Diet"" | ""ck"" → ""Chicken"""
6575,"food","SD heal cuis 7+ ck 12.5oz","Science Diet heal cuis 7+ Chicken 12.5oz","""SD"" → ""Science Diet"" | ""ck"" → ""Chicken"""
6576,"food","SD heal cuis beef 12.5oz","Science Diet heal cuis beef 12.5oz","""SD"" → ""Science Diet"""
6577,"food","SD heal cuis 7+ beef 12.5oz","Science Diet heal cuis 7+ beef 12.5oz","""SD"" → ""Science Diet"""
6578,"food","SD sensi ck 12.8oz","Science Diet sensi Chicken 12.8oz","""SD"" → ""Science Diet"" | ""ck"" → ""Chicken"""
6579,"food","SD sensi turk stew 12.5oz","Science Diet sensi turk stew 12.5oz","""SD"" → ""Science Diet"""
6580,"food","SD sensi pup sal 12.5oz","Science Diet sensi Puppy sal 12.5oz","""SD"" → ""Science Diet"" | ""pup"" → ""Puppy"""
6581,"food","SD perf dig ck 12.8oz","Science Diet perf dig Chicken 12.8oz","""SD"" → ""Science Diet"" | ""ck"" → ""Chicken"""
6582,"food","SD perf dig ck stew 12.8oz","Science Diet perf dig Chicken stew 12.8oz","""SD"" → ""Science Diet"" | ""ck"" → ""Chicken"""
6583,"food","SD vita ck stew 12.5oz","Science Diet vita Chicken stew 12.5oz","""SD"" → ""Science Diet"" | ""ck"" → ""Chicken"""
6584,"food","SD 7+ turk 13oz","Science Diet 7+ turk 13oz","""SD"" → ""Science Diet"""
6585,"food","SD 7+ beef 13oz","Science Diet 7+ beef 13oz","""SD"" → ""Science Diet"""
6586,"food","SD 7+ ck 13oz","Science Diet 7+ Chicken 13oz","""SD"" → ""Science Diet"" | ""ck"" → ""Chicken"""
6587,"food","SD perf weight sal stew 12.5oz","Science Diet perf weight sal stew 12.5oz","""SD"" → ""Science Diet"""
6588,"food","SD perf weight ck 12.5oz","Science Diet perf weight Chicken 12.5oz","""SD"" → ""Science Diet"" | ""ck"" → ""Chicken"""
6589,"food","SD perf weight ck stew 12.5oz","Science Diet perf weight Chicken stew 12.5oz","""SD"" → ""Science Diet"" | ""ck"" → ""Chicken"""
6590,"food","SD salm 13oz","Science Diet Salmon 13oz","""SD"" → ""Science Diet"" | ""salm"" → ""Salmon"""
6591,"food","SD ck & beef 13oz","Science Diet Chicken & beef 13oz","""SD"" → ""Science Diet"" | ""ck"" → ""Chicken"""
6592,"food","SD beef 13oz","Science Diet beef 13oz","""SD"" → ""Science Diet"""
6593,"food","SD ck 13oz","Science Diet Chicken 13oz","""SD"" → ""Science Diet"" | ""ck"" → ""Chicken"""
6594,"food","SD pup 13oz","Science Diet Puppy 13oz","""SD"" → ""Science Diet"" | ""pup"" → ""Puppy"""
6595,"food","BL BUF ck stew 12.5oz","BL BUF Chicken stew 12.5oz","""ck"" → ""Chicken"""
6600,"food","BL BUF wild pup 12.5oz","BL BUF wild Puppy 12.5oz","""pup"" → ""Puppy"""
6603,"food","BL BUF wild b&ck 12.5oz","BL BUF wild b&Chicken 12.5oz","""ck"" → ""Chicken"""
6608,"food","BL BUF free pup 12.5oz","BL BUF free Puppy 12.5oz","""pup"" → ""Puppy"""
6615,"food","SD ck stew 12.5oz","Science Diet Chicken stew 12.5oz","""SD"" → ""Science Diet"" | ""ck"" → ""Chicken"""
6617,"food","BL BUF ck 12.5 oz","BL BUF Chicken 12.5 oz","""ck"" → ""Chicken"""
6618,"food","BL BUF pup 12.5oz","BL BUF Puppy 12.5oz","""pup"" → ""Puppy"""
6619,"food","BL BUF delight gr ck 3.5oz","BL BUF delight gr Chicken 3.5oz","""ck"" → ""Chicken"""
6621,"food","BL BUF delight ro ck 3.5oz","BL BUF delight ro Chicken 3.5oz","""ck"" → ""Chicken"""
6623,"food","EUK ck & be 12.5 oz","EUK Chicken & be 12.5 oz","""ck"" → ""Chicken"""
6627,"food","CAND ck 13oz","CAND Chicken 13oz","""ck"" → ""Chicken"""
6629,"food","PRO PLAN pup 5.5oz","PRO PLAN Puppy 5.5oz","""pup"" → ""Puppy"""
6630,"food","PRO PLAN pup 13oz","PRO PLAN Puppy 13oz","""pup"" → ""Puppy"""
6631,"food","PRO PLAN pup turk 13oz","PRO PLAN Puppy turk 13oz","""pup"" → ""Puppy"""
6632,"food","PRO PLAN lg br beef 13oz","PRO PLAN Large Breed beef 13oz","""lg br"" → ""Large Breed"""
6633,"food","PRO PLAN lg br 13oz","PRO PLAN Large Breed 13oz","""lg br"" → ""Large Breed"""
6634,"food","PRO PLAN ck & ri 13oz","PRO PLAN Chicken & ri 13oz","""ck"" → ""Chicken"""
6637,"food","PRO PLAN ck & car 13oz","PRO PLAN Chicken & car 13oz","""ck"" → ""Chicken"""
6641,"food","PRO PLAN lam & veg 13oz","PRO PLAN Lamb & veg 13oz","""lam"" → ""Lamb"""
6644,"food","PRO PLAN ck & veg 13oz","PRO PLAN Chicken & veg 13oz","""ck"" → ""Chicken"""
6645,"food","ZIGN trout & salm 4#","ZIGN trout & Salmon 4lb","""salm"" → ""Salmon"" | ""#"" → ""lb"""
6646,"food","ZIGN trout & salm 12.5#","ZIGN trout & Salmon 12.5lb","""salm"" → ""Salmon"" | ""#"" → ""lb"""
6647,"food","ZIGN trout & salm 25#","ZIGN trout & Salmon 25lb","""salm"" → ""Salmon"" | ""#"" → ""lb"""
6648,"food","ZIGN sele trout & salm 12.5#","ZIGN sele trout & Salmon 12.5lb","""salm"" → ""Salmon"" | ""#"" → ""lb"""
6649,"food","ZIGN zssen 25#","ZIGN zssen 25lb","""#"" → ""lb"""
6650,"food","ZIGN kanga 4#","ZIGN kanga 4lb","""#"" → ""lb"""
6651,"food","ZIGN kanga 12.5#","ZIGN kanga 12.5lb","""#"" → ""lb"""
6652,"food","ZIGN kanga 25#","ZIGN kanga 25lb","""#"" → ""lb"""
6653,"food","ZIGN lamb 4#","ZIGN lamb 4lb","""#"" → ""lb"""
6654,"food","ZIGN lamb 12.5#","ZIGN lamb 12.5lb","""#"" → ""lb"""
6655,"food","ZIGN lamb 25#","ZIGN lamb 25lb","""#"" → ""lb"""
6656,"food","ZIGN salm 4#","ZIGN Salmon 4lb","""salm"" → ""Salmon"" | ""#"" → ""lb"""
6657,"food","ZIGN salm 12.5#","ZIGN Salmon 12.5lb","""salm"" → ""Salmon"" | ""#"" → ""lb"""
6658,"food","ZIGN turk 4#","ZIGN turk 4lb","""#"" → ""lb"""
6659,"food","ZIGN turk 25#","ZIGN turk 25lb","""#"" → ""lb"""
6660,"food","HEALTH EXTEN buf 4#","HEALTH EXTEN buf 4lb","""#"" → ""lb"""
6661,"food","HEALTH EXTEN lil buff 10#","HEALTH EXTEN lil buff 10lb","""#"" → ""lb"""
6662,"food","HEALTH EXTEN buf 10#","HEALTH EXTEN buf 10lb","""#"" → ""lb"""
6663,"food","CAT CHOW ind 3.15#","CAT CHOW Indoor 3.15lb","""ind"" → ""Indoor"" | ""#"" → ""lb"""
6664,"food","CAT CHOW 3.15#","CAT CHOW 3.15lb","""#"" → ""lb"""
6665,"food","KITTEN CHOW 3.15#","KITTEN CHOW 3.15lb","""#"" → ""lb"""
6666,"food","PRO PLAN live clear 5.5#","PRO PLAN live clear 5.5lb","""#"" → ""lb"""
6667,"food","PRO PLAN cat ck & ri 3.5#","PRO PLAN cat Chicken & ri 3.5lb","""ck"" → ""Chicken"" | ""#"" → ""lb"""
6668,"food","PRO PLAN cat ck & ri 16#","PRO PLAN cat Chicken & ri 16lb","""ck"" → ""Chicken"" | ""#"" → ""lb"""
6669,"food","DIAM kitten 6#","DIAM kitten 6lb","""#"" → ""lb"""
6670,"food","DIAM indoor 6#","DIAM indoor 6lb","""#"" → ""lb"""
6671,"food","DIAM cat maint 6#","DIAM cat maint 6lb","""#"" → ""lb"""
6672,"food","DIAM cat maint 20#","DIAM cat maint 20lb","""#"" → ""lb"""
6673,"food","KITTEN CHOW 14#","KITTEN CHOW 14lb","""#"" → ""lb"""
6674,"food","CAT CHOW ind 15#","CAT CHOW Indoor 15lb","""ind"" → ""Indoor"" | ""#"" → ""lb"""
6675,"food","CAT CHOW 15#","CAT CHOW 15lb","""#"" → ""lb"""
6676,"food","VIT ESSEN cat ck min nib 12oz","VIT ESSEN cat Chicken min nib 12oz","""ck"" → ""Chicken"""
6679,"food","SD 7+ sm min ck 5.8oz","Science Diet 7+ sm min Chicken 5.8oz","""SD"" → ""Science Diet"" | ""ck"" → ""Chicken"""
6680,"food","VIT ESSEN cat ck pat 8oz","VIT ESSEN cat Chicken pat 8oz","""ck"" → ""Chicken"""
6688,"food","DIAM cat ck 5.5oz","DIAM cat Chicken 5.5oz","""ck"" → ""Chicken"""
6689,"food","TUFFY'S cat ck&tun 5.5oz","TUFFY'S cat Chicken&tun 5.5oz","""ck"" → ""Chicken"""
6691,"food","NUTRI SOUR cat ck,tu&lam 5.5oz","NUTRI SOUR cat Chicken,tu&Lamb 5.5oz","""ck"" → ""Chicken"" | ""lam"" → ""Lamb"""
6694,"food","NUTRI SOUR cat ck 5.5oz","NUTRI SOUR cat Chicken 5.5oz","""ck"" → ""Chicken"""
6695,"food","PRO PLAN kitten ck 3oz","PRO PLAN kitten Chicken 3oz","""ck"" → ""Chicken"""
6696,"food","PRO PLAN cat ck 3oz","PRO PLAN cat Chicken 3oz","""ck"" → ""Chicken"""
6698,"food","PRO PLAN cat salm 3oz","PRO PLAN cat Salmon 3oz","""salm"" → ""Salmon"""
6704,"food","PRO PLAN cat urin ck 3oz","PRO PLAN cat urin Chicken 3oz","""ck"" → ""Chicken"""
6706,"food","ORIJEN cat du&ck 3oz","ORIJEN cat du&Chicken 3oz","""ck"" → ""Chicken"""
6712,"food","FROM pur sni shred ck","FROM pur sni shred Chicken","""ck"" → ""Chicken"""
6713,"food","SD cat hair ck 2.9oz","Science Diet cat hair Chicken 2.9oz","""SD"" → ""Science Diet"" | ""ck"" → ""Chicken"""
6714,"food","SD cat tend ck 5.5oz","Science Diet cat tend Chicken 5.5oz","""SD"" → ""Science Diet"" | ""ck"" → ""Chicken"""
6715,"food","SD cat ck 5.5oz","Science Diet cat Chicken 5.5oz","""SD"" → ""Science Diet"" | ""ck"" → ""Chicken"""
6716,"food","SD cat turk 5.5oz","Science Diet cat turk 5.5oz","""SD"" → ""Science Diet"""
6717,"food","SD cat sen duck 2.9oz","Science Diet cat sen duck 2.9oz","""SD"" → ""Science Diet"""
6718,"food","SD cat sen ck 2.9oz","Science Diet cat sen Chicken 2.9oz","""SD"" → ""Science Diet"" | ""ck"" → ""Chicken"""
6719,"food","SD cat per weig 2.9oz","Science Diet cat per weig 2.9oz","""SD"" → ""Science Diet"""
6720,"food","SD cat per dig ck 2.9oz","Science Diet cat per dig Chicken 2.9oz","""SD"" → ""Science Diet"" | ""ck"" → ""Chicken"""
6721,"food","SD cat heal cuis tuna 2.9oz","Science Diet cat heal cuis tuna 2.9oz","""SD"" → ""Science Diet"""
6722,"food","SD kitten sen sal 2.9oz","Science Diet kitten sen sal 2.9oz","""SD"" → ""Science Diet"""
6723,"food","SD kitten turk 5.5oz","Science Diet kitten turk 5.5oz","""SD"" → ""Science Diet"""
6724,"food","SD kitten liv & ck 5.5oz","Science Diet kitten liv & Chicken 5.5oz","""SD"" → ""Science Diet"" | ""ck"" → ""Chicken"""
6725,"food","SD kitten liv & ck 2.9oz","Science Diet kitten liv & Chicken 2.9oz","""SD"" → ""Science Diet"" | ""ck"" → ""Chicken"""
6726,"food","SD kitten heal cuis 2.8oz","Science Diet kitten heal cuis 2.8oz","""SD"" → ""Science Diet"""
6727,"food","NUTRI SOUR cat ck,salm 4#","NUTRI SOUR cat Chicken,Salmon 4lb","""ck"" → ""Chicken"" | ""salm"" → ""Salmon"" | ""#"" → ""lb"""
6728,"food","NUTRI SOUR cat ck,salm 12#","NUTRI SOUR cat Chicken,Salmon 12lb","""ck"" → ""Chicken"" | ""salm"" → ""Salmon"" | ""#"" → ""lb"""
6729,"food","NUTRI SOUR cat ck 4#","NUTRI SOUR cat Chicken 4lb","""ck"" → ""Chicken"" | ""#"" → ""lb"""
6730,"food","NUTRI SOUR cat ck 12#","NUTRI SOUR cat Chicken 12lb","""ck"" → ""Chicken"" | ""#"" → ""lb"""
6731,"food","NUTRI SOUR cat weight 4#","NUTRI SOUR cat weight 4lb","""#"" → ""lb"""
6732,"food","NUTRI SOUR cat clasi catch 4#","NUTRI SOUR cat clasi catch 4lb","""#"" → ""lb"""
6733,"food","FROMM kitten 4#","FROMM kitten 4lb","""#"" → ""lb"""
6734,"food","FROMM kitten 10#","FROMM kitten 10lb","""#"" → ""lb"""
6735,"food","FROMM cat adult 4#","FROMM cat adult 4lb","""#"" → ""lb"""
6736,"food","FROMM cat adult 10#","FROMM cat adult 10lb","""#"" → ""lb"""
6737,"food","FROMM cat weight 4#","FROMM cat weight 4lb","""#"" → ""lb"""
6738,"food","FROMM cat weight 10#","FROMM cat weight 10lb","""#"" → ""lb"""
6739,"food","FROMM cat has duck 4#","FROMM cat has duck 4lb","""#"" → ""lb"""
6740,"food","FROMM cat has duck 10#","FROMM cat has duck 10lb","""#"" → ""lb"""
6741,"food","FROMM cat beef livin 4#","FROMM cat beef livin 4lb","""#"" → ""lb"""
6742,"food","FROMM beef livin 10#","FROMM beef livin 10lb","""#"" → ""lb"""
6743,"food","FROMM cat game 4#","FROMM cat game 4lb","""#"" → ""lb"""
6744,"food","FROMM cat game 10#","FROMM cat game 10lb","""#"" → ""lb"""
6745,"food","FROMM cat surf 4#","FROMM cat surf 4lb","""#"" → ""lb"""
6746,"food","FROMM cat saslm 4#","FROMM cat saslm 4lb","""#"" → ""lb"""
6747,"food","FROMM cat duck veg 10#","FROMM cat duck veg 10lb","""#"" → ""lb"""
6748,"food","FROMM pu sni salm 6oz","FROMM pu sni Salmon 6oz","""salm"" → ""Salmon"""
6751,"food","FROMM pur sni ck 4#","FROMM pur sni Chicken 4lb","""ck"" → ""Chicken"" | ""#"" → ""lb"""
6752,"food","FROMM pur sni ck 10#","FROMM pur sni Chicken 10lb","""ck"" → ""Chicken"" | ""#"" → ""lb"""
6753,"food","FROMM pur sni game 4#","FROMM pur sni game 4lb","""#"" → ""lb"""
6754,"food","FROMM pur sni game 10#","FROMM pur sni game 10lb","""#"" → ""lb"""
6755,"food","FROMM pur sni salm 4#","FROMM pur sni Salmon 4lb","""salm"" → ""Salmon"" | ""#"" → ""lb"""
6756,"food","FROMM pur sni 10#","FROMM pur sni 10lb","""#"" → ""lb"""
6757,"food","ORIJEN wi re kitten 3.5#","ORIJEN wi re kitten 3.5lb","""#"" → ""lb"""
6758,"food","ORIJEN kitten 4#","ORIJEN kitten 4lb","""#"" → ""lb"""
6759,"food","ORIJEN cat guard 4#","ORIJEN cat guard 4lb","""#"" → ""lb"""
6760,"food","ORIJEN reg red 4#","ORIJEN reg red 4lb","""#"" → ""lb"""
6761,"food","ORIJEN cat six 4#","ORIJEN cat six 4lb","""#"" → ""lb"""
6762,"food","ACANA cat ind herring 4#","ACANA cat Indoor herring 4lb","""ind"" → ""Indoor"" | ""#"" → ""lb"""
6763,"food","SD kitten 3.5#","Science Diet kitten 3.5lb","""SD"" → ""Science Diet"" | ""#"" → ""lb"""
6764,"food","SD kitten 7#","Science Diet kitten 7lb","""SD"" → ""Science Diet"" | ""#"" → ""lb"""
6765,"food","SD kitten fish 7#","Science Diet kitten fish 7lb","""SD"" → ""Science Diet"" | ""#"" → ""lb"""
6766,"food","SD cat salm 3.5#","Science Diet cat Salmon 3.5lb","""SD"" → ""Science Diet"" | ""salm"" → ""Salmon"" | ""#"" → ""lb"""
6767,"food","SD cat 7+ 4#","Science Diet cat 7+ 4lb","""SD"" → ""Science Diet"" | ""#"" → ""lb"""
6768,"food","SD cat 11+ 3.5#","Science Diet cat 11+ 3.5lb","""SD"" → ""Science Diet"" | ""#"" → ""lb"""
6769,"food","SD cat 4#","Science Diet cat 4lb","""SD"" → ""Science Diet"" | ""#"" → ""lb"""
6770,"food","SD cat 7#","Science Diet cat 7lb","""SD"" → ""Science Diet"" | ""#"" → ""lb"""
6771,"food","SD cat salm 7#","Science Diet cat Salmon 7lb","""SD"" → ""Science Diet"" | ""salm"" → ""Salmon"" | ""#"" → ""lb"""
6772,"food","SD cat light 4#","Science Diet cat light 4lb","""SD"" → ""Science Diet"" | ""#"" → ""lb"""
6773,"food","SD cat light 7#","Science Diet cat light 7lb","""SD"" → ""Science Diet"" | ""#"" → ""lb"""
6774,"food","SD cat 16#","Science Diet cat 16lb","""SD"" → ""Science Diet"" | ""#"" → ""lb"""
6775,"food","SD cast salm 15#","Science Diet cast Salmon 15lb","""SD"" → ""Science Diet"" | ""salm"" → ""Salmon"" | ""#"" → ""lb"""
6776,"food","SD cat light 16#","Science Diet cat light 16lb","""SD"" → ""Science Diet"" | ""#"" → ""lb"""
6777,"food","SD cat 11+ 15#","Science Diet cat 11+ 15lb","""SD"" → ""Science Diet"" | ""#"" → ""lb"""
6778,"food","SD indo kitten 3.5#","Science Diet indo kitten 3.5lb","""SD"" → ""Science Diet"" | ""#"" → ""lb"""
6779,"food","SD cat indo 3.5#","Science Diet cat indo 3.5lb","""SD"" → ""Science Diet"" | ""#"" → ""lb"""
6780,"food","SD cat hairba 3.5#","Science Diet cat hairba 3.5lb","""SD"" → ""Science Diet"" | ""#"" → ""lb"""
6781,"food","SD cat hairba 7#","Science Diet cat hairba 7lb","""SD"" → ""Science Diet"" | ""#"" → ""lb"""
6782,"food","SD cat urina 3.5#","Science Diet cat urina 3.5lb","""SD"" → ""Science Diet"" | ""#"" → ""lb"""
6783,"food","SD sen sto 3.5#","Science Diet sen sto 3.5lb","""SD"" → ""Science Diet"" | ""#"" → ""lb"""
6784,"food","SD kitten sen sto 3.5#","Science Diet kitten sen sto 3.5lb","""SD"" → ""Science Diet"" | ""#"" → ""lb"""
6785,"food","SD cat per dig ck3.5#","Science Diet cat per dig ck3.5lb","""SD"" → ""Science Diet"" | ""#"" → ""lb"""
6786,"food","SD cat per dig salm 3.5#","Science Diet cat per dig Salmon 3.5lb","""SD"" → ""Science Diet"" | ""salm"" → ""Salmon"" | ""#"" → ""lb"""
6787,"food","SD cat sen sto 7#","Science Diet cat sen sto 7lb","""SD"" → ""Science Diet"" | ""#"" → ""lb"""
6788,"food","SD cat urin 7#","Science Diet cat urin 7lb","""SD"" → ""Science Diet"" | ""#"" → ""lb"""
6789,"food","SD cat hairba 15.5#","Science Diet cat hairba 15.5lb","""SD"" → ""Science Diet"" | ""#"" → ""lb"""
6790,"food","SD cat indo 7#","Science Diet cat indo 7lb","""SD"" → ""Science Diet"" | ""#"" → ""lb"""
6791,"food","SD kitten indo 7#","Science Diet kitten indo 7lb","""SD"" → ""Science Diet"" | ""#"" → ""lb"""
6792,"food","SD cat 11+ 7#","Science Diet cat 11+ 7lb","""SD"" → ""Science Diet"" | ""#"" → ""lb"""
6793,"food","SD cat 7+ 7#","Science Diet cat 7+ 7lb","""SD"" → ""Science Diet"" | ""#"" → ""lb"""
6794,"food","SD cat 7+ 16#","Science Diet cat 7+ 16lb","""SD"" → ""Science Diet"" | ""#"" → ""lb"""
6795,"food","SD cat indo 7+ 3.5#","Science Diet cat indo 7+ 3.5lb","""SD"" → ""Science Diet"" | ""#"" → ""lb"""
6796,"food","SD cat indo 7+ 7#","Science Diet cat indo 7+ 7lb","""SD"" → ""Science Diet"" | ""#"" → ""lb"""
6797,"food","SD cat hairba 7+ 3.5#","Science Diet cat hairba 7+ 3.5lb","""SD"" → ""Science Diet"" | ""#"" → ""lb"""
6798,"food","SD cat hairba 7+ 7#","Science Diet cat hairba 7+ 7lb","""SD"" → ""Science Diet"" | ""#"" → ""lb"""
6799,"food","SD cat hairba light 7#","Science Diet cat hairba light 7lb","""SD"" → ""Science Diet"" | ""#"" → ""lb"""
6800,"food","SD cat sen sto 15.5#","Science Diet cat sen sto 15.5lb","""SD"" → ""Science Diet"" | ""#"" → ""lb"""
6801,"food","SD cat urin 15.5#","Science Diet cat urin 15.5lb","""SD"" → ""Science Diet"" | ""#"" → ""lb"""
6802,"food","SD cat hairba light 15.5#","Science Diet cat hairba light 15.5lb","""SD"" → ""Science Diet"" | ""#"" → ""lb"""
6803,"food","SD cat hairba 7+ 15.5#","Science Diet cat hairba 7+ 15.5lb","""SD"" → ""Science Diet"" | ""#"" → ""lb"""
6804,"food","SD cat indo 7+ 15.5#","Science Diet cat indo 7+ 15.5lb","""SD"" → ""Science Diet"" | ""#"" → ""lb"""
6805,"food","SD cat indo 15.5#","Science Diet cat indo 15.5lb","""SD"" → ""Science Diet"" | ""#"" → ""lb"""
6806,"food","SD cat per weight 15#","Science Diet cat per weight 15lb","""SD"" → ""Science Diet"" | ""#"" → ""lb"""
6807,"food","SPORTMIX cat  orig 15#","SPORTMIX cat  orig 15lb","""#"" → ""lb"""
6808,"food","SPORTMIX cat fish 12#","SPORTMIX cat fish 12lb","""#"" → ""lb"""
6809,"food","SPORTMIX cat gourmet 15#","SPORTMIX cat gourmet 15lb","""#"" → ""lb"""
6810,"food","IAMS cat sen 6#","IAMS cat sen 6lb","""#"" → ""lb"""
6811,"food","IAMS cat ck 7#","IAMS cat Chicken 7lb","""ck"" → ""Chicken"" | ""#"" → ""lb"""
6812,"food","IAMS kitten 3.5#","IAMS kitten 3.5lb","""#"" → ""lb"""
6813,"food","FUSSIE cat salm 10#","FUSSIE cat Salmon 10lb","""salm"" → ""Salmon"" | ""#"" → ""lb"""
6814,"food","Fussie cat salm 3.5#","Fussie cat Salmon 3.5lb","""salm"" → ""Salmon"" | ""#"" → ""lb"""
6815,"food","VICTOR cat hi pro 5#","VICTOR cat hi pro 5lb","""#"" → ""lb"""
6816,"food","TOW cat lowla 14#","TOW cat lowla 14lb","""#"" → ""lb"""
6817,"food","TOW cat lowla 5#","TOW cat lowla 5lb","""#"" → ""lb"""
6818,"food","TOW cat can riv 14#","TOW cat can riv 14lb","""#"" → ""lb"""
6819,"food","TOW cat can riv 5#","TOW cat can riv 5lb","""#"" → ""lb"""
6820,"food","TOW roc moun 14#","TOW roc moun 14lb","""#"" → ""lb"""
6821,"food","TOW roc moun 5#","TOW roc moun 5lb","""#"" → ""lb"""
6822,"food","BLUE BUF cat wild ck 6#","BLUE BUF cat wild Chicken 6lb","""ck"" → ""Chicken"" | ""#"" → ""lb"""
6823,"food","BLUE BUF kitten 7#","BLUE BUF kitten 7lb","""#"" → ""lb"""
6824,"food","BLUE BUF cat mature 7#","BLUE BUF cat mature 7lb","""#"" → ""lb"""
6825,"food","BLUE BUF cat sen 7#","BLUE BUF cat sen 7lb","""#"" → ""lb"""
6826,"food","BLUE BUF cat indo 7#","BLUE BUF cat indo 7lb","""#"" → ""lb"""
6832,"food","FUSSIE CAT tuna, salm 2.47oz","FUSSIE CAT tuna, Salmon 2.47oz","""salm"" → ""Salmon"""
6837,"food","FUSSIE CAT tuna,salm 2.82oz","FUSSIE CAT tuna,Salmon 2.82oz","""salm"" → ""Salmon"""
6844,"food","BFF tuna,ck 3oz","BFF tuna,Chicken 3oz","""ck"" → ""Chicken"""
6845,"food","BFF tuna,salm 3oz","BFF tuna,Salmon 3oz","""salm"" → ""Salmon"""
6846,"food","SD cat urin ck stew 2.9oz","Science Diet cat urin Chicken stew 2.9oz","""SD"" → ""Science Diet"" | ""ck"" → ""Chicken"""
6847,"food","SD cat urin tuna stew","Science Diet cat urin tuna stew","""SD"" → ""Science Diet"""
6848,"food","SD cat urin salm stew 2.9oz","Science Diet cat urin Salmon stew 2.9oz","""SD"" → ""Science Diet"" | ""salm"" → ""Salmon"""
6849,"food","SD kitten ck stew 2.8oz","Science Diet kitten Chicken stew 2.8oz","""SD"" → ""Science Diet"" | ""ck"" → ""Chicken"""
6850,"food","SD cat in do salm stew 2.8oz","Science Diet cat in do Salmon stew 2.8oz","""SD"" → ""Science Diet"" | ""salm"" → ""Salmon"""
6851,"food","SD cat sen kitten salm stew 2.8oz","Science Diet cat sen kitten Salmon stew 2.8oz","""SD"" → ""Science Diet"" | ""salm"" → ""Salmon"""
6855,"food","DASHI cat ck, botia","DASHI cat Chicken, botia","""ck"" → ""Chicken"""
6856,"food","DASHI cat ck, tuna 2.5oz","DASHI cat Chicken, tuna 2.5oz","""ck"" → ""Chicken"""
6857,"food","DASHI cat ck, salm 2.5oz","DASHI cat Chicken, Salmon 2.5oz","""ck"" → ""Chicken"" | ""salm"" → ""Salmon"""
6858,"food","DASI cat ck,tuna,scall 2.5oz","DASI cat Chicken,tuna,scall 2.5oz","""ck"" → ""Chicken"""
6859,"food","DASHI cat ck, scall 2.5oz","DASHI cat Chicken, scall 2.5oz","""ck"" → ""Chicken"""
6860,"food","BLUE BUF ck grav 3oz","BLUE BUF Chicken grav 3oz","""ck"" → ""Chicken"""
6863,"food","BLUE BUF cat ck morsels","BLUE BUF cat Chicken morsels","""ck"" → ""Chicken"""
6865,"food","Blue buf cat turk,ck 5.5oz","Blue buf cat turk,Chicken 5.5oz","""ck"" → ""Chicken"""
6866,"food","BLUE BUF cat salm pate 5.5oz","BLUE BUF cat Salmon pate 5.5oz","""salm"" → ""Salmon"""
6869,"food","BLUE BUF cat ck grav 5.5oz","BLUE BUF cat Chicken grav 5.5oz","""ck"" → ""Chicken"""
6871,"food","BLUE BUF cat wild ck 3oz","BLUE BUF cat wild Chicken 3oz","""ck"" → ""Chicken"""
6873,"food","BLUE BUF cat wild salm 5.5ozx","BLUE BUF cat wild Salmon 5.5ozx","""salm"" → ""Salmon"""
6875,"food","FRESHPET beef,bis 1#","FRESHPET beef,bis 1lb","""#"" → ""lb"""
6876,"food","FRESHPET beef,bis 2#","FRESHPET beef,bis 2lb","""#"" → ""lb"""
6877,"food","FRESHPET sm br multi prot 1#","FRESHPET Small Breed multi prot 1lb","""sm br"" → ""Small Breed"" | ""#"" → ""lb"""
6878,"food","FRESHPET sm br ck,tur 1#","FRESHPET Small Breed Chicken,tur 1lb","""ck"" → ""Chicken"" | ""sm br"" → ""Small Breed"" | ""#"" → ""lb"""
6879,"food","FRESHPET sm br ck1#","FRESHPET Small Breed ck1lb","""sm br"" → ""Small Breed"" | ""#"" → ""lb"""
6880,"food","FRESHPET sm br ck,turk,lam 1#","FRESHPET Small Breed Chicken,turk,Lamb 1lb","""ck"" → ""Chicken"" | ""lam"" → ""Lamb"" | ""sm br"" → ""Small Breed"" | ""#"" → ""lb"""
6881,"food","FRESHPET gr fr ck 1#","FRESHPET gr fr Chicken 1lb","""ck"" → ""Chicken"" | ""#"" → ""lb"""
6882,"food","FRESHPET beef 1.5#","FRESHPET beef 1.5lb","""#"" → ""lb"""
6883,"food","FRESHPET ck 1#","FRESHPET Chicken 1lb","""ck"" → ""Chicken"" | ""#"" → ""lb"""
6884,"food","FRESHPET gr fr ck 2#","FRESHPET gr fr Chicken 2lb","""ck"" → ""Chicken"" | ""#"" → ""lb"""
6885,"food","FRESHPET ck,ri 6#","FRESHPET Chicken,ri 6lb","""ck"" → ""Chicken"" | ""#"" → ""lb"""
6887,"food","FRESHPET ck,ri 2#","FRESHPET Chicken,ri 2lb","""ck"" → ""Chicken"" | ""#"" → ""lb"""
6888,"food","FRESHPET vital cuts 1.5#","FRESHPET vital cuts 1.5lb","""#"" → ""lb"""
6889,"food","FRESHPET vit gr fr ck,be,sal 1.75#","FRESHPET vit gr fr Chicken,be,sal 1.75lb","""ck"" → ""Chicken"" | ""#"" → ""lb"""
6890,"food","FRESHPET vit gr fr ck,be,sal 5.5#","FRESHPET vit gr fr Chicken,be,sal 5.5lb","""ck"" → ""Chicken"" | ""#"" → ""lb"""
6891,"food","FRESHPET vit gr fr beef,lam 5.5#","FRESHPET vit gr fr beef,Lamb 5.5lb","""lam"" → ""Lamb"" | ""#"" → ""lb"""
6892,"food","PRIMAL fro beef nug 3#","PRIMAL fro beef nug 3lb","""#"" → ""lb"""
6893,"food","PRIMAL fr rab nug 3#","PRIMAL fr rab nug 3lb","""#"" → ""lb"""
6894,"food","PRIMAL fro nug pork 3#","PRIMAL fro nug pork 3lb","""#"" → ""lb"""
6895,"food","PRIMAL fro nug tuk,sard 3#","PRIMAL fro nug tuk,sard 3lb","""#"" → ""lb"""
6896,"food","PRIMAL fro nug ck 3#","PRIMAL fro nug Chicken 3lb","""ck"" → ""Chicken"" | ""#"" → ""lb"""
6897,"food","PRIMAL fro nug ven 3#","PRIMAL fro nug ven 3lb","""#"" → ""lb"""
6898,"food","PRIMAL fro nug lamb 3#","PRIMAL fro nug lamb 3lb","""#"" → ""lb"""
6899,"food","PRIMAL fro pron ck 4#","PRIMAL fro pron Chicken 4lb","""ck"" → ""Chicken"" | ""#"" → ""lb"""
6900,"food","PRIMAL fro pron lamb 4#","PRIMAL fro pron lamb 4lb","""#"" → ""lb"""
6901,"food","PRIMAL fro pront beef 4#","PRIMAL fro pront beef 4lb","""#"" → ""lb"""
6902,"food","PRIMAL fro pron turk,sard 4#","PRIMAL fro pron turk,sard 4lb","""#"" → ""lb"""
6903,"food","PRIMAL fro pup pron 4#","PRIMAL fro Puppy pron 4lb","""pup"" → ""Puppy"" | ""#"" → ""lb"""
6904,"food","PRIMAL fro pron beef 3/4#","PRIMAL fro pron beef 3/4lb","""#"" → ""lb"""
6905,"food","PRIMAL fro pron ck 3/4#","PRIMAL fro pron Chicken 3/4lb","""ck"" → ""Chicken"" | ""#"" → ""lb"""
6911,"food","PRIMAL broth ck","PRIMAL broth Chicken","""ck"" → ""Chicken"""