ID,Product Name,Category,Filter Type,Price,Description
2297,10 Lbs Pet Food Container,accessories,,27.99,10 Lbs Pet Food Container
4440,"10"" Collagen Stiks Bacon",accessories,,2.99,"10"" Collagen Stiks Bacon"
887,10oz Coop Cups,accessories,,8.99,10oz Coop Cups
5207,"12"" Rock Plant Green",accessories,,6.99,"12"" Rock Plant Green"
5410,1pk Natural Tank Decor,accessories,,20.99,1pk Natural Tank Decor
2300,1pt Mirror Finish Ss Dish,accessories,,2.99,1pt Mirror Finish Ss Dish
2302,1qt Mirror Finish Ss Dish,accessories,,3.99,1qt Mirrow Finish Ss Dish
888,20oz Coop Cup,accessories,,9.99,20oz Coop Cup
2301,24oz Stainless Bowl,accessories,,7.99,24oz Stainless Bowl
2298,25 Lbs Pet Food Container,accessories,,38.99,25 Lbs Pet Food Container
5409,2pk Natural 10 Gal Tank Decor,accessories,,59.99,2pk Natural 10 Gal Tank Decor
2303,2qt Mirror Finish Ss Dish,accessories,,6.99,2qt Mirror Finish Ss Dish
889,30oz Coop Cup,accessories,,11.99,30oz Coop Cup
4809,"4"" Pressed Bone",accessories,,0.99,"4"" Pressed Bone"
4813,"4-5"" Super, Bone White",accessories,,2.99,"4-5"" Super, Bone White"
4810,"4.5"" Pressed Bone Natural",accessories,,2.99,"4.5"" Pressed Bone Natural"
2299,50lbs Pet Food Container,accessories,,56.99,50lbs Pet Food Container
2296,5lbs Pet Food Container,accessories,,19.99,5lbs Pet Food Container
5211,"6"" Rckplnt Green",accessories,,4.99,"6"" Rckplnt Green"
5208,"6"" Rckplnt Green",accessories,,4.99,"6"" Rckplnt Green"
4477,7in Collagen Chews 5cnt Bacon,accessories,,8.99,7in Collagen Chews 5cnt Bacon
5210,"8"" Rckplnt Color",accessories,,4.99,"8"" Rckplnt Color"
1621,8oz Stainless Cat Dish,accessories,,3.99,8oz Stainless Cat Dish
1622,8oz Stainless Cat Dish Decorated,accessories,,4.99,8oz Stainless Cat Dish Decorated
885,A & e 10oz Jungle Cups,accessories,,6.99,A & e 10oz Jungle Cups
886,A & e 20oz Jungle Cups,accessories,,7.99,A & e 20oz Jungle Cups
884,A & e 5oz Jungle Cups,accessories,,5.99,A & e 5oz Jungle Cups
4181,A & e Large Corner Shelf,accessories,,11.99,A & e Lrg Corner Shelf
4195,"A & e Merry Roller 4"" Wheel",accessories,,7.99,"A & e Merry Roller 4"" Wheel"
4194,"A & e Merry Roller Wheel 9""",accessories,,14.99,"A & e Merry Roller Wheel 9"""
874,A & e Seed Catcher Large,accessories,,10.99,A & e Seed Catcher Large
866,A & e Treat Clips,accessories,,3.99,A & e Treat Clips
7170,Acurel,accessories,,6.99,Acurel
5493,Acurel Amonia Reduce Pad,accessories,,9.99,Acurel Amonia Reduce Pad
5453,Age of Magic Castle,accessories,,52.99,Age of Magic Castle
5034,Airpod,accessories,,83.99,Airpod
5085,Airpod 20gal,accessories,,18.99,Airpod 20gal
5084,Airpod 30gal,accessories,,24.99,Airpod 30gal
5083,Airpod 75g,accessories,,37.99,Airpod 75g
5087,Airtech 2k1,accessories,,17.99,Airtech 2k1
5086,Airtech 2k4,accessories,,34.99,Airtech 2k4
5355,Algae Boat Wheel,accessories,,16.99,Algae Boat Wheel
5430,Algea Ship,accessories,,28.99,Algea Ship
5429,Algea Vase,accessories,,14.99,Algea Vase
1980,Aloe Earmite Cat,accessories,,8.99,Aloe Earmite Cat
5467,Anchor W Plant Medium,accessories,,16.99,Anchor W Plant Medium
5466,Anchor W Plant Small,accessories,,11.99,Anchor W Plant Small
799,Animed Dia Earth,accessories,,16.99,Animed Dia Earth
1404,Animed Muscle Up,accessories,,25.99,Animed Muscle Up
1405,Animed Shed Medium,accessories,,22.99,Animed Shed Medium
5284,Aquafloras Bloom Flower,accessories,,17.99,Aquafloras Bloom Flower
5288,Aquafloras Living Large,accessories,,16.99,Aquafloras Living Large
5287,Aquafloras Moss Patch,accessories,,11.99,Aquafloras Moss Patch
5285,Aquafloras Mushroom Patch,accessories,,17.99,Aquafloras Mushroom Patch
5291,Aquafloras Redrck,accessories,,33.99,Aquafloras Redrck
5290,Aquafloras Rock Range,accessories,,21.99,Aquafloras Rock Range
5286,Aquafloras Spongebob,accessories,,27.99,Aquafloras Spongebob
5289,Aquafloras Tree Stump,accessories,,27.99,Aquafloras Tree Stump
5610,Aquaglo T8 30w,accessories,,10.99,Aquaglo T8 30w
5061,"Aquamist 1 3/16""",accessories,,1.99,"Aquamist 1 3/16"""
5052,"Aquamist 12""",accessories,,6.99,"Aquamist 12"""
5060,"Aquamist 7/16""",accessories,,0.99,"Aquamist 7/16"""
5136,"Aquaplants 12"" Various 6pk",accessories,,14.99,"Aquaplants 12"" Various 6pk"
5137,"Aquaplants 8"" Various 6pk",accessories,,8.99,"Aquaplants 8"" Various 6pk"
5204,"Aquaplnt 12"" Rckplnt Color",accessories,,5.99,"Aquaplnt 12"" Rckplnt Color"
5138,Aquaplnt 1lg2md Assrt,accessories,,8.99,Aquaplnt 1lg2md Assrt
5203,"Aquaplnt 2.5/3.5"" Rckplnt Assorted",accessories,,6.99,"Aquaplnt 2.5/3.5"" Rckplnt Assorted"
5255,"Aquaplnt 4"" Green Plant",accessories,,2.99,"Aquaplnt 4"" Green Plant"
5202,"Aquaplnt 6"" Rckplnt Green",accessories,,4.99,"Aquaplnt 6"" Rckplnt Green"
5158,"Aquaplt 12"" Plants Green",accessories,,14.99,"Aquaplt 12"" Plants Green"
5155,"Aquaplt 16"" Green 3pk",accessories,,12.99,"Aquaplt 16"" Green 3pk"
5153,"Aquaplt 16"" Multi 3pk",accessories,,12.99,"Aquaplt 16"" Multi 3pk"
5156,"Aquaplt 24"" Green 2pk",accessories,,10.99,"Aquaplt 24"" Green 2pk"
5154,"Aquaplt 24"" Multi 2pk",accessories,,10.99,"Aquaplt 24"" Multi 2pk"
5150,"Aquaplt 4"" Plant Green",accessories,,5.99,"Aquaplt 4"" Plant Green"
5149,"Aquaplt 4"" Plant Various",accessories,,6.99,"Aquaplt 4"" Plant Various"
5152,"Aquaplt 8"" Glw Plant 6pc Pck",accessories,,9.99,"Aquaplt 8"" Glw Plant 6pc Pck"
5157,Aquaplt 8' Plant Green,accessories,,9.99,Aquaplt 8' Plant Green
5619,Aquarilux 20w,accessories,,16.99,Aquarilux 20w
5160,"Aquatip Vibrant Pass Pink Plant 16""",accessories,,21.99,"Aquatip Vibrant Pass Pink Plant 16"""
7090,Aquavitro Phosfiltrum 5.6oz,accessories,,36.99,Aquavitro Phosfiltrum 5.6oz
7096,Aquavitro Seed 11.8oz,accessories,,16.99,Aquavitro Seed 11.8oz
7189,Aquavitro Shears,accessories,,18.99,Aquavitro Shears
5571,Aqueo Quietflow10,accessories,,29.99,Aqueo Quietflow10
5205,"Aqyaplnt 8"" Rckplnt Color",accessories,,4.99,"Aqyaplnt 8"" Rckplnt Color"
5868,Aria Blue Bandanna,accessories,,3.99,Aria Blue Bandanna
5867,Aria Green Bandanna,accessories,,3.99,Aria Green Bandanna
5865,Aria Orang/Pink Bandanna,accessories,,3.99,Aria Orang/Pink Bandanna
5869,Aria Pink/Blue Bandanna,accessories,,3.99,Aria Pink/Blue Bandanna
5866,Aria Purple Bandanna,accessories,,3.99,Aria Purple Bandanna
2384,Arm & ham Cloud Control Litter,accessories,,23.99,Arm & ham Cloud Control Litter
2388,Arm & ham Multi Cat,accessories,,20.99,Arm & ham Multi Cat
2387,Arm & ham Super Scoop Litter,accessories,,15.99,Arm & ham Super Scoop Litter
2385,Arm & hamm Clump & seal Litter,accessories,,23.99,Arm & hamm Clump & seal Litter
2386,Arm & hamm Double Duty Litter,accessories,,20.99,Arm & hamm Double Duty Litter
2322,Arm & hammer Cat Litter Deod,accessories,,4.99,Arm & hammer Cat Litter Deod
2321,Arm & hammer Doubleduty Litter Deo,accessories,,7.99,Arm & hammer Doubleduty Litter Deo
2323,Arm & hammer Litter Mat,accessories,,24.99,Arm & hammer Litter Mat
2366,Arm & hammer Rimmed Pan,accessories,,16.99,Arm & hammer Rimmed Pan
1235,Aromacare Calmin Lavender,accessories,,10.99,Aromacare Calmin Lavender
1236,Aromacare Chamomile,accessories,,10.99,Aromacare Chamomile
5423,Assrt Tiki Theme,accessories,,6.99,Assrt Tiki Theme
1228,Avain Breeder Large Bird,accessories,,167.99,Avain Breeder Large Bird
5812,Babyshark Big Show Tank,accessories,,28.99,Babyshark Big Show Tank
4218,Back2nature 15l Litter,accessories,,17.99,Back2nature 15l Litter
4215,Back2nature Litter 30l,accessories,,31.99,Back2nature Litter 30l
5320,Bailey Wcral Small,accessories,,6.99,Bailey Wcral Small
5319,Baileyinwtr Small,accessories,,7.99,Baileyinwtr Small
4547,"Bam-bones + 5"" Tripod Bison",accessories,,5.99,"Bam-bones + 5"" Tripod Bison"
4545,"Bam-bones + Stck 9.5"" Chick",accessories,,10.99,"Bam-bones + Stck 9.5"" Chick"
4546,"Bam-bones + Stick 5.25"" Chick",accessories,,4.99,"Bam-bones + Stick 5.25"" Chick"
4548,"Bam-bones 5.75""",accessories,,4.99,"Bam-bones 5.75"""
4549,"Bam-bones 7.25""",accessories,,5.99,"Bam-bones 7.25"""
4552,"Bam-bones Wishbone 7"" Chicken",accessories,,6.99,"Bam-bones Wishbone 7"" Chicken"
1262,Bark2basics Citrus Plus,accessories,,19.99,Bark2basics Citrus Plus
6011,Barn Home 25-50lb,accessories,,119.99,Barn Home 25-50lb
6012,Barn Home 50-90lb,accessories,,129.99,Barn Home 50-90lb
6010,Barn Home Extra Small,accessories,,89.99,Barn Home Extra Small
5846,Basic Hoodie Black Medium,accessories,,16.99,Basic Hoodie Black Medium
5842,Basic Hoodie Blue Extra Small,accessories,,16.99,Basic Hoodie Blue Extra Small
5845,Basic Hoodie Bviolet Medium,accessories,,16.99,Basic Hoodie Bviolet Medium
5834,Basic Hoodie Gray Extra Small,accessories,,16.99,Basic Hoodie Gray Extra Small
5848,Basic Hoodie Natblu Large,accessories,,16.99,Basic Hoodie Natblu Large
5844,Basic Hoodie Natural Blue Medium,accessories,,16.99,Basic Hoodie Natural Blue Medium
5850,Basic Hoodie Natural Blue Small,accessories,,16.99,Basic Hoodie Natural Blue Small
5849,Basic Hoodie Rasberry Large,accessories,,16.99,Basic Hoodie Rasberry Large
5843,Basic Hoodie Rasberry Small,accessories,,16.99,Basic Hoodie Rasberry Small
5847,Basic Hoodie Red Large,accessories,,16.99,Basic Hoodie Red Large
5841,Basic Hoodie Violet Extra Small,accessories,,16.99,Basic Hoodie Violet Extra Small
4370,Bed Fluff,accessories,,3.99,Bed Fluff
4687,Beggarbns 3in1 Twists,accessories,,14.99,Beggarbns 3in1 Twists
4691,Beggarbns Mini 3in1,accessories,,7.99,Beggarbns Mini 3in1
4686,Beggarbns Mix Large 1pk,accessories,,8.99,Beggarbns Mix Large 1pk
4682,Beggarbns Prk Skn Twist 11pk,accessories,,12.99,Beggarbns Prk Skn Twist 11pk
1620,Bella Large Bone Place Mat,accessories,,12.99,Bella Large Bone Place Mat
1624,Bellabown Xsmall Fish Purple,accessories,,5.99,Bellabown Xsmall Fish Purple
1818,Bergan Poo Bag Dispenser,accessories,,9.99,Bergan Poo Bag Dispenser
146,Big Jelly Pots,accessories,,1.89,Big Jelly Pots
5336,Bikini Bottom Homes,accessories,,8.99,Bikini Bottom Homes
812,Bio-groom Repel 35,accessories,,16.99,Bio-groom Repel 35
5324,Black Pearl Ship Medium,accessories,,13.99,Black Pearl Ship Medium
4203,Blue Beauty Dust,accessories,,8.99,Blue Beauty Dust
5898,Bone Accent Sweet Orange. Extra Small,accessories,,21.99,Bone Accent Swt Org. Extra Small
5431,Bonsai Tree Small,accessories,,14.99,Bonsai Tree Small
5439,Bonsai Tree on Rock,accessories,,37.99,Bonsai Tree on Rock
5440,Bonsai Tree on Rock,accessories,,31.99,Bonsai Tree on Rock
2367,Breederselect Cat Litter 20l,accessories,,23.99,Breederselect Cat Litter 20l
5301,Breeding Cone,accessories,,17.99,Breeding Cone
1400,Brilliant Salmon Oil,accessories,,18.99,Brilliant Salmon Oil
5049,Bubble-shell,accessories,,6.99,Bubble-shell
665,Buffalo Skull,accessories,,24.99,Buffalo Skull
71,Buffalo Worm Dish,accessories,,13.99,Buffalo Worm Dish
798,Bug Blaster,accessories,,37.99,Bug Blaster
5421,Cambodia Rock Faces,accessories,,22.99,Cambodia Rock Faces
5894,Camo Sweatshirt Extra Large,accessories,,25.99,Camo Sweatshirt Extra Large
864,Captain Cuttlebone,accessories,,7.99,Captain Cuttlebone
5442,Car Wreck Small,accessories,,15.99,Car Wreck Small
5495,Carbon Pad,accessories,,9.99,Carbon Pad
4057,Carefresh Beachparty 23l,accessories,,24.99,Carefresh Beachparty 23l
4055,Carefresh Blue 10l,accessories,,13.99,Carefresh Blue 10l
4058,Carefresh Blue 23l,accessories,,24.99,Carefresh Blue 23l
4061,Carefresh Blue 50l,accessories,,37.99,Carefresh Blue 50l
4051,Carefresh Confetti 10l,accessories,,13.99,Carefresh Confetti 10l
4060,Carefresh Confetti 50l,accessories,,41.99,Carefresh Confetti 50l
4052,Carefresh Natural 14l,accessories,,10.99,Carefresh Natural 14l
4056,Carefresh Natural 30l,accessories,,20.99,Carefresh Natural 30l
4059,Carefresh Natural 60l,accessories,,34.99,Carefresh Natural 60l
4054,Carefresh Seaglass 23l,accessories,,24.99,Carefresh Seaglass 23l
4053,Carefresh White 23l,accessories,,22.99,Carefresh White 23l
5096,Caribsea Aragonite 15lb,accessories,,20.99,Caribsea Aragonite 15lb
5443,Carwreck Medium,accessories,,26.99,Carwreck Medium
5456,Castle Mini Blue,accessories,,10.99,Castle Mini Blue
5455,Castle Mini Blue,accessories,,8.99,Castle Mini Blue
5457,Castle Mini Red,accessories,,8.99,Castle Mini Red
5450,Castle Super,accessories,,69.99,Castle Super
5451,Castle Super 2,accessories,,59.99,Castle Super 2
6034,Catiit Blue Medium,accessories,,39.99,Catiit Blue Medium
2289,Catlife Activity & scratch Post,accessories,,44.99,Catlife Activity & scratch Post
1993,Catlife Catch & scratch Large,accessories,,12.99,Catlife Catch & scratch Large
1992,Catlife Catch & scratch Small,accessories,,9.99,Catlife Catch & scratch Small
2295,Catlife Jester Wand,accessories,,5.99,Catlife Jester Wand
2282,Catlife Jungle Slope Activity Cen,accessories,,57.99,Catlife Jungle Slope Activity Cen
2291,Catlife Purple Activiy & scartch,accessories,,33.99,Catlife Purple Activiy & scartch
2294,Catlife Silvervine Cat Wand,accessories,,6.99,Catlife Silvervine Cat Wand
2293,Catlife Tickle Stick Wand,accessories,,5.99,Catlife Tickle Stick Wand
2292,Catlife Wiggle Wand,accessories,,4.99,Catlife Wiggle Wand
2290,Catlife Y Shaped Siscal Post,accessories,,29.99,Catlife Y Shaped Siscal Post
2100,Catstages Easylife Hammock,accessories,,24.99,Catstages Easylife Hammock
4698,Charlee Cheese & egg 16oz,accessories,,7.99,Charlee Cheese & egg 16oz
5062,Checkvalve,accessories,,3.99,Checkvalve
5372,Chum Bucket,accessories,,10.99,Chum Bucket
5367,Clamshell Assst,accessories,,12.99,Clamshell Assst
5905,Class Cab Sweater Pink Extra Small,accessories,,12.99,Class Cab Swtr Pink Extra Small
5907,Class Cab Sweater Pink Medium,accessories,,12.99,Class Cab Swtr Pink Medium
5903,Class Cable Sweater Red Extra Large,accessories,,17.99,Class Cable Swtr Red Extra Large
5902,Class Cable Sweater Red Xxs,accessories,,12.99,Class Cable Swtr Red Xxs
5605,Cobalt C-vue45,accessories,,39.99,Cobalt C-vue45
1945,Comfortzone Cat Spray & scratch,accessories,,20.99,Comfortzone Cat Spray & scratch
1586,Comfy Groom,accessories,,16.99,Comfy Groom
5313,Coral Rock Large,accessories,,39.99,Coral Rock Large
5835,Cosmic Hoodie Navy Extra Small,accessories,,17.99,Cosmic Hoodie Navy Extra Small
1926,Cozyup Folding Pet Steps,accessories,,72.99,Cozyup Folding Pet Steps
5236,Crazycat Kitten Wrmer 4oz,accessories,,9.99,Crazycat Kitten Wrmer 4oz
4713,Crazydog Mini Bacon,accessories,,7.99,Crazydog Mini Bacon
4715,Crazydog Mini Beef,accessories,,7.99,Crazydog Mini Beef
4714,Crazydog Mini Chicken,accessories,,7.99,Crazydog Mini Chicken
204,Creatures Feeding Block,accessories,,1.99,Creatures Feeding Block
5906,Criss Cross Sweater Coral,accessories,,19.99,Criss Cross Swtr Coral
1695,Crisscross Steel Non Skid Dish,accessories,,3.99,Crisscross Steel Non Skid Dish
4144,Critter Space Pod,accessories,,20.99,Critter Space Pod
5346,Crocodile Skull,accessories,,24.99,Crocodile Skull
5399,Crystal Cluster Amethyst Purple,accessories,,14.99,Crystal Cluster Amethyst Purple
5370,Crystal Cluster Blue,accessories,,17.99,Crystal Cluster Blue
5371,Crystal Cluster Pink,accessories,,15.99,Crystal Cluster Pink
5400,Crystal Cluster Sapphire Blue,accessories,,14.99,Crystal Cluster Sapphire Blue
2286,Curious Cat Cube,accessories,,48.99,Curious Cat Cube
2094,Cwmk Large Red,accessories,,19.99,Cwmk Large Red
2096,Cwmk Medium Black,accessories,,19.99,Cwmk Medium Black
2095,Cwmk Medium Blue,accessories,,18.99,Cwmk Medium Blue
2097,Cwmk Medium Purple,accessories,,19.99,Cwmk Medium Purple
2092,Cwmk Small Black,accessories,,19.99,Cwmk Small Black
2091,Cwmk Small Blue,accessories,,19.99,Cwmk Small Blue
2093,Cwmk Small Purple,accessories,,19.99,Cwmk Small Purple
2090,Cwmk Small Red,accessories,,18.99,Cwmk Small Red
5393,Ddbl Rock Crop W Plnts Medium,accessories,,12.99,Ddbl Rock Crop W Plnts Medium
5404,Deco Coral Blue,accessories,,6.99,Deco Coral Blue
5446,Deco Kit 3pcs,accessories,,89.99,Deco Kit 3pcs
5008,Decor Airline Tubing,accessories,,8.99,Decor Airline Tubing
5321,Destiny in Water Small,accessories,,8.99,Destiny in Water Small
5360,Dilophosaurus Medium,accessories,,14.99,Dilophosaurus Medium
4650,Dingo Munchy Stix 10pk,accessories,,2.99,Dingo Munchy Stix 10pk
1550,Dirty Dog Door Mat,accessories,,41.99,Dirty Dog Door Mat
5886,Dog Polo Pruple Extra Large,accessories,,19.99,Dog Polo Pruple Extra Large
5884,Dog Polo Purple Large,accessories,,19.99,Dog Polo Purple Large
5885,Dog Polo Purple Medium,accessories,,19.99,Dog Polo Purple Medium
5883,Dog Polo Purple Small,accessories,,19.99,Dog Polo Purple Small
5882,Dog Polo Red Large,accessories,,19.99,Dog Polo Red Large
5881,Dog Polo Red Small,accessories,,19.99,Dog Polo Red Small
5893,Dog Tank Top Coral Extra Large,accessories,,10.99,Dog Tank Top Coral Extra Large
5891,Dog Tank Top Coral Extra Small,accessories,,10.99,Dog Tank Top Coral Extra Small
5892,Dog Tank Top Coral Small,accessories,,10.99,Dog Tank Top Coral Small
5890,Dog Tank Top Drk Green Small,accessories,,10.99,Dog Tank Top Drk Green Small
5889,Dog Tanktop Drk Green Large,accessories,,10.99,Dog Tanktop Drk Green Large
5887,Dog Tanktop Green Large,accessories,,10.99,Dog Tanktop Green Large
5888,Dog Tanktop Pink Medium,accessories,,10.99,Dog Tanktop Pink Medium
2747,Doggie Nip,accessories,,4.99,Doggie Nip
2746,Doggiejuana Get Outside,accessories,,12.99,Doggiejuana Get Outside
2745,Doggiejuana Getthe Munchies,accessories,,12.99,Doggiejuana Getthe Munchies
2744,Doggiejuana Tuffer Chewer,accessories,,18.99,Doggiejuana Tuffer Chewer
1242,Doggy Bahama Orange,accessories,,19.99,Doggy Bahama Orange
1241,Doggy Bahama Pink,accessories,,19.99,Doggy Bahama Pink
1669,Dogit Go Slow Extra Small Blue,accessories,,9.99,Dogit Go Slow Extra Small Blue
1670,Dogit Go Slow Extra Small Pink,accessories,,9.99,Dogit Go Slow Extra Small Pink
1673,Dogit Go Slow L Blue,accessories,,29.99,Dogit Go Slow L Blue
1671,Dogit Go Slow M Black,accessories,,18.99,Dogit Go Slow M Black
1672,Dogit Go Slow M Blue,accessories,,17.99,Dogit Go Slow M Blue
6939,Dogo's Ice Cream Ched Bac,accessories,,3.99,Dogo's Ice Cream Ched Bac
6938,Dogo's Ice Cream Pumkin,accessories,,3.99,Dogo's Ice Cream Pumkin
6940,Dogo's Ice Cream Vanilla,accessories,,3.99,Dogo's Ice Cream Vanilla
2837,Dogslife Fleece Slipper,accessories,,4.99,Dogslife Fleece Slipper
1718,Dolce Food & Water Bowl,accessories,,10.99,Dolce Food & Water Bowl
1719,Dolce Had Me at Woof Bowl,accessories,,7.99,Dolce Had Me at Woof Bowl
1720,Dolce Puppy Forever Bowl,accessories,,7.99,Dolce Puppy Forever Bowl
878,Donut Chew 2pk,accessories,,6.99,Donut Chew 2pk
5896,Dotswt Green Large,accessories,,23.99,Dotswt Green Large
5895,Dotswt Green Medium,accessories,,19.99,Dotswt Green Medium
2391,Dr.elseys Cat Attract Litter,accessories,,26.99,Dr.elseys Cat Attract Litter
2390,Dr.elseys Kitten Attract,accessories,,26.99,Dr.elseys Kitten Attract
4262,Drops Forest Fruit,accessories,,5.99,Drops Forest Fruit
4263,Drops Veggie,accessories,,5.99,Drops Veggie
1628,Dry Ears Bowl,accessories,,12.99,Dry Ears Bowl
1876,Drytech 100 Pack Pads,accessories,,50.99,Drytech 100 Pack Pads
1837,Drytech Puppy Pad 14pk,accessories,,8.99,Drytech Puppy Pad 14pk
1838,Drytech Puppy Pad 30pk,accessories,,17.99,Drytech Puppy Pad 30pk
1836,Drytech Puppy Pad 7pk,accessories,,4.99,Drytech Puppy Pad 7pk
852,E-z Feed 2oz,accessories,,1.99,E-z Feed 2oz
853,E-z Feed 4oz,accessories,,1.99,E-z Feed 4oz
851,E-z Feed 6oz,accessories,,2.99,E-z Feed 6oz
5099,Ecoplanted Red 20lb,accessories,,39.99,Ecoplanted Red 20lb
5028,Emergency Air,accessories,,26.99,Emergency Air
5452,Enchanted Castle Large,accessories,,33.99,Enchanted Castle Large
5454,Enchanted Castle Medium,accessories,,22.99,Enchanted Castle Medium
5461,Enchanted Castle Small,accessories,,12.99,Enchanted Castle Small
1277,Espree 2in1 Simple Soothe,accessories,,12.99,Espree 2in1 Simple Soothe
4973,Etta Says Buffalo Chew,accessories,,2.99,Etta Says Buffalo Chew
1389,Evolutions Natruvet Advanced Allergy,accessories,,26.99,Evolutions Natruvet Advanced Allergy
1390,Evolutions Natruvet Anchovy Allergy,accessories,,19.99,Evolutions Natruvet Anchovy Allergy
338,Exoterr Large Light Bracket,accessories,,18.99,Exoterr Large Light Bracket
401,Exoterrra T5 Terraium Mounting Clips,accessories,,9.99,Exoterrra T5 Terraium Mounting Clips
5416,Extra Large Red Rock,accessories,,49.99,Extra Large Red Rock
5417,Extra Large Red Trunk,accessories,,69.99,Extra Large Red Trunk
1204,Ezfill Feeder Bird,accessories,,3.99,Ezfill Feeder Bird
1561,Fast Acting Super Clot,accessories,,12.99,Fast Acting Super Clot
1637,Faucet Waterer,accessories,,9.99,Faucet Waterer
785,Faunariam Low Small,accessories,,18.99,Faunariam Low Small
4225,Feeding Dish Large,accessories,,2.99,Feeding Dish Large
4224,Feeding Dish Small,accessories,,2.99,Feeding Dish Small
2393,Feline Pine 20lb Litter,accessories,,22.99,Feline Pine 20lb Litter
2392,Feline Pine 7lb Litter,accessories,,9.99,Feline Pine 7lb Litter
1678,Ferplast .16 Us Gal Food/Water,accessories,,19.99,Ferplast .16 Us Gal Food/Water
5389,Fighter Jet Wreck Scape,accessories,,54.99,Fighter Jet Wreck Scape
1201,Finch Tiki Hut,accessories,,8.99,Finch Tiki Hut
5307,Flaming Skull Blue 31/2,accessories,,9.99,Flaming Skull Blue 31/2
5308,Flaming Skull Red,accessories,,9.99,Flaming Skull Red
2116,Flavorfullz Chicken & Catnip,accessories,,3.99,Flavorfullz Chicken & catnip
2115,Flavorfullz Salmon,accessories,,3.99,Flavorfullz Salmon
2117,Flavorfullz Tuna,accessories,,3.99,Flavorfullz Tuna
4716,Flvrfullz Cheese,accessories,,6.99,Flvrfullz Cheese
4717,Flvrfullz Chicken,accessories,,6.99,Flvrfullz Chicken
4718,Flvrfullz Peanut,accessories,,6.99,Flvrfullz Peanut
1473,Flys Off Spray,accessories,,15.99,Flys Off Spray
1472,Flys-off Cream,accessories,,14.99,Flys-off Cream
5257,Foregrounder Caboma Grnwrd,accessories,,2.99,Foregrounder Caboma Grnwrd
5253,Foregrounder Fan Brush Orange,accessories,,2.99,Foregrounder Fan Brush Orng
5254,Foregrounder Fan Palm Red,accessories,,2.99,Foregrounder Fan Palm Red
5228,Foregrounder Mnywrt/Green,accessories,,2.99,Foregrounder Mnywrt/Green
1748,Fourpawstieoutcable20ft Hvywght,accessories,,20.99,Fourpawstieoutcable20ft Hvywght
1504,Freshbreath Finger Brushes,accessories,,5.99,Freshbreath Finger Brushes
1506,Freshbreath Toothbrush Large,accessories,,5.99,Freshbreath Toothbrush Large
1505,Freshbreath Toothbrush Small & Medium,accessories,,5.99,Freshbreath Toothbrush Small & Medium
1503,Freshbreath Total Care Kit,accessories,,19.99,Freshbreath Total Care Kit
1429,Freshbreathe Drops,accessories,,7.99,Freshbreathe Drops
1499,Freshbreathe Enticers Penut Kit,accessories,,12.99,Freshbreathe Enticers Penut Kit
1502,Freshbreathe Gel,accessories,,11.99,Freshbreathe Gel
1434,Freshbreathe Hip & Joint 16oz,accessories,,12.99,Freshbreathe Hip & Joint 16oz
1500,Freshbreathe Kit Large,accessories,,13.99,Freshbreathe Kit Large
1501,Freshbreathe Kit Small & Medium,accessories,,12.99,Freshbreathe Kit Small & Medium
1432,Freshbreathe Oral Foam,accessories,,10.99,Freshbreathe Oral Foam
1430,Freshbreathe Oral Spray,accessories,,8.99,Freshbreathe Oral Spray
1431,Freshbreathe Oral Spray Peanut Butter,accessories,,8.99,Freshbreathe Oral Spray Peanut Butter
1436,Freshbreathe Solution 16oz,accessories,,12.99,Freshbreathe Solution 16oz
1437,Freshbreathe Solution 33.8oz,accessories,,19.99,Freshbreathe Solution 33.8oz
4331,Friend Fries,accessories,,4.99,Friend Fries
4097,Friendfarm Gerty Gpig 2lb,accessories,,10.99,Friendfarm Gerty Gpig 2lb
4093,Friendfarm Hazel Ham 2lb,accessories,,10.99,Friendfarm Hazel Ham 2lb
7116,Fritz Coppersafe 4oz,accessories,,12.99,Fritz Coppersafe 4oz
7169,Fritz Expel-f 10 Pack,accessories,,14.99,Fritz Expel-f 10 Pack
7125,Fritz Glass Cleaner,accessories,,9.99,Fritz Glass Cleaner
7168,Fritz Maracyn 10 Pack,accessories,,18.99,Fritz Maracyn 10 Pack
7115,Fritz Maracyn Oxy 16oz,accessories,,24.99,Fritz Maracyn Oxy 16oz
7114,Fritz Maracyn Oxy 4oz,accessories,,11.99,Fritz Maracyn Oxy 4oz
5779,Fritz Pond Barley Water Clarifier,accessories,,14.99,Fritz Pond Barley Water Clarifier
4250,Frndsfrm Pig Scrummies,accessories,,3.99,Frndsfrm Pig Scrummies
5368,Frzn Anna Medium,accessories,,13.99,Frzn Anna Medium
5264,Frzn Anna Mini,accessories,,8.99,Frzn Anna Mini
5369,Frzn Elsa,accessories,,15.99,Frzn Elsa
5261,Frzn Ice Castle/Mini,accessories,,6.99,Frzn Ice Castle/Mini
5262,Frzn Mini Elsa,accessories,,8.99,Frzn Mini Elsa
5265,Frzn Olaf Slide Mini,accessories,,6.99,Frzn Olaf Slide Mini
1645,Funfeeder Notch Blue Medium,accessories,,10.99,Funfeeder Notch Blue Medium
1603,Funfeeder Slo Bowl Purple,accessories,,16.99,Funfeeder Slo Bowl Purple
1644,Funfeeder Wave Mint Small,accessories,,10.99,Funfeeder Wave Mint Small
2133,Fussiecat Tuna & Chicken Pur 4pk,accessories,,3.99,Fussiecat Tuna & Chicken Pur 4pk
573,Galopagos 24in Mossy Sticks,accessories,,14.99,Galopagos 24in Mossy Sticks
575,Galopagos 32inch Mossy Sticks,accessories,,17.99,Galopagos 32inch Mossy Sticks
5878,Gardeb Gnomes Pj Pink Extra Small,accessories,,20.99,Gardeb Gnomes Pj Pink Extra Small
5879,Gardebn Gnomes Pj Pink Extra Large,accessories,,20.99,Gardebn Gnomes Pj Pink Extra Large
5877,Garden Gnomes Pjs Pink Xxs,accessories,,20.99,Garden Gnomes Pjs Pink Xxs
5337,Gary Large,accessories,,12.99,Gary Large
1618,Geobone Aqua Fashion Mat,accessories,,9.99,Geobone Aqua Fashion Mat
5403,Geode Stone Purple,accessories,,24.99,Geode Stone Purple
2120,Gilled Tuna Fillet,accessories,,2.99,Gilled Tuna Fillet
5258,"Glo-Plant 4"" Aquaplnt",accessories,,2.99,"Glo-Plant 4"" Aquaplnt"
5259,Glo-Plant Small Glow Pad,accessories,,14.99,Glo-Plant Small Glow Pad
5260,Gloplnt,accessories,,8.99,Gloplnt
4700,Gmaw Lucy Apple,accessories,,14.99,Gmaw Lucy Apple
4701,Gmaw Lucy Cranberry,accessories,,12.99,Gmaw Lucy Cranberry
1132,Grannicks Bitter Apple,accessories,,7.99,Grannicks Bitter Apple
4356,Grassy Nibbler Carrot,accessories,,4.99,Grassy Nibbler Carrot
4364,Grassy Nibbler Squash,accessories,,2.99,Grassy Nibbler Squash
5433,Green Leaf Dirtfwood,accessories,,9.99,Green Leaf Dirtfwood
5441,Green Leaf Driftwood,accessories,,19.99,Green Leaf Driftwood
5432,Green/Red Leaf Driftwd,accessories,,9.99,Green/Red Leaf Driftwd
5436,Grey Rock Scape,accessories,,27.99,Grey Rock Scape
2119,Grilled Chicken Fillet,accessories,,2.99,Grilled Chicken Fillet
1450,Grizzly Omega Plant Based 8oz,accessories,,19.99,Grizzly Omega Plant Based 8oz
1452,Grizzly Omega Salmon 16oz,accessories,,29.99,Grizzly Omega Salmon 16oz
1451,Grizzly Omega Salmon 8oz,accessories,,20.99,Grizzly Omega Salmon 8oz
5391,Grotto Crner Medium,accessories,,31.99,Grotto Crner Medium
5392,Grotto Medium,accessories,,23.99,Grotto Medium
4252,Habitat Snk Apple & Ban,accessories,,5.99,Habitat Snk Apple & Ban
4251,"Habitat Snk Car,Pea,Greens",accessories,,5.99,"Habitat Snk Car,Pea,Greens"
4253,Habitat Snk Flower & berry,accessories,,6.99,Habitat Snk Flower & berry
1135,Hagan Tropical Handfeeding 4lb,accessories,,31.99,Hagan Tropical Handfeeding 4lb
1103,Happybeaks Abc Hanging Blocks,accessories,,22.99,Happybeaks Abc Hanging Blocks
1096,Happybeaks Big Cirlce and Blocks,accessories,,28.99,Happybeaks Big Cirlce and Blocks
1114,Happybeaks Hanging Blocks Large,accessories,,54.99,Happybeaks Hanging Blocks Large
1120,Happybeaks Hanging Blocks Medium,accessories,,43.99,Happybeaks Hanging Blocks Medium
1100,Happybeaks Stacked Blocks,accessories,,30.99,Happybeaks Stacked Blocks
1131,Hari Charcoal,accessories,,8.99,Hari Charcoal
1130,Hari Clay-cal,accessories,,8.99,Hari Clay-cal
1129,Hari Oyster Shells,accessories,,4.99,Hari Oyster Shells
795,Harris Diatomaceous Earth 10.5 Lbs.,accessories,,40.99,Harris Diatomaceous Earth 10.5 Lbs.
797,Harris Diatomaceous Earth 2 Lbs,accessories,,15.99,Harris Diatomaceous Earth 2 Lbs
796,Harris Diatomaceous Earth 4lbs,accessories,,20.99,Harris Diatomaceous Earth 4lbs
800,Harris Diatomacouse Earth Bottle,accessories,,8.99,Harris Diatomacouse Earth Bottle
4703,Healthext 3.5oz Beef,accessories,,12.99,Healthext 3.5oz Beef
4744,Healthext Baked Lamb,accessories,,10.99,Healthext Baked Lamb
4499,Healthext Cheek Chew Chicken,accessories,,5.99,Healthext Cheek Chew Chicken
4500,Healthext Cheek Chew Peanut Butter,accessories,,5.99,Healthext Cheek Chew Peanut Butter
1314,Healthy Promise Earwash,accessories,,11.99,Healthy Promise Earwash
1321,Healthy Promise Eyewipes,accessories,,12.99,Healthy Promise Eyewipes
1507,Healthy Promise Pill Disenser,accessories,,5.99,Healthy Promise Pill Disenser
1690,Heavy Weight 11.5oz Bowl,accessories,,4.99,Heavy Weight 11.5oz Bowl
4258,Herb Smack Brocc-rose,accessories,,6.99,Herb Smack Brocc-rose
4259,Herb Smack Gmaw Patch,accessories,,6.99,Herb Smack Gmaw Patch
4257,Herb Smack Gpaw Orchard,accessories,,6.99,Herb Smack Gpaw Orchard
4256,Herb Smack Red Veggies,accessories,,6.99,Herb Smack Red Veggies
717,Hermit Beach,accessories,,8.99,Hermit Beach
5398,Hindu Palace,accessories,,49.99,Hindu Palace
5250,Hippiehnds 1000mg Dog Drops,accessories,,49.99,Hippiehnds 1000mg Dog Drops
5251,Hippiehnds 125mg Cat Drops,accessories,,18.99,Hippiehnds 125mg Cat Drops
5249,Hippiehnds 250mg Dog Drops,accessories,,25.99,Hippiehnds 250mg Dog Drops
5252,Hippiehnds 500mg Dog Drops,accessories,,29.99,Hippiehnds 500mg Dog Drops
2099,Home Grown Greens Patch,accessories,,5.99,Home Grown Greens Patch
1626,I Love Cats Fish,accessories,,7.99,I Love Cats Fish
6013,Indigo 50-90lb House,accessories,,239.99,Indigo 50-90lb House
7193,Instant Ocean Hydrometer,accessories,,18.99,Instant Ocean Hydrometer
4295,Intune Duets Chicken & salmon,accessories,,6.99,Intune Duets Chicken & salmon
4294,Intune Duets Chicken & turkey,accessories,,6.99,Intune Duets Chicken & turkey
5314,Jammin Jam,accessories,,6.99,Jammin Jam
5327,Jaws Boat Attack Small,accessories,,12.99,Jaws Boat Attack Small
5328,Jaws Swim-thru Small,accessories,,11.99,Jaws Swim-thru Small
5326,Jaws W Bair Tank Medium,accessories,,19.99,Jaws W Bair Tank Medium
5206,Jungle Pds Large Stle 6,accessories,,10.99,Jungle Pds Large Stle 6
5212,Junglepd Small Style 2,accessories,,10.99,Junglepd Small Style 2
151,Jurassi Mite,accessories,,12.99,Jurassi Mite
5271,Jurassic Prk Gates,accessories,,4.99,Jurassic Prk Gates
5358,Jurassic Prk Gates Sml,accessories,,11.99,Jurassic Prk Gates Sml
185,Jurassipet Mite Wipes,accessories,,21.99,Jurassipet Mite Wipes
4974,Kangaroo Tail,accessories,,10.99,Kangaroo Tail
4346,Kapok Pod,accessories,,4.99,Kapok Pod
1842,Keep Off Repeltant,accessories,,12.99,Keep Off Repeltant
1977,Keepoff Cat & Kitten,accessories,,10.99,Keepoff Cat & Kitten
5011,Kent Steel Blades 3pk,accessories,,9.99,Kent Steel Blades 3pk
5377,Kev & stu Surf Small,accessories,,14.99,Kev & stu Surf Small
2789,Kfc Chicken Box,accessories,,8.99,Kfc Chicken Box
2787,Kfc Famous Bowl,accessories,,6.99,Kfc Famous Bowl
2790,Kfc Fries & drummette 2pk,accessories,,7.99,Kfc Fries & drummette 2pk
2202,Kfc Sauce & drumstick,accessories,,6.99,Kfc Sauce & drumstick
5428,Kitwood Green Light,accessories,,67.99,Kitwood Green Light
1976,Kmr Goats Milk Ready to Use,accessories,,13.99,Kmr Goats Milk Ready to Use
1975,Kmr Ready to Use,accessories,,9.99,Kmr Ready to Use
7113,Kordon Ich Attack 4oz,accessories,,11.99,Kordon Ich Attack 4oz
5339,Krusty Krab,accessories,,14.99,Krusty Krab
483,"Lagoon 11"" Oval",accessories,,18.99,"Lagoon 11"" Oval"
484,Lagoon Kidney,accessories,,12.99,Lagoon Kidney
5763,Laguna Powerjet,accessories,,119.99,Laguna Powerjet
5802,Laguna Pressure Flo 2000,accessories,,389.99,Laguna Pressure Flo 2000
5801,Laguna Pressure Flo Pads,accessories,,17.99,Laguna Pressure Flo Pads
1729,Large Blue Single Bowl Trvl,accessories,,12.99,Large Blue Single Bowl Trvl
1636,Large Breed Dog Bottle,accessories,,12.99,Large Breed Dog Bottle
1614,Large Food Scoop,accessories,,4.99,Large Food Scoop
5014,Led Lighthouse,accessories,,23.99,Led Lighthouse
1557,Lesalon Essentials Curry Brush,accessories,,7.99,Lesalon Essentials Curry Brush
1641,Life Clear Spring Pet Fountain,accessories,,53.99,Life Clear Spring Pet Fountain
2350,Litter Genie Plus,accessories,,31.99,Litter Genie Plus
2351,Litter Genie Refill,accessories,,12.99,Litter Genie Refill
2352,Litter Genie Refill 2pk,accessories,,41.99,Litter Genie Refill 2pk
2374,Litterpearls Micro Crystals 3.5lb,accessories,,15.99,Litterpearls Micro Crystals 3.5lb
5274,Little Meremaid 5pk,accessories,,28.99,Little Meremaid 5pk
59,Live Oak Leaves,accessories,,12.99,Live Oak Leaves
91,Living Natural Coco Mat 10x20,accessories,,10.99,Living Natural Coco Mat 10x20
90,Living Natural Coco Mat 12x30,accessories,,17.99,Living Natural Coco Mat 12x30
89,Living Natural Coco Mat 18x36,accessories,,27.99,Living Natural Coco Mat 18x36
4223,Livingwrld Ergonomic Dish,accessories,,10.99,Livingwrld Ergonomic Dish
4241,Lock Croc 20oz,accessories,,10.99,Lock Croc 20oz
4242,Lock Crok 10oz,accessories,,9.99,Lock Crok 10oz
5024,Lok-tite 3gang Vlv,accessories,,8.99,Lok-tite 3gang Vlv
5030,Lok-tite 4gang Valve,accessories,,11.99,Lok-tite 4gang Valve
5858,Lsu Mesh Jersey Large,accessories,,28.99,Lsu Mesh Jersey Large
5859,Lsu Mesh Jersey Medium,accessories,,28.99,Lsu Mesh Jersey Medium
5857,Lsu Teeshirt Small,accessories,,19.99,Lsu Teeshirt Small
5032,Mag-flt Glass Clean Large,accessories,,79.99,Mag-flt Glass Clean Large
5026,Mag-flt Glss Clean Medium,accessories,,39.99,Mag-flt Glss Clean Medium
5033,Mag-scrape Scraper Blades,accessories,,19.99,Mag-scrape Scraper Blades
1587,Magic Coat Gentle Groom Glove,accessories,,22.99,Magic Coat Gentle Groom Glove
1579,Magic Coat Reduces Shedding,accessories,,22.99,Magic Coat Reduces Shedding
1569,Magic Coat Saftey Sciccors,accessories,,13.99,Magic Coat Saftey Sciccors
1570,Magic Coat Serated Comb Blade,accessories,,14.99,Magic Coat Serated Comb Blade
1578,Magic Coat Total Knot Destroyer,accessories,,16.99,Magic Coat Total Knot Destroyer
5459,Magical Castle Medium,accessories,,16.99,Magical Castle Medium
5458,Magical Castle Small,accessories,,13.99,Magical Castle Small
1263,Magiccoat 2in1,accessories,,9.99,Magiccoat 2in1
1264,Magiccoat Bright White,accessories,,8.99,Magiccoat Bright White
1958,Magiccoat Cat Gentle Tearless,accessories,,10.99,Magiccoat Cat Gentle Tearless
1285,Magiccoat Medicated,accessories,,10.99,Magiccoat Medicated
1267,Magiccoat Prof Series Oats Puppy,accessories,,12.99,Magiccoat Prof Series Oats Puppy
1269,Magiccoat Profseries 2in1,accessories,,14.99,Magiccoat Profseries 2in1
1265,Magiccoat Reduces Odor,accessories,,8.99,Magiccoat Reduces Odor
1266,Magiccoat Reduces Shedding,accessories,,10.99,Magiccoat Reduces Shedding
1284,Magiccoat Tangles & matts,accessories,,10.99,Magiccoat Tangles & matts
61,Magnolia Leaves,accessories,,15.99,Magnolia Leaves
2888,Mamm Large Xtr Monkey Fist,accessories,,13.99,Mamm Lrg Xtr Monkey Fist
2884,Mamm Medium Color Bone,accessories,,4.99,Mamm Medium Color Bone
2890,Mamm Medium Tb E/Ext Loop,accessories,,12.99,Mamm Medium Tb E/Ext Loop
2885,Mamm Medium Xtr Monkey Fist,accessories,,11.99,Mamm Medium Xtr Monkey Fist
2881,Mamm Small Clth Squeak Rope Tpr,accessories,,5.99,Mamm Small Clth Sqk Rope Tpr
2886,Mamm Small Ex Frsh 3 Knot Tug,accessories,,7.99,Mamm Small Ex Frsh 3 Knot Tug
2880,Mamm Small Tpr Bonew Cloth Rope,accessories,,7.99,Mamm Small Tpr Bonew Cloth Rope
2889,Mamm Small Xtr Monkey Fist,accessories,,8.99,Mamm Small Xtr Monkey Fist
2887,Mamm Xfresh 2 Knot Bone Large,accessories,,8.99,Mamm Xfresh 2 Knot Bone Lrg
2883,Mamm Xlrg Color Bone,accessories,,6.99,Mamm Xlrg Color Bone
4416,Marshal Octo-play,accessories,,29.99,Marshal Octo-play
1633,Mediterranean Stainless Steel Double 1 Pint,accessories,,27.99,Mediterranean Stainless Steel Dbbl 1 Pint
1634,Mediterranin Steal Double Diner 1 Qt,accessories,,29.99,Mediterranin Steal Double Diner 1 Qt
5365,Medium Afr Shade Leaf Log,accessories,,14.99,Medium Afr Shade Leaf Log
1727,Medium Blue Solo Bowl Tvrl,accessories,,10.99,Medium Blue Solo Bowl Tvrl
5312,Medium Lighthouse,accessories,,12.99,Medium Lighthouse
5329,Medium Rubble on Float,accessories,,14.99,Medium Rubble on Float
5331,Medium Sea Patrol Chase,accessories,,15.99,Medium Sea Patrol Chase
5332,Medium Sea Patrol Skye,accessories,,14.99,Medium Sea Patrol Skye
4261,Menu Flakes Car & beetroot,accessories,,4.99,Menu Flakes Car & beetroot
2137,Meowee Savory Spoonables 3 Flavor,accessories,,3.99,Meowee Savory Spoonables 3 Flavor
2270,Meowijuana Get Buzzed Toy,accessories,,11.99,Meowijuana Get Buzzed Toy
2268,Meowijuana Get Cheesy Toy,accessories,,9.99,Meowijuana Get Cheesy Toy
2269,Meowijuana Get Smoked Toy,accessories,,10.99,Meowijuana Get Smoked Toy
2271,Meowijuana Jumpnjamb Toy,accessories,,12.99,Meowijuana Jumpnjamb Toy
2272,Meowijuana King Sized Catnip Joints,accessories,,11.99,Meowijuana King Sized Catnip Joints
2280,Meowijuana Meowi-waui,accessories,,10.99,Meowijuana Meowi-waui
2273,Meowijuana Partysize Catnip Joints,accessories,,14.99,Meowijuana Partysize Catnip Joints
5406,Mermaid,accessories,,8.99,Mermaid
5268,Mickey Goofy & Dolphin,accessories,,4.99,Mickey Goofy & Dolphin
5267,Mickey Merminnie Mini,accessories,,6.99,Mickey Merminnie Mini
4800,Milkbne Small Bones,accessories,,9.99,Milkbne Small Bones
5460,Mini Castle,accessories,,8.99,Mini Castle
5363,Mini Coral,accessories,,2.99,Mini Coral
5469,Mini Ship,accessories,,9.99,Mini Ship
5470,Mini Undersea Treasure Chest,accessories,,3.99,Mini Undersea Treasure Chest
5270,Minion Stuart Beach Budd,accessories,,4.99,Minion Stuart Beach Budd
5376,Minions Beacg Buddies Small,accessories,,14.99,Minions Beacg Buddies Small
5272,Minireplica Treasure Chest,accessories,,4.99,Minireplica Treasure Chest
5876,Moon & stars Pj Blue Extra Large,accessories,,20.99,Moon & stars Pj Blue Extra Large
5875,Moon & stars Pj Blue Xxs,accessories,,20.99,Moon & stars Pj Blue Xxs
5298,Mopani Wd Medium,accessories,,14.99,Mopani Wd Medium
5295,Mopani Wd Small,accessories,,16.99,Mopani Wd Small
5435,Mossy Rock Scape,accessories,,28.99,Mossy Rock Scape
5437,Mossy Rock Scape 2,accessories,,26.99,Mossy Rock Scape 2
2780,Mr.bill Toy,accessories,,14.99,Mr.bill Toy
2834,Muktipet Loofa Squeak Mat,accessories,,11.99,Muktipet Loofa Sqk Mat
2729,Mulitpet Small Loofadog,accessories,,4.99,Mulitpet Small Loofadog
6182,"Mw 18"" Single Door",accessories,,42.99,"Mw 18"" Single Door"
6183,"Mw 24"" Single Door",accessories,,59.99,"Mw 24"" Single Door"
6184,"Mw 30"" Single Door",accessories,,83.99,"Mw 30"" Single Door"
6185,"Mw 36"" Single Door",accessories,,97.99,"Mw 36"" Single Door"
6196,"Mw Spree Kennel Green 19""",accessories,,24.99,"Mw Spree Kennel Green 19"""
6198,"Mw Spree Kennel Green 24""",accessories,,29.99,"Mw Spree Kennel Green 24"""
6195,"Mw Spree Kennel Red 19""",accessories,,24.99,"Mw Spree Kennel Red 19"""
6197,"Mw Spree Kennel Red 24""",accessories,,29.99,"Mw Spree Kennel Red 24"""
4354,Mystery Mineral Blck,accessories,,2.99,Mystery Mineral Blck
5297,Natural Driftwood Large,accessories,,16.99,Natural Driftwood Large
5296,Natural Driftwood Medium,accessories,,9.99,Natural Driftwood Medium
5294,Natural Driftwood Small,accessories,,7.99,Natural Driftwood Small
2395,Naturally Fresh Clumping 14lb,accessories,,24.99,Naturally Fresh Clumping 14lb
2396,Naturally Fresh Herbal Attraction 14lb,accessories,,27.99,Naturally Fresh Herbal Attraction 14lb
2399,Naturallyfresh Multicat 26lb,accessories,,42.99,Naturallyfresh Multicat 26lb
2398,Naturallyfresh Quick Clump 26lb,accessories,,39.99,Naturallyfresh Quick Clump 26lb
2397,Naturallyfresh Ultra Odor 14 lb,accessories,,27.99,Naturallyfresh Ultra Odor 14 lb
965,"Naturals 9""coffee Wood Y-branch",accessories,,12.99,"Naturals 9""coffee Wood Y-branch"
1215,Naturals Cocobed Fibers 2.5lbs,accessories,,29.99,Naturals Cocobed Fibers 2.5lbs
5366,Naturals Log Medium,accessories,,31.99,Naturals Log Medium
4380,Naturals Very Peary Chew,accessories,,5.99,Naturals Very Peary Chew
1964,Natures Micracle Catnip Train Spray,accessories,,14.99,Natures Micracle Catnip Train Spray
1839,Natures Mircale No Mark Spray,accessories,,14.99,Natures Mircale No Mark Spray
2685,Naturflex Brontosaurus,accessories,,5.99,Naturflex Brontosaurus
2684,"Naturflex Tinytots T-rex 4.5""",accessories,,5.99,"Naturflex Tinytots T-rex 4.5"""
5317,Nemo,accessories,,8.99,Nemo
5318,Nemo & marlin,accessories,,10.99,Nemo & marlin
5380,Night Shifter Hotwheel Small,accessories,,5.99,Night Shifter Hotwheel Small
5856,Nola Hoodie Tee Large,accessories,,22.99,Nola Hoodie Tee Large
5855,Nola Hoodie Tee Medium,accessories,,22.99,Nola Hoodie Tee Medium
5854,Nola Hoodie Tee Small,accessories,,22.99,Nola Hoodie Tee Small
5852,Nola Mesh Jersey Extra Large,accessories,,33.99,Nola Mesh Jersey Extra Large
5863,Nola Mesh Jersey Extra Small,accessories,,30.99,Nola Mesh Jersey Extra Small
5864,Nola Mesh Jersey Small,accessories,,30.99,Nola Mesh Jersey Small
5853,Nola Onesie Large,accessories,,24.99,Nola Onesie Large
2608,Nola Saints Bottle Toy,accessories,,13.99,Nola Saints Bottle Toy
2607,Nola Saints Burger Toy,accessories,,13.99,Nola Saints Burger Toy
1449,Nutri-vet Asprin,accessories,,22.99,Nutri-vet Asprin
4712,Nutrichomp Braid Chicken 4cnt,accessories,,7.99,Nutrichomp Braid Chicken 4cnt
4812,Nutrichomp Prk Knot,accessories,,7.99,Nutrichomp Prk Knot
1965,Nutrivet Uri-ease Cat Paw Gel,accessories,,15.99,Nutrivet Uri-ease Cat Paw Gel
1638,Oasis Thirst Quencher Faucet Dog,accessories,,21.99,Oasis Thirst Quencher Faucet Dog
1139,Oasis Vita Drops Large Birds,accessories,,20.99,Oasis Vita Drops Large Birds
1140,Oasis Vita Drops Small Birds,accessories,,20.99,Oasis Vita Drops Small Birds
1137,Oasis Vita E-z-mist,accessories,,19.99,Oasis Vita E-z-mist
4254,Oral Syringe & Medium Dropper,accessories,,4.99,Oral Syringe & Medium Dropper
2757,Otwrd Hound Stufffree Fox,accessories,,10.99,Otwrd Hound Stufffree Fox
4050,Oxbw Purcmfrt 28l Natural,accessories,,22.99,Oxbw Purcmfrt 28l Natural
1190,Parrot Starter Kit,accessories,,149.99,Parrot Starter Kit
5335,Patrick on Louge Chair,accessories,,13.99,Patrick on Louge Chair
6187,"Pc 24"" Double Door",accessories,,62.99,"Pc 24"" Double Door"
6188,"Pc 30"" Double Door",accessories,,79.99,"Pc 30"" Double Door"
6189,"Pc 36"" Double Door",accessories,,129.99,"Pc 36"" Double Door"
6186,"Pc 42"" Double Door",accessories,,135.99,"Pc 42"" Double Door"
6180,"Pc 42"" Single Door",accessories,,129.99,"Pc 42"" Single Door"
6190,"Pc 48"" Double Door",accessories,,169.99,"Pc 48"" Double Door"
6181,"Pc 48"" Single Door",accessories,,149.99,"Pc 48"" Single Door"
5364,Peace & love Kit,accessories,,13.99,Peace & love Kit
1923,"Pennplex Felt Steps Dark Grey 13""h",accessories,,78.99,"Pennplex Felt Steps Dark Grey 13""h"
1593,Pennplex Paw Cleaner,accessories,,21.99,Pennplex Paw Cleaner
1363,Perfect Coat Unscented Shamp,accessories,,9.99,Perfect Coat Unscented Shamp
5608,Perfecto 20x18 Glass Top,accessories,,31.99,Perfecto 20x18 Glass Top
5607,"Perfecto 30,34h,&45h",accessories,,40.99,"Perfecto 30,34h,&45h"
1688,Pet Mate Double Cup Large,accessories,,4.99,Pet Mate Double Cup Large
5832,Pet Rainydays Large,accessories,,19.99,Pet Rainydays Large
1739,Petcrestspiralstake,accessories,,10.99,Petcrestspiralstake
2324,Petlinks Litter Mat,accessories,,25.99,Petlinks Litter Mat
4894,Petodot Furrytails,accessories,,8.99,Petodot Furrytails
1924,Petpals Charcoal 4 Level Pet Stairs,accessories,,87.99,Petpals Charcoal 4 Level Pet Stairs
1925,Petpals Zoso 4 Level Pet Stairs,accessories,,99.99,Petpals Zoso 4 Level Pet Stairs
5833,Petrainy Daysxlg,accessories,,27.99,Petrainy Daysxlg
4247,Petwtrbttl 16oz,accessories,,6.99,Petwtrbttl 16oz
4248,Petwtrbttle 32oz,accessories,,8.99,Petwtrbttle 32oz
1388,Pierce's Nu-stock,accessories,,34.99,Pierce's Nu-stock
1489,Pill Crusher,accessories,,6.99,Pill Crusher
1508,Pill Popper,accessories,,4.99,Pill Popper
2334,Pixi Flowfoun Filter 3x,accessories,,8.99,Pixi Flowfoun Filter 3x
5899,Plaid Sweater Red Medium,accessories,,22.99,Plaid Sweater Red Medium
5305,Plant Decor Kit 2md 4xs,accessories,,14.99,Plant Decor Kit 2md 4xs
5306,Plant Decor Kit 2md 4xs,accessories,,14.99,Plant Decor Kit 2md 4xs
1022,"Playful Forage & eng ""raincatcher""",accessories,,6.99,"Playful Forage & eng ""raincatcher"""
5405,Poised Mermaid,accessories,,4.99,Poised Mermaid
1617,Polkadot Bones Fashion Mat,accessories,,9.99,Polkadot Bones Fashion Mat
5499,Polyfiber Pad,accessories,,7.99,Polyfiber Pad
5497,Polyfiber Plus Pad,accessories,,8.99,Polyfiber Plus Pad
5737,Pong Mag Model 5,accessories,,129.99,Pong Mag Model 5
1696,"Portofino Dish Dog Blushpink 5""",accessories,,7.99,"Portofino Dish Dog Blushpink 5"""
5239,Praziguard for Dogs 6tabs,accessories,,18.99,Praziguard for Dogs 6tabs
4062,Prettypets Glider Food,accessories,,10.99,Prettypets Glider Food
5543,Pro-carb 28oz Active Crbn,accessories,,26.99,Pro-carb 28oz Active Crbn
5545,Pro-z 44oz,accessories,,16.99,Pro-z 44oz
6937,Puppy Cup Bacon 13oz,accessories,,11.99,Puppy Cup Bacon 13oz
4674,Puppy-peroni,accessories,,6.99,Puppy-peroni
2305,Pureness Giant 8 Cat Pan Liners,accessories,,6.99,Pureness Giant 8 Cat Pan Liners
2306,Pureness Large 12 Cat Pan Liners,accessories,,6.99,Pureness Large 12 Cat Pan Liners
2307,Pureness Xg Drwstng Pan Liner,accessories,,6.99,Pureness Xg Drwstng Pan Liner
5116,Purewater Pebble Blue Lag 5lb,accessories,,5.99,Purewater Pebble Blue Lag 5lb
5115,Purewater Pebble Neon Orange 5lb,accessories,,5.99,Purewater Pebble Neon Org 5lb
5108,Purewater Pebble Neon Pink,accessories,,5.99,Purewater Pebble Neon Pink
5114,Purewater Pebble Neon Raibow,accessories,,4.99,Purewater Pebble Neon Raibow
5121,Purewater Pebbles Blck Beaty 5lb,accessories,,4.99,Purewater Pebbles Blck Beaty 5lb
5122,Purewater Pebbles Rainbow Gems 5lb,accessories,,5.99,Purewater Pebbles Rainbow Gems 5lb
5120,Purewater Pebbles Snow White 5lb,accessories,,5.99,Purewater Pebbles Snow White. 5lb
5135,Purewatr Pebbles Liberty 25 lb,accessories,,23.99,Purewatr Pebbles Liberty 25 lb
2125,Purr Snackitty Chicken,accessories,,4.99,Purr Snackitty Chicken
2124,Purr Snackitty Salmon,accessories,,4.99,Purr Snackitty Salmon
7038,Python 13 C Switch Part,accessories,,12.99,Python 13 C Switch Part
7036,Python Clean Fill,accessories,,12.99,Python Clean Fill
7039,Python Squeeze,accessories,,19.99,Python Squeeze
1142,Quiko Classic Egg Food,accessories,,12.99,Quiko Classic Egg Food
1141,Quiko Red Egg Food,accessories,,12.99,Quiko Red Egg Food
5424,Rainbow Rock Small,accessories,,8.99,Rainbow Rock Small
5851,Rainy Days Small,accessories,,16.99,Rainy Days Small
2737,"Rascal 5"" Foot",accessories,,4.99,"Rascal 5"" Foot"
2667,Rascal Sheep Toy,accessories,,14.99,Rascal Sheep Toy
2735,"Rascal6.5"" Purple Rhino",accessories,,10.99,"Rascal6.5"" Purple Rhino"
1781,Red Cross Extra Large Life Jacket,accessories,,20.99,Red Cross Extra Large Life Jacket
5408,Red Rock Tank Decor,accessories,,34.99,Red Rock Tank Decor
669,Redline Science Incubator,accessories,,9.99,Redline Science Incubator
5237,Remedyrecv Pet Wrm 8oz,accessories,,12.99,Remedyrecv Pet Wrm 8oz
112,Rep-cal Grow Juv. Bearded D.,accessories,,7.99,Rep-cal Grow Juv. Bearded D.
5773,Replacement Parts,accessories,,20.99,Replacement Parts
5778,Replacement Parts,accessories,,11.99,Replacement Parts
1679,Replendish0.5g.wtrw/Microban,accessories,,19.99,Replendish0.5g.wtrw/Microban
1680,Replendish0.5gwtrw/Micro Grey,accessories,,19.99,Replendish0.5gwtrw/Micro Grey
1705,Replendish2lbfdrw/Micrban,accessories,,19.99,Replendish2lbfdrw/Micrban
1704,Replendish5lbfdrw/Microban,accessories,,32.99,Replendish5lbfdrw/Microban
4688,Rewards Jumpin Stix Duck 4oz,accessories,,9.99,Rewards Jumpin Stix Duck 4oz
4683,Rewards Jumpin Stix Venison 10oz,accessories,,19.99,Rewards Jumpin Stix Venison 10oz
4801,Rewards Mini Salmon,accessories,,5.99,Rewards Mini Salmon
5345,Rhino Skull Resin,accessories,,14.99,Rhino Skull Resin
5900,Ribbed Chenille Sweater Red Extra Large,accessories,,25.99,Ribbed Chenille Swtr Red Extra Large
5501,Ritesize Jh Floss Sleeve,accessories,,12.99,Ritesize Jh Floss Sleeve
5434,Rock & branch Scape,accessories,,29.99,Rock & branch Scape
5426,Rock Stack,accessories,,7.99,Rock Stack
5425,Rock Stack,accessories,,9.99,Rock Stack
5378,Rodger Dodger Hotwheel Small,accessories,,5.99,Rodger Dodger Hotwheel Small
4099,Round Lake Farm Adult Gpig 4lb,accessories,,15.99,Round Lake Farm Adult Gpig 4lb
4098,Round Lake Farm Yng Gpig 4lb,accessories,,15.99,Round Lake Farm Yng Gpig 4lb
1694,Ruffmtuff 2qt,accessories,,12.99,Ruffmtuff 2qt
1693,Ruffntuff 3qt,accessories,,16.99,Ruffntuff 3qt
1649,Ruffntuff Double Diner,accessories,,14.99,Ruffntuff Double Diner
1233,Salon Scents Citrus & pom,accessories,,19.99,Salon Scents Citrus & pom
6923,San Franci Beef Heart 3.5oz,accessories,,7.99,San Franci Beef Heart 3.5oz
4651,Savory Prime Grillers,accessories,,7.99,Savory Prime Grillers
5273,Seasme Big Bird,accessories,,4.99,Seasme Big Bird
5269,Seasme Cookie Monster,accessories,,6.99,Seasme Cookie Monster
5266,Sesame Oscar the Grouch,accessories,,4.99,Sesame Oscar the Grouch
5344,Shark Jaw,accessories,,37.99,Shark Jaw
5901,Shawl Collr Sweater Large Gray,accessories,,19.99,Shawl Collr Swtr Large Gray
2104,Shepboy Freezedried Chckhearts,accessories,,15.99,Shepboy Freezedried Chckhearts
2105,Shepboy Freezedried Minnows,accessories,,19.99,Shepboy Freezedried Minnows
4671,Shephard Freeze Chicken Hearts,accessories,,15.99,Shephard Freeze Chicken Hearts
5352,Shipwreck Bow Large,accessories,,98.99,Shipwreck Bow Large
5462,Shipwreck Bow Small,accessories,,16.99,Shipwreck Bow Small
5472,Shipwreck Small,accessories,,28.99,Shipwreck Small
5351,Shipwreck Stern Large,accessories,,79.99,Shipwreck Stern Large
5445,Shipwreck Stern Medium,accessories,,34.99,Shipwreck Stern Medium
5027,Silent Air B11,accessories,,31.99,Silent Air B11
1857,Simple Solution Small Washable Diaper,accessories,,34.99,Simple Solution Small Washable Diaper
1859,Simplesolution Extra Large Washable Diaper,accessories,,44.99,Simplesolution Extra Large Washable Diaper
1861,Simplesolution Large Washmale Wrap,accessories,,39.99,Simplesolution Large Washmale Wrap
1858,Simplesolution Medium Washable Diaper,accessories,,46.99,Simplesolution Medium Washable Diaper
1860,Simplesolution Medium Washmale Warp,accessories,,33.99,Simplesolution Medium Washmale Warp
5146,Sinkers Ambulia Green Giant,accessories,,12.99,Sinkers Ambulia Green Giant
5143,Sinkers Blom Ludwig Green Super,accessories,,9.99,Sinkers Blom Ludwig Green Super
5145,Sinkers Bloom Ludwig Red Giant,accessories,,11.99,Sinkers Bloom Ludwig Red Giant
5144,Sinkers Bloom Ludwig Red Super,accessories,,9.99,Sinkers Bloom Ludwig Red Super
5142,Sinkers Flrspike Extra Large,accessories,,6.99,Sinkers Flrspike Extra Large
5229,Sinkers Rdwtr Hyacinth Bottom,accessories,,4.99,Sinkers Rdwtr Hyacinth Bottom
5140,Sinkers Water Lily Red Medium,accessories,,5.99,Sinkers Water Lily Red Medium
5141,Sinkers Water Lily White Large,accessories,,7.99,Sinkers Water Lily White Large
5139,Sinkers Water Lily White Medium,accessories,,4.99,Sinkers Water Lily White Medium
5383,Sitting Unicorn,accessories,,10.99,Sitting Unicorn
5310,Skeleton Escape,accessories,,8.99,Skeleton Escape
1706,Skidstop Heavyweight Jumbo,accessories,,10.99,Skidstop Hvyweight Jumbo
1687,Skidstop Heavyweight Large,accessories,,7.99,Skidstop Heavyweight Large
1686,Skidstop Heavyweight Medium,accessories,,6.99,Skidstop Heavyweight Medium
1685,Skidstop Jumbo,accessories,,14.99,Skidstop Jumbo
1684,Skidstop Large,accessories,,10.99,Skidstop Large
1683,Skidstop Medium,accessories,,11.99,Skidstop Medium
5349,Skull Gazer Small Assorted,accessories,,6.99,Skull Gazer Small Assorted
4392,Sleep Sack,accessories,,11.99,Sleep Sack
4255,Smakers Nut,accessories,,5.99,Smakers Nut
1725,Small Blue Double Diner Trvl,accessories,,12.99,Small Blue Double Diner Trvl
1613,Small Food Scoop,accessories,,3.99,Small Food Scoop
145,Small Jelly Pots,accessories,,0.89,Small Jelly Pots
1646,Small Kennel Cup,accessories,,9.99,Small Kennel Cup
5356,Small Plane Wreck,accessories,,7.99,Small Plane Wreck
5463,Small Split Shipwreck,accessories,,15.99,Small Split Shipwreck
1619,Small Tan Bone Place Mat,accessories,,10.99,Small Tan Bone Place Mat
790,Small World .6gal,accessories,,6.99,Small World .6gal
789,Small World Habitat 1g,accessories,,10.99,Small World Habitat 1g
788,Small World Habitat 2.2 Gal,accessories,,16.99,Small World Habitat 2.2 Gal
784,Small World Habitat 2.3 Gal,accessories,,22.99,Small World Habitat 2.3 Gal
787,Small World Habitat 4gal,accessories,,24.99,Small World Habitat 4gal
1092,Smart Play Tower,accessories,,23.99,Smart Play Tower
4642,Smartsticks 12 Chicken,accessories,,13.99,Smartsticks 12 Chicken
4622,Smartsticks 16ct. Chamomile & Lavender,accessories,,12.99,Smartsticks 16ct. Cham & lav
1647,Snappy Fit Stainless Steel Bowls 4c,accessories,,24.99,Snappy Fit Stainless Steel Bowls 4c
1648,Snappyfit Stainlesssteel Bwl 20oz,accessories,,14.99,Snappyfit Stainlesssteel Bwl 20oz
1325,Spa Lavish Renew,accessories,,14.99,Spa Lavish Renew
1324,Spa Lavish White Coat,accessories,,14.99,Spa Lavish White Coat
1232,Spa Lavish for Him,accessories,,12.99,Spa Lavish for Him
1323,Spa Lavish for Him Shamp,accessories,,14.99,Spa Lavish for Him Shamp
5373,Spngeb Pinapple Home,accessories,,14.99,Spngeb Pinapple Home
5338,Spongebob Large,accessories,,20.99,Spongebob Large
5333,Spongebob Snow Board,accessories,,10.99,Spongebob Snow Board
6018,Spree Carrier Blue 19 in,accessories,,24.99,Spree Carrier Blue 19 in
2807,"Spt Axolotl 6""",accessories,,6.99,"Spt Axolotl 6"""
2809,"Spt Axolotl Mermaid 10""",accessories,,8.99,"Spt Axolotl Mermaid 10"""
2798,Spt Axolotl Stuffing Free,accessories,,8.99,Spt Axolotl Stuffing Free
2808,Spt Axolotl W Duck Tube,accessories,,9.99,Spt Axolotl W Duck Tube
2811,Spt Axolotl in Swimwear,accessories,,8.99,Spt Axolotl in Swimwear
2836,Spt Double Knot Tug Strng Flex,accessories,,12.99,Spt Double Knot Tug Strng Flex
2828,Spt Lvtheearth Stuff Free Croc,accessories,,9.99,Spt Lvtheearth Stuff Free Croc
2801,Spt Snuffle Roll Ass. Pzzle,accessories,,9.99,Spt Snuffle Roll Ass. Pzzle
2793,"Spt Sooth Tabbie Lambie 8""",accessories,,8.99,"Spt Sooth Tabbie Lambie 8"""
2795,"Spt Sooth Warm Hug Pal 10""",accessories,,12.99,"Spt Sooth Warm Hug Pal 10"""
2791,"Spt Sooth Wrm Hug Bone 12""",accessories,,8.99,"Spt Sooth Wrm Hug Bone 12"""
2792,"Spt Sooth Wrm Hug Bone 9""",accessories,,6.99,"Spt Sooth Wrm Hug Bone 9"""
5340,Squidwards Easter Island Home,accessories,,14.99,Squidwards Easter Island Home
1911,"Squishmellow Bed "" Beula"" 20in",accessories,,33.99,"Squishmellow Bed "" Beula"" 20in"
1909,"Squishmellow Bed "" Maui"" 24in",accessories,,49.99,"Squishmellow Bed "" Maui"" 24in"
1913,"Squishmellow Bed ""avery"" 24in",accessories,,42.99,"Squishmellow Bed ""avery"" 24in"
1912,"Squishmellow Bed ""beula"" 30in",accessories,,58.99,"Squishmellow Bed ""beula"" 30in"
1910,"Squishmellow Bed ""bubba"" 30in",accessories,,58.99,"Squishmellow Bed ""bubba"" 30in"
1914,"Squishmellow Bed ""gordon"" 24in",accessories,,49.99,"Squishmellow Bed ""gordon"" 24in"
1896,"Squishmellow Bed ""lola"" 20in",accessories,,33.99,"Squishmellow Bed ""lola"" 20in"
4680,St.roccos Cheeseburger 8oz,accessories,,14.99,St.roccos Cheeseburger 8oz
4677,St.roccos Cod 3oz,accessories,,6.99,St.roccos Cod 3oz
4681,St.roccos Cod 8oz,accessories,,14.99,St.roccos Cod 8oz
4679,St.roccos Meat Lover 8oz,accessories,,12.99,St.roccos Meat Lover 8oz
4678,St.roccos Salmon 8oz,accessories,,14.99,St.roccos Salmon 8oz
5325,Star Wars,accessories,,21.99,Star Wars
5126,Stoneyriver Beach 5lb,accessories,,5.99,Stoneyriver Beach 5lb
5124,Stoneyriver Cherokee,accessories,,7.99,Stoneyriver Cherokee
5123,Stoneyriver Jumbo Neautral 5lb,accessories,,7.99,Stoneyriver Jumbo Neautral 5lb
5125,Stoneyriver Nutmeg,accessories,,6.99,Stoneyriver Nutmeg
5384,Stump Ornatment Large,accessories,,19.99,Stump Ornatment Large
679,Suculate Garden,accessories,,15.99,Suculate Garden
918,Sunburts Sticks Lil Fruits,accessories,,2.99,Sunburts Sticks Lil Fruits
5357,Sunken Army Truck,accessories,,7.99,Sunken Army Truck
5438,Sunken Battleship Medium,accessories,,20.99,Sunken Battleship Medium
5444,Sunken Shipwreck Front Medium,accessories,,39.99,Sunken Shipwreck Front Medium
5473,Sunken Treasure Ship Medium,accessories,,34.99,Sunken Treasure Ship Medium
5464,Sunken Treasure Ship Small,accessories,,11.99,Sunken Treasure Ship Small
1393,Supergrow 100,accessories,,18.99,Supergrow 100
5127,Supernatural Gemstone 5lb,accessories,,5.99,Supernatural Gemstone 5lb
5128,Supernatural Jelly Beans 20lb,accessories,,19.99,Supernatural Jelly Beans 20lb
4106,Sweethrvst Gpig 4lb,accessories,,16.99,Sweethrvst Gpig 4lb
5390,Tan Plane Coral Scape,accessories,,45.99,Tan Plane Coral Scape
5238,Tapeworm Dewormer Dogs Tabs,accessories,,33.99,Tapeworm Dewormer Dogs Tabs
5880,Teddybear Hood Robe Extra Small,accessories,,24.99,Teddybear Hood Robe Extra Small
1906,Territory Cow Pet Bd,accessories,,59.99,Territory Cow Pet Bd
5870,Tex Cable Sweater Sage Extra Small,accessories,,20.99,Tex Cable Sweater Sage Extra Small
5874,Texcable Sweater Sage Extra Large,accessories,,26.99,Texcable Sweater Sage Extra Large
5873,Texcable Sweater Sage Large,accessories,,24.99,Texcable Sweater Sage Large
5872,Texcable Sweater Sage Medium,accessories,,19.99,Texcable Sweater Sage Medium
5871,Texcable Sweater Sage Sml,accessories,,19.99,Texcable Sweater Sage Sml
2354,Tidycat Breeze Litter Box,accessories,,73.99,Tidycat Breeze Litter Box
2353,Tidycat Breeze Pads,accessories,,24.99,Tidycat Breeze Pads
2368,Tidycats 24/7 Preformance Lit 20,accessories,,9.99,Tidycats 24/7 Preformance Lit 20
2389,Tidycats Tidy Feet Litter,accessories,,25.99,Tidycats Tidy Feet Litter
5422,Tikiw/ Surfboard,accessories,,14.99,Tikiw/ Surfboard
1240,Timmy Holedigger,accessories,,19.99,Timmy Holedigger
4084,Tinyfriendfarm Chinch 2lb,accessories,,14.99,Tinyfriendfarm Chinch 2lb
1630,Travel Trainer,accessories,,20.99,Travel Trainer
5475,Treasure Chest Extra Large,accessories,,83.99,Treasure Chest Extra Large
5476,Treasure Chest Large,accessories,,39.99,Treasure Chest Large
5471,Treasure Chest Small,accessories,,14.99,Treasure Chest Small
5359,Trex Jurrasic Sml,accessories,,12.99,Trex Jurrasic Sml
804,Troiclean Ntrl Flea & tik Soothing Spray,accessories,,12.99,Troiclean Ntrl Flea & tik Soothing Spray
802,Tropicalen Ntrl Flea & tick Soothing Sham,accessories,,12.99,Tropicalen Ntrl Flea & tick Soothing Sham
4849,"Tuesday 12"" Cll Strt Stics Beef",accessories,,6.99,"Tuesday 12"" Cll Strt Stics Beef"
5354,Tufa Stone Medium,accessories,,12.99,Tufa Stone Medium
944,Tweet Eats Corn Puffs,accessories,,10.99,Tweet Eats Corn Puffs
5379,Twin Mill Hotwheel Small,accessories,,6.99,Twin Mill Hotwheel Small
2287,Uc Combo 1 Story,accessories,,30.99,Uc Combo 1 Story
5243,Ucari Intolerance Test,accessories,,79.99,Ucari Intolerance Test
1403,Ultrajoint for Join Pain Oil,accessories,,26.99,Ultrajoint for Join Pain Oil
5003,Underwater River,accessories,,23.99,Underwater River
5904,Untucked Cab Sweet Navy Medium,accessories,,19.99,Untucked Cab Swt Navy Medium
5911,Untucked Plaid Sweet Gray Extra Small,accessories,,20.99,Untucked Plaid Swt Gray Extra Small
5908,Untucked Plaid Sweet Gray Extra Small,accessories,,20.99,Untucked Plaid Swt Gray Extra Small
5910,Untucked Plaid Sweet Gray Large,accessories,,23.99,Untucked Plaid Swt Gray Large
5909,Untucked Plaid Sweet Gray Medium,accessories,,21.99,Untucked Plaid Swt Gray Medium
1710,Vaness Dual 42oz,accessories,,4.99,Vaness Dual 42oz
1711,Vaness Single 16oz,accessories,,2.99,Vaness Single 16oz
5361,Velociraptors Sml,accessories,,12.99,Velociraptors Sml
1378,Vetericyn Anitmicro Eye Wash,accessories,,22.99,Vetericyn Anitmicro Eye Wash
1376,Vetericyn Antimicro Dressing Gel,accessories,,28.99,Vetericyn Antimicro Dressing Gel
1379,Vetericyn Antimicro Ear Rinse,accessories,,20.99,Vetericyn Antimicro Ear Rinse
1967,Vetericyn Facial Therepy Cat,accessories,,21.99,Vetericyn Facial Therepy Cat
1966,Vetericyn Hydrogel Cat,accessories,,25.99,Vetericyn Hydrogel Cat
1377,Vetericyn Pet Eye Gel,accessories,,29.99,Vetericyn Pet Eye Gel
904,Vitacraft Sticks Egg and Honey Keets,accessories,,4.99,Vitacraft Sticks Egg and Honey Keets
4314,Vitadrops Pigs,accessories,,17.99,Vitadrops Pigs
4313,Vitadrops Pure C Pigs,accessories,,19.99,Vitadrops Pure C Pigs
4108,Vitagarden Gpig 4lb,accessories,,15.99,Vitagarden Gpig 4lb
4094,Vitagarden Ham & grbl 2.5 lb,accessories,,7.99,Vitagarden Ham & grbl 2.5 lb
4281,Vitaherbal Rice Ring,accessories,,4.99,Vitaherbal Rice Ring
4776,Vitaless Chicken Breast 2.1oz,accessories,,11.99,Vitaless Chicken Breast 2.1oz
4773,Vitaless Duck Bites 2.0oz,accessories,,14.99,Vitaless Duck Bites 2.0oz
4770,Vitaless. Salmon Bites 2.5oz,accessories,,14.99,Vitaless. Salmon Bites 2.5oz
1221,Vitaseed Caliblend 25lbs,accessories,,87.99,Vitaseed Caliblend 25lbs
6036,"Voyager Blue 24""",accessories,,42.99,"Voyager Blue 24"""
6028,Voyager Blue 26.6,accessories,,52.99,Voyager Blue 26.6
6037,"Voyager Grey 24""",accessories,,43.99,"Voyager Grey 24"""
6035,"Voyager Pink 24""",accessories,,43.99,"Voyager Pink 24"""
6027,Voyager Pink 26.6,accessories,,51.99,Voyager Pink 26.6
966,"Wacky Wood 14""",accessories,,11.99,"Wacky Wood 14"""
967,"Wacky Wood 24""",accessories,,17.99,"Wacky Wood 24"""
968,"Wacky Wood 36""",accessories,,21.99,"Wacky Wood 36"""
1274,Washaway Green Tea Shamp,accessories,,14.99,Washaway Green Tea Shamp
1275,Washaway Lemon Verbena Shamp,accessories,,14.99,Washaway Lemon Verbena Shamp
1276,Washaway Simply Clean Shamp,accessories,,14.99,Washaway Simply Clean Shamp
4476,We Ear Natural,accessories,,2.99,We Ear Natural
1846,Weeweed Dispo Liner Pads 10pk,accessories,,10.99,Weeweed Dispo Liner Pads 10pk
1813,Weeweespringactgrss Scoop Extra Large,accessories,,27.99,Weeweespringactgrss Scoop Extra Large
5315,Weird Watrs Sign,accessories,,4.99,Weird Watrs Sign
4309,Wettail Drops,accessories,,18.99,Wettail Drops
4906,Wick Trimmer,accessories,,7.99,Wick Trimmer
1227,Wild Bird 20 Lbs,accessories,,24.99,Wild Bird 20 Lbs
5006,Wizard Algae Scrubber Pad,accessories,,4.99,Wizard Algae Scrubber Pad
4676,Wln Puppy Bites,accessories,,5.99,Wln Puppy Bites
5776,Wonder Shell,accessories,,6.99,Wonder Shell
5385,Wood Decor,accessories,,19.99,Wood Decor
2781,Woody Woodpecker Toy,accessories,,14.99,Woody Woodpecker Toy
2369,Worldsbestcatlitter Lavender.8lb,accessories,,18.99,Worldsbestcatlitter Lav.8lb
2372,Worldsbestcatlitter Multi 28lb,accessories,,39.99,Worldsbestcatlitter Multi 28lb
2371,Worldsbestcatlitter Multi 8lb,accessories,,19.99,Worldsbestcatlitter Multi 8lb
2370,Worldsbestcatlitter Unsc. 15lb,accessories,,45.99,Worldsbestcatlitter Unsc. 15lb
4946,Yummy Crumbs L 12oz,accessories,,25.99,Yummy Crumbs L 12oz
4944,Yummycmbs Extra Large 12oz,accessories,,25.99,Yummycmbs Extra Large 12oz
4945,Yummycmbs Small 12oz,accessories,,25.99,Yummycmbs Small 12oz
1802,Zenpet Buddy Lift L/Extra Large,accessories,,50.99,Zenpet Buddy Lift L/Extra Large
1801,Zenpet Buddylift,accessories,,40.99,Zenpet Buddylift
1482,Zenpet Wrap,accessories,,10.99,Zenpet Wrap
1642,Zeus Fountain Filter Pads,accessories,,24.99,Zeus Fountain Filter Pads
1677,Zeus H2eau Fountain Dog,accessories,,43.99,Zeus H2eau Fountain Dog
4808,Zig Sft Duck Bites,accessories,,6.99,Zig Sft Duck Bites
4807,Zig Sft Lamb Bites,accessories,,6.99,Zig Sft Lamb Bites
4806,Zig Sft Salmon Bites,accessories,,6.99,Zig Sft Salmon Bites
4802,Zig Treats Duck 12oz,accessories,,7.99,Zig Treats Duck 12oz
4804,Zig Treats Lamb 12oz,accessories,,7.99,Zig Treats Lamb 12oz
4805,Zig Treats Prk,accessories,,7.99,Zig Treats Prk
4803,Zig Treats Trout 12oz,accessories,,6.99,Zig Treats Trout 12oz
460,Zila Durable Dish M.,accessories,,4.99,Zila Durable Dish M.
226,Zila Fruit Mix,accessories,,13.99,Zila Fruit Mix
4397,Zzzz Hammock,accessories,,10.99,Zzzz Hammock
5815,.5 Dory Betta Tank,aquatics,aquatic,16.99,.5 Dory Betta Tank
5808,.5g Dory Betta Tank,aquatics,aquatic,16.99,.5g Dory Betta Tank
5805,.5g Spongebob Betta Tank,aquatics,aquatic,15.99,.5g Spongebob Betta Tank
5809,.7g Dory Betta Tank,aquatics,aquatic,19.99,.7g Dory Betta Tank
5817,1-3 Betta Tank Kit,aquatics,aquatic,29.99,1-3 Betta Tank Kit
5807,1.5g Spongebob Fish Tank,aquatics,aquatic,32.99,1.5g Spongebob Fish Tank
7299,Activ Betta Black Gravel,aquatics,aquatic,4.99,Activ Betta Black Gravel
7298,Activ Betta Neon Gravel,aquatics,aquatic,4.99,Activ Betta Neon Gravel
7297,Activ Betta White Sand,aquatics,aquatic,3.99,Activ Betta White Sand
5496,Ammonia Remover Pad,aquatics,,8.99,Ammonia Remover Pad
5520,Ammonia-x Cat Ax2,aquatics,,4.99,Ammonia-x Cat Ax2
5519,Ammonia-x Cat Ax3,aquatics,,5.99,Ammonia-x Cat Ax3
5407,Aqua Marine Item- Assorted,aquatics,aquatic,4.99,Aqua Marine Item- Assorted
5568,Aquaclear 20g Filter,aquatics,,44.99,Aquaclear 20g Filter
5567,Aquaclear 30g Filter,aquatics,,52.99,Aquaclear 30g Filter
5566,Aquaclear 50g Filter,aquatics,,59.99,Aquaclear 50g Filter
5565,Aquaclear Powerhead Attach,aquatics,,13.99,Aquaclear Powerhead Attach
5151,"Aquaplnt 2"" 6pk Natural Betta Plant",aquatics,aquatic,5.99,"Aquaplnt 2"" 6pk Natural Betta Plant"
7265,Aquarium Solution Betta Revive,aquatics,aquatic,2.99,Aquarium Solut Betta Revive
7266,Aquarium Solution Betta Ultimate,aquatics,aquatic,1.99,Aquarium Solut Betta Ultimate
7264,Aquarium Solution Herbal Betta Revive,aquatics,aquatic,3.99,Aquarium Solut Herbal Betta Revive
7111,Aquarium Solutions Prazipro 16oz,aquatics,aquatic,49.99,Aquarium Solutions Prazipro 16oz
7110,Aquarium Solutions Prazipro 4oz,aquatics,aquatic,17.99,Aquarium Solutions Prazipro 4oz
5282,Aquascapes Glow Bunch,aquatics,,3.99,Aquascapes Glow Bunch
5283,Aquascapes Glw Bunch Medium Green/Pink,aquatics,,3.99,Aquascapes Glw Bunch Medium Green/Pink
5281,Aquascapes Large Red Bunch,aquatics,,3.99,Aquascapes Lrg Red Bunch
5275,Aquascapes Medium Green/Pink Bunch,aquatics,,3.99,Aquascapes Medium Green/Pink Bunch
5276,Aquascapes Medium Green/Purple Bunch,aquatics,,3.99,Aquascapes Medium Green/Purple Bunch
5280,Aquascapes Medium Ostrich Fern Bunch,aquatics,,3.99,Aquascapes Medium Ostrich Fern Bunch
5279,Aquascapes Medium Pnnywrt Bunch,aquatics,,3.99,Aquascapes Medium Pnnywrt Bunch
5130,Aquascapes Midnight River,aquatics,,31.99,Aquascapes Midnight River
5129,Aquascapes Moodlight,aquatics,,29.99,Aquascapes Moodlight
5277,Aquascapes Small Purpl Bunch,aquatics,,3.99,Aquascapes Small Purpl Bunch
5278,Aquascapes Small Yell Bunch,aquatics,,2.99,Aquascapes Small Yell Bunch
7375,Assorted Fancy Angel Reg,aquatics,aquatic,2.99,
7376,Assorted Veil Angel Reg,aquatics,aquatic,3.99,
5362,Assrt Fish Small,aquatics,aquatic,4.99,Assrt Fish Small
5074,Bactosurge Sponge Filter Extra Large,aquatics,,24.99,Bactosurge Sponge Filter Extra Large
5073,Bactosurge Sponge Filter Large,aquatics,,10.99,Bactosurge Sponge Filter Large
5382,Barbie Mermaid Medium,aquatics,aquatic,12.99,Barbie Mermaid Medium
5381,Barbies Mermaid Medium,aquatics,aquatic,12.99,Barbies Mermaid Medium
6843,"Beef Cat Tuna, Tilapia 3oz",aquatics,,1.39,B.F.F. Cat Tuna.tilapia 3oz
5816,Betta Bow Front Double Tank Kit,aquatics,aquatic,13.99,Betta Bow Front Dbbl Tank Kit
5449,Brooklyn Bridge Medium,aquatics,aquatic,48.99,Brooklyn Bridge Medium
5097,Caribsea Cichlid 20lb Sand,aquatics,aquatic,32.99,Caribsea Cichlid 20lb Sand
5579,Cascade100 Filter,aquatics,,31.99,Cascade100 Filter
5581,Cascade150 Filter,aquatics,,44.99,Cascade150 Filter
5577,Cascade20 Filter,aquatics,,20.99,Cascade20 Filter
5582,Cascade200 Filter,aquatics,,43.99,Cascade200 Filter
5583,Cascade300 Filter,aquatics,,53.99,Cascade300 Filter
5578,Cascade80 Filter,aquatics,,28.99,Cascade80 Filter
1733,Cat/Doglife Filter Cartridge Replace,aquatics,,8.99,Cat/Doglife Filter Cartridge Replace
5300,Cichlid Hut,aquatics,aquatic,6.99,Cichlid Hut
5323,Clown Fish,aquatics,aquatic,5.99,Clown Fish
5080,Decor Aqua Filter,aquatics,,29.99,Decor Aqua Filter
7364,Dinosaur Senegalus Polypterus Tank Raised Reg,aquatics,aquatic,6.99,
7381,Feeder Rosy Red 500 Count,aquatics,aquatic,46.99,
7382,Feeder Rosy Red Each Reg,aquatics,aquatic,0.18,
4999,Filter-a-brush,aquatics,,5.99,Filter-a-brush
4995,Filter-a-brush Kit,aquatics,,7.99,Filter-a-brush Kit
5522,Filter-a-carb Fc2,aquatics,,4.99,Filter-a-carb Fc2
5521,Filter-a-carb Fc3,aquatics,,6.99,Filter-a-carb Fc3
5523,Filter-a-carb Fc4,aquatics,,3.99,Filter-a-carb Fc4
5694,Fluvalsea Cp2 Pump,aquatics,aquatic,39.99,Fluvalsea Cp2 Pump
5708,Fluvalsea Cp3 Pump,aquatics,aquatic,54.99,Fluvalsea Cp3 Pump
5810,Frozen Betta Tank,aquatics,aquatic,19.99,Frozen Betta Tank
5799,Ginger Float Pond Pellet 14oz,aquatics,,10.99,Ginger Float Pond Pellet 14oz
5798,Ginger Prem Float Pond Pellet 16oz,aquatics,,12.99,Ginger Prem Float Pond Pellet 16oz
5322,Hank on Sand Medium,aquatics,,12.99,Hank on Sand Medium
5770,Laguna Float Thermometer,aquatics,,7.99,Laguna Float Thermometer
5762,Laguna Skimmer Pump,aquatics,,229.99,Laguna Skimmer Pump
5090,Led Air Stone,aquatics,,10.99,Led Air Stone
5448,Madison Bridge,aquatics,aquatic,35.99,Madison Bridge
5494,Marinelnd Bonded Filter Pad 1 Pack,aquatics,aquatic,8.99,Marinelnd Bonded Filter Pad 1 Pack
5735,Micra Plus Pump,aquatics,,39.99,Micra Plus Pump
5263,Mini Replica Fish,aquatics,aquatic,4.99,Mini Replica Fish
5082,Nano Air Pump,aquatics,,8.99,Nano Air Pump
7349,Otocinclus Reg,aquatics,aquatic,2.99,
5772,Ovation-1000 Filter,aquatics,,7.99,Ovation-1000 Filter
5771,Ovation-380 Filter,aquatics,,6.99,Ovation-380 Filter
7347,Painted Glass Fish Reg,aquatics,aquatic,5.99,
5299,Pleco Cave,aquatics,aquatic,19.99,Pleco Cave
5774,Podmaster Pond Filter,aquatics,,16.99,Podmaster Pond Filter
5419,Rialto Bridge Medium,aquatics,aquatic,42.99,Rialto Bridge Medium
5418,Rialto Bridge Small,aquatics,aquatic,19.99,Rialto Bridge Small
6922,San Franci Cichlid Delight 3.5oz,aquatics,aquatic,8.99,San Franci Cichlid Delight 3.5oz
5402,Sea Anemone Blue Medium,aquatics,,13.99,Sea Anemone Blue Medium
5401,Sea Anemone Pink Medium,aquatics,,13.99,Sea Anemone Pink Medium
5806,Spongebob Betta Tank,aquatics,aquatic,22.99,Spongebob Betta Tank
5106,Stoney River Black Sand 5lb,aquatics,,7.99,Stoney River Black Sand 5lb
5103,Stoney River Carribean Sand 5lb,aquatics,,7.99,Stoney River Carribean Sand 5lb
5104,Stoney River Java Sand 5lb,aquatics,,7.99,Stoney River Java Sand 5lb
5105,Stoney River White Sand 5lb,aquatics,,7.99,Stoney River White Sand 5lb
5244,Suziescbd Pumpkin 6oz,aquatics,,16.99,Suziescbd Pumpkin 6oz
5081,The Bubbler Bottm Filter,aquatics,,5.99,The Bubbler Bottm Filter
5420,Troll Bridge,aquatics,aquatic,59.99,Troll Bridge
5562,Undergravel Filter 20-15g,aquatics,,17.99,Undergravel Filter 20-15g
5563,Undergravel Filter 29/20g,aquatics,,18.99,Undergravel Filter 29/20g
5564,Undergravel Filter 40/55g,aquatics,,28.99,Undergravel Filter 40/55g
5513,Undergravel Upgrade Kit,aquatics,,8.99,Undergravel Upgrade Kit
5561,Undergrvel Filter 10g,aquatics,,12.99,Undergrvel Filter 10g
6335,Welln White Fish 26lb,aquatics,,57.99,Welln White Fish 26lb
7348,Zebra Nerite Snail Reg,aquatics,aquatic,2.99,
5309,Zombie Fish,aquatics,aquatic,9.99,Zombie Fish
1625,"Best Friends Cat 6"" Dish",beds,,7.99,"Best Friends Cat 6"" Dish"
1709,Crock Heavyweight 106oz,beds,,12.99,Crock Hvyweight 106oz
1707,Crock Heavyweight 20oz,beds,,4.99,Crock Hvyweight 20oz
1708,Crock Heavyweight 52oz,beds,,8.99,Crock Hvyweight 52oz
1915,Hello Kitty Pet Bed Large Pink,beds,,54.99,Hello Kitty Pet Bed Large Pink
1916,Hello Kitty Pet Bed Small White,beds,,33.99,Hello Kitty Pet Bed Small White
982,"A & e 18"" Sand Perches",birdSupplies,,10.99,"A & e 18"" Sand Perches"
1184,Ae Assorted Bird Cage,birdSupplies,,24.99,Ae Assorted Bird Cage
1185,Ae Variety Bird Cage,birdSupplies,,25.99,Ae Variety Bird Cage
1156,California Blend Parrot,birdSupplies,,22.99,California Blend Parrot
1207,Cozy Cotton Nesting Material,birdSupplies,,2.99,Cozy Cotton Nesting Material
879,Finch Fries,birdSupplies,,3.99,Finch Fries
1202,Finch Twig Nest,birdSupplies,,5.99,Finch Twig Nest
1198,Happybeaks Bird Nest,birdSupplies,,5.99,Happybeaks Bird Nest
951,Insight Sand Perch T-perch,birdSupplies,,6.99,Insight Sand Perch T-perch
958,Livingworld Sand Perch Covers,birdSupplies,,3.99,Livingworld Sand Perch Covers
4422,Medium. Oval Basket Nest,birdSupplies,,9.99,Medium. Oval Basket Nest
1209,Oval Basket Nest Large,birdSupplies,,14.99,Oval Basket Nest Large
1208,Oval Basket Nest Medium,birdSupplies,,12.99,Oval Basket Nest Medium
1213,Penplax Bird Bath,birdSupplies,,10.99,Penplax Bird Bath
1161,Safflower Gold Conure & cockatiel,birdSupplies,,15.99,Safflower Gold Conure & cockatiel
1222,Safflower Gold Conure & tiel 25lbs,birdSupplies,,83.99,Safflower Gold Conure & tiel 25lbs
1223,Safflower Gold Parrot 25lbs,birdSupplies,,99.99,Safflower Gold Parrot 25lbs
1153,Safflowergold Parrot,birdSupplies,,17.99,Safflowergold Parrot
4423,Small Oval Basket Nest,birdSupplies,,6.99,Small Oval Basket Nest
2193,Blue Wilderness Chick & turkey Treat,catTreats,,5.99,Blue Wilderness Chick & turkey Treat
2183,Blue Wilderness Chicken & Duck Cat Treats,catTreats,,5.99,Blue Wilderness Chnk & Duck Cat Treats
4277,Complete Crunch Carrot,catTreats,,6.99,Complete Crunch Carrot
4276,Complete Crunch Cheese,catTreats,,6.99,Complete Crunch Cheese
2136,Fussiecat Mackrel Puree 4pk,catTreats,,3.99,Fussiecat Mackrel Puree 4pk
2135,Fussiecat Oceanfish Puree 4pk,catTreats,,3.99,Fussiecat Oceanfish Puree 4pk
2134,Fussiecat Sardine Puree 4pk,catTreats,,3.99,Fussiecat Sardine Puree 4pk
2130,Fussiecat Tuna & anchovies Puree 4pk,catTreats,,3.99,Fussiecat Tuna & anchovies Puree 4pk
2131,Fussiecat Tuna Puree 4pk,catTreats,,3.99,Fussiecat Tuna Puree 4pk
2203,Meowijuana Chicken Flavor Treats,catTreats,,5.99,Meowijuana Chicken Flavor Treats
2211,Meowijuana Seafood Medley Treat,catTreats,,4.99,Meowijuana Seafood Medley Treat
2103,Nacho Duck Liver Cat Treats,catTreats,,4.99,Nacho Duck Liver Cat Treats
4684,Rewards Crunch Bison Small Breed Duck 8oz,catTreats,,6.99,Rewards Crunch Bison Small Breed Duck 8oz
4685,Rewards Crunch Bison Small Breed Salmon 8oz,catTreats,,6.99,Rewards Crunch Bison Small Breed Salmon 8oz
4689,Rewards Crunch Duck 14oz,catTreats,,12.99,Rewards Crunch Duck 14oz
4690,Rewards Crunch Venison 14oz,catTreats,,12.99,Rewards Crunch Venison 14oz
2126,Surf Kitty Kitty Treats,catTreats,,4.99,Surf Kitty Kitty Treats
4475,We Munch & crunch Large,catTreats,,6.99,We Munch & crunch Large
6192,"Exercise Pen 30""",dogCages,,89.99,"Exercise Pen 30"""
6194,"Exercise Pen 48""",dogCages,,184.99,"Exercise Pen 48"""
6191,"Mw Exercise Pen 24""",dogCages,,75.99,"Mw Exercise Pen 24"""
6193,"Pc Exercise Pen 36""",dogCages,,89.99,"Pc Exercise Pen 36"""
6016,Pop Up Playpen,dogCages,,199.99,Pop Up Playpen
6022,"Vari Kennel 19""",dogCages,,34.99,"Vari Kennel 19"""
6021,"Vari Kennel 24""",dogCages,,59.99,"Vari Kennel 24"""
6023,"Vari Kennel 28""",dogCages,,99.99,"Vari Kennel 28"""
6019,"Vari Kennel 32""",dogCages,,149.99,"Vari Kennel 32"""
6020,"Vari Kennel 36""",dogCages,,159.99,"Vari Kennel 36"""
6014,Vari Kennel 70-90lb,dogCages,,199.99,Vari Kennel 70-90lb
6015,Vari Kennel Giant,dogCages,,419.99,Vari Kennel Giant
4439,"10"" Collagen Sticks Chicken",dogTreats,,2.99,"10"" Collagen Sticks Chicken"
4438,"10"" Collagen Sticks Peanut Butter",dogTreats,,2.99,"10"" Collagen Sticks Peanut Butter"
4441,"10"" Collagen Sticks Steak",dogTreats,,2.99,"10"" Collagen Sticks Steak"
4437,"10""collagen Sticks Original",dogTreats,,2.99,"10""collagen Sticks Original"
4481,"7"" Collagen Stick Bacon",dogTreats,,1.99,"7"" Collagen Stick Bacon"
4480,"7"" Collagen Stick Chicken",dogTreats,,1.99,"7"" Collagen Stick Chicken"
4478,"7"" Collagen Stick Original",dogTreats,,1.99,"7"" Collagen Stick Original"
4479,"7"" Collagen Stick Peanut Butter",dogTreats,,1.99,"7"" Collagen Stick Peanut Butter"
4482,"7"" Collagen Stick Steak",dogTreats,,1.99,"7"" Collagen Stick Steak"
4707,Beggin Bacon & Cheese,dogTreats,,5.99,Beggin Bacon & chhese
4675,Beggin Strips,dogTreats,,5.99,Beggin Strips
2175,Blue Wilderness Chunk & salmon Treats,dogTreats,,5.99,Blue Wilderness Chnk & salmon Treats
5897,Cool Stripe Sweater Gray Large,dogTreats,,23.99,Cool Stripe Sweater Gray Large
4706,Fruitables Bacon & appl,dogTreats,,6.99,Fruitables Bacon & appl
4705,Fruitables Pumpkin,dogTreats,,8.99,Fruitables Pumpkin
4704,Fruitables Sweet Pot,dogTreats,,6.99,Fruitables Sweet Pot
5447,Gray Striped Rock 3pc Kit,dogTreats,,44.99,Gray Striped Rock 3pc Kit
5862,Lsu Stripe Tee Large,dogTreats,,18.99,Lsu Stripe Tee Large
5861,Lsu Stripe Tee Medium,dogTreats,,18.99,Lsu Stripe Tee Medium
5860,Lsu Stripe Tee Small,dogTreats,,18.99,Lsu Stripe Tee Small
6315,Pure Vita Small Bite Grain Free Frozen Turkey 4lb,dogTreats,,21.99,Pure Vita Small Bi Gr Frozen Turkey 4lb
5474,Striped Pirate Ship Medium,dogTreats,,64.99,Striped Pirate Ship Medium
5465,Striped Pirate Ship Small,dogTreats,,19.99,Striped Pirate Ship Small
5245,Suziescbd Apple 6oz,dogTreats,,16.99,Suziescbd Apple 6oz
5246,Suziescbd Original 6oz,dogTreats,,16.99,Suziescbd Orignial 6oz
1351,Tropicleanoxymed Medicated,dogTreats,,13.99,Tropicleanoxymed Medicated
1352,Tropicleanoxymed Pawpad Lotion,dogTreats,,9.99,Tropicleanoxymed Pawpad Lotion
1350,Tropicleanoxymedantiitch Medi Spray,dogTreats,,10.99,Tropicleanoxymedantiitch Medi Spray
4848,Tuesday Beef Bladder,dogTreats,,7.99,Tuesday Beef Bladder
4771,Vitaless Beef Tripe Bites 2.3oz,dogTreats,,14.99,Vitaless Beef Tripe Bites 2.3oz
4311,Alfalfa & calcium Block,food,,2.99,Alfalfa & calcium Block
6844,"Beef Tuna, Chicken 3oz",food,,1.39,"B.F.F. Tuna,Chicken 3oz"
6845,"Beef Tuna, Salmon 3oz",food,,1.39,"B.F.F. Tuna,Salmon 3oz"
6627,Cand Chicken 13oz,food,,2.79,Cand Chicken 13oz
6626,Cand Multi 13oz,food,,2.89,Cand Multi 13oz
6625,Canid Lamb 13oz,food,,3.09,Canid Lamb 13oz
6451,Canid Multi 40lb,food,,57.99,Canid Multi 40lb
1392,Canine Red Cell,food,,18.99,Canine Red Cell
5098,Caribsea African Cichlad Mix 20lb,food,,22.99,Caribsea African Cichlad Mix 20lb
1616,Dinner Mat,food,,12.99,Dinner Mat
1133,Exact Hand Feeding Formula,food,,18.99,Exact Hand Feeding Formula
1435,Freshbreathe Hip & Joint 33.8 oz,food,,21.99,Freshbreathe Hip & Joint 33.8 oz
1433,Freshbreathe Support Skin Health 33.8 oz,food,,18.99,Freshbreathe Support Skin Health 33.8 oz
6708,From Cat Adult 3oz,food,,1.39,From Cat Adult 3oz
6709,From Cat Salmon & tun 3oz,food,,1.69,From Cat Salmon & tun 3oz
6707,From Kitten 3oz,food,,1.49,From Kitten 3oz
6711,From PurrSnickety Duck Liv 3oz,food,,2.29,From PurrSnickety Du Liv 3oz
6710,From PurrSnickety Duck Stew 3oz,food,,2.29,From PurrSnickety Du Stew 3oz
6712,From PurrSnickety Shred Chicken,food,,2.29,From PurrSnickety Shred Chicken
2132,Fussiecat Tuna & shrimppur 4pk,food,,3.99,Fussiecat Tuna & shrimppur 4pk
1134,Hagan Tropican Handfeeding Formula,food,,11.99,Hagan Tropican Handfeeding Formula
940,Hari Spray Millet,food,,5.99,Hari Spray Millet
4702,Healthext. 3.5 oz Salmon,food,,12.99,Healthext. 3.5 oz Salmon
5427,Kitbox Volcano,food,,67.99,Kitbox Volcano
6673,Kitten Chow 14lb,food,,29.99,Kitten Chow 14lb
6665,Kitten Chow 3.15lb,food,,8.99,Kitten Chow 3.15lb
931,Lafebers Avi Cakes,food,,13.99,Lafebers Avi Cakes
933,Lafebers El Paso Nutri Berries Parrot,food,,14.99,Lafebers El Paso Nutri Berries Parrot
932,Lafebers Featuing Popcorn,food,,10.99,Lafebers Featuing Popcorn
934,Lafebers Garden Veggie Nutriberries,food,,14.99,Lafebers Garden Veggie Nutriberries
930,Lafebers Pellet Berries,food,,16.99,Lafebers Pellet Berries
6322,Max Bully 30lb,food,,67.99,Max Bully 30lb
6321,Max Bully 5lb,food,,18.99,Max Bully 5lb
5468,Mini Undersea Mini Cannon,food,,3.99,Mini Undersea Mini Cannon
6553,Natural Bal Duck 13.2oz,food,,3.79,Natural Bal Duck 13.2oz
6552,Natural Bal Plant 13oz,food,,3.09,Natural Bal Plant 13oz
6554,Natural Bal Salmon 13oz,food,,3.39,Natural Bal Salmon 13oz
2394,Naturally Fresh Pellets 10lb,food,,10.99,Naturally Fresh Pellets 10lb
6410,Next Level Hi Pro 30 50lb,food,,61.99,Next Level Hi Pro 30 50lb
6073,Pacific Stream Puppy 14lb,food,,34.99,Pacific Stream Puppy 14lb
6072,Pacific Stream Puppy 5lb,food,,13.99,Pacific Stream Puppy 5lb
5334,Patrick in Canoe,food,,7.99,Patrick in Canoe
1724,Pm Easy Reach Dinner Extra Large,food,,49.99,Pm Easy Reach Dinner Extra Large
5542,Pro-carb 17 oz Active Crbn,food,,16.99,Pro-carb 17 oz Active Crbn
5544,Pro-carbz 34 oz,food,,19.99,Pro-carbz 34 oz
6386,Proi Plan Lamb Puppy 18lb,food,,47.99,Proi Plan Lamb Puppy 18lb
6314,Pure Vita Chicken & Brown Rice 5lb,food,,16.99,Pure Vita Chicken & Brown Rice 5lb
6320,Pure Vita Grain Free Frozen Beef 25lb,food,,78.99,Pure Vita Gr Frozen Beef 25lb
6319,Pure Vita Grain Free Frozen Beef 4lb,food,,22.99,Pure Vita Gr Frozen Beef 4lb
6312,Pure Vita Grain Free Frozen Salmon & Pea 12lb,food,,47.99,Pure Vita Gr Frozen Salmon & Pea 12lb
6313,Pure Vita Grain Free Frozen Salmon & Pea 25lb,food,,69.99,Pure Vita Gr Frozen Salmon & Pea 25lb
6311,Pure Vita Grain Free Frozen Salmon & Pea 5lb,food,,21.99,Pure Vita Gr Frozen Salmon & Pea 5lb
6318,Pure Vita Grain Free Frozen Turkey 25lb,food,,65.99,Pure Vita Gr Frozen Yurkey 25lb
6317,Pure Vita Turkey Grain Free 12lb,food,,43.99,Pure Vita Turkey Gr Fe 12lb
6316,Pure Vita Turkey Grain Free Frozen 4lb,food,,18.99,Pure Vita Turkey Gr Frozen 4lb
6703,P{ro Plan Cat Urin Turkey 3oz,food,,1.89,P{ro Plan Cat Urin Turkey 3oz
6400,Shep Boy Chicken Fdr 14oz,food,,33.99,Shep Boy Chicken Fdr 14oz
1615,Small Dinner Mat,food,,9.99,Small Dinner Mat
2355,Tidycat Breeze Litter Pellets,food,,17.99,Tidycat Breeze Litter Pellets
6054,Toe Anc Prairie 28lb,food,,53.99,Toe Anc Prairie 28lb
6450,Valu Pak 24/20 Red 50lb,food,,42.99,Valu Pak 24/20 Red 50lb
6449,Valu Pak 28/20 Bla 50lb,food,,45.99,Valu Pak 28/20 Bla 50lb
6448,Valu Pak 30/20 Purpl 50lb,food,,48.99,Valu Pak 30/20 Purpl 50lb
4774,Vitaless Beef Liver 2.1 oz,food,,7.99,Vitaless Beef Liver 2.1 oz
4777,Vitaless Chicken Heart 1.9 oz,food,,14.99,Vitaless Chicken Heart 1.9 oz
4775,Vitaless Minnows 1.0 oz,food,,13.99,Vitaless Minnows 1.0 oz
6551,Welln 95% Beef 13.2oz,food,,4.39,Welln 95% Beef 13.2oz
6550,Welln Beef Stew 12.5oz,food,,4.19,Welln Beef Stew 12.5oz
6549,Welln Lamb Stew 12.5oz,food,,4.19,Welln Lamb Stew 12.5oz
6334,Welln Small Breed Core 12lb,food,,48.99,Welln Small Breed Core 12lb
6333,Welln Small Breed Turkey 4lb,food,,19.99,Welln Small Breed Turkey 4lb
6332,Welln Small Breed Weight 4lb,food,,21.99,Welln Small Breed Weight 4lb
2312,Arm & hammer Litter Fragrence Booster,healthcare,,6.99,Arm & hammer Litter Fragrence Booster
1383,Bannixx Shampoo,healthcare,,31.99,Bannixx Shampoo
1381,Bannixx Wound Care Cream 4oz,healthcare,,17.99,Bannixx Wound Care Cream 4oz
1245,Chicken-9 Cologne,healthcare,,21.99,Chicken-9 Cologne
1944,Comfortzone Cat Calming Diffuser Ref,healthcare,,22.99,Comfortzone Cat Calming Diffuser Ref
1943,Comfortzone Cat Calming Kit,healthcare,,34.99,Comfortzone Cat Calming Kit
1239,Espress Calming Waters,healthcare,,10.99,Espress Calming Waters
1391,Evolutions Natruvet Probiotic,healthcare,,23.99,Evolutions Natruvet Probiotic
1483,Ideal Syrflex Bandage,healthcare,,3.99,Ideal Syrflex Bandage
1268,Magiccoat Prof Series Oats Shed Conditioner,healthcare,,14.99,Magiccoat Prof Series Oats Shed Conditioner
1983,Nutri-stat Highcalorie Supplement,healthcare,,22.99,Nutri-stat Highcalorie Supplement
1481,Nutri-vet Bitter Bandage,healthcare,,8.99,Nutri-vet Bitter Bandage
1484,Nutri-vet Liquid Bandage,healthcare,,10.99,Nutri-vet Liquid Bandage
1136,Oasis Alive & well Probiotics,healthcare,,15.99,Oasis Alive & well Probiotics
4876,PetOdor Bamboo Breeze,healthcare,,10.99,Petodor Bamboo Breeze
4890,PetOdor Barkery,healthcare,,8.99,Petodor Barkery
4884,PetOdor Blue Serenety,healthcare,,10.99,Petodor Blue Serenety
4892,PetOdor Blue Serenity,healthcare,,8.99,Petodor Blue Serenity
4873,PetOdor Cinnamon Apple,healthcare,,10.99,Petodor Cinn Apple
4899,PetOdor Clothesline Car,healthcare,,2.99,Petodor Clothesline Car
4903,PetOdor Cream Vanilla Wax,healthcare,,5.99,Petodor Cream Vanilla Wax
4885,PetOdor Creamy Vanilla,healthcare,,10.99,Petodor Creamy Vanilla
4887,PetOdor Creamy Vanilla,healthcare,,8.99,Petodor Creamy Vanilla
4898,PetOdor Creamy Vanilla Car,healthcare,,2.99,Petodor Creamy Vanilla Car
4882,PetOdor Fallen Leaves,healthcare,,10.99,Petodor Fallen Leaves
4886,PetOdor Flower Power Spray,healthcare,,8.99,Petodor Flower Pwr Spray
4881,PetOdor Furry Tails,healthcare,,10.99,Petodor Furry Tails
4875,PetOdor Gummies,healthcare,,10.99,Petodor Gummies
4901,PetOdor Hippie Love Wax,healthcare,,5.99,Petodor Hippie Love Wax
4877,PetOdor Kibblez,healthcare,,10.99,Petodor Kibblez
4891,PetOdor Lavender & Chamomile,healthcare,,8.99,Petodor Lav & chame
4897,PetOdor Lavender & Chamomile Car,healthcare,,1.99,Petodor Lav & cham Car
4871,PetOdor Lollipets,healthcare,,10.99,Petodor Lollipets
4893,PetOdor Lollipets,healthcare,,8.99,Petodor Lollipets
4900,PetOdor Mauiwowie Wax,healthcare,,5.99,Petodor Mauiwowie Wax
4883,PetOdor Mulberry Spice,healthcare,,10.99,Petodor Mulberry Spice
4896,PetOdor Orange Lemon Car,healthcare,,2.99,Petodor Orng Lem Car
4889,PetOdor Pawtopia,healthcare,,8.99,Petodor Pawtopia
4878,PetOdor Pineapple Coconut,healthcare,,10.99,Petodor Pineapple Coconut
4904,PetOdor Pineapple Coconut Wax,healthcare,,5.99,Petodor Pineapple Coconut Wax
4870,PetOdor Sippin Sangria,healthcare,,10.99,Petodor Sippin Sangria
4879,PetOdor Sour Apple,healthcare,,10.99,Petodor Sour Apple
4874,PetOdor Sprinkles,healthcare,,10.99,Petodor Sprinkles
4880,PetOdor Tangie,healthcare,,10.99,Petodor Tangie
4872,PetOdor White Pumpkin,healthcare,,10.99,Petodor White Pum
4888,PetOdor Woofstock Spray,healthcare,,8.99,Petodor Woofstock Spray
1528,Safarin Self Cleaning Slicker Medium,healthcare,,18.99,Safarin Self Cleaning Slicker Medium
1406,Sulfodene 3 Way Ointment,healthcare,,11.99,Sulfodene 3 Way Ointment
1961,Topiclean Deepcleansing Cat Sham,healthcare,,6.99,Topiclean Deepcleansing Cat Sham
1375,Vetericyn Antimicro Wound Care,healthcare,,32.99,Vetericyn Antimicro Wound Care
1319,Veterinary Formula Ear Therapy Wipes,healthcare,,16.99,Veterinary Formula Ear Therapy Wipes
1243,White Dalmation Cologne,healthcare,,15.99,White Dalmation Cologne
154,Zillla Calcium Supplement,healthcare,,8.99,Zillla Calcium Supplement
1336,Zymox Advance Enzymatic Conditioner,healthcare,,19.99,Zymox Advance Enzymatic Conditioner
1138,Zymox Avain Care,healthcare,,25.99,Zymox Avain Care
4932,Zymox Conditioner Trial,healthcare,,1.99,Zymox Cond Trial
1335,Zymox Leave on Conditioner,healthcare,,19.99,Zymox Leave on Conditioner
1334,Zymox Shampoo,healthcare,,20.99,Zymox Shampoo
4931,Zymox Shampoo Trial,healthcare,,1.99,Zymox Shampoo Trial
1409,Zymox Topical Cream,healthcare,,18.99,Zymox Topical Cream
1410,Zymox Topical Spray,healthcare,,18.99,Zymox Topical Spray
3370,Adventure Belt Leash,leashes,,29.99,Adventure Belt Leash
2536,"Cirlce 16""tnv 1786s Collar",leashes,,27.89,"Cirlce 16""tnv 1786s Collar"
2538,"Cirlce 20"" Tnv 1789s Collar",leashes,,38.19,"Cirlce 20"" Tnv 1789s Collar"
2535,"Cirlce 20""tcr 1786s Collar",leashes,,38.19,"Cirlce 20""tcr 1786s Collar"
3781,Coasta; Pkb6' 406 Leash,leashes,,9.59,Coasta; Pkb6' 406 Leash
4699,Gmaw Lucy Blueberry,leashes,,14.99,Gmaw Lucy Blueberry
5837,Harness Coat Navy Large,leashes,,24.99,Harness Coat Navy Large
5840,Harness Hoodie Extra Large Blue,leashes,,21.99,Harness Hoodie Extra Large Blue
5839,Harness Hoodie Large Blue,leashes,,21.99,Harness Hoodie Large Blue
5836,Harness Hoodie Large Red,leashes,,21.99,Harness Hoodie Large Red
2603,Large Lsu Collar,leashes,,15.99,Large Lsu Collar
2606,Large Lsu Leash,leashes,,17.99,Large Lsu Leash
2597,Large Nola Saints Collar,leashes,,15.99,Large Nola Saints Collar
2600,Large Nola Saints Leash,leashes,,16.99,Large Nola Saints Leash
2602,Medium Lsu Collar,leashes,,15.99,Medium Lsu Collar
2605,Medium Lsu Leash,leashes,,17.99,Medium Lsu Leash
2596,Medium Nola Saints Collar,leashes,,15.99,Medium Nola Saints Collar
2599,Medium Nola Saints Leash,leashes,,16.99,Medium Nola Saints Leash
3472,Paw Patrol Small Harness,leashes,,22.99,Paw Patrol Small Harness
5838,Polar Harness Coat Extra Small Blue,leashes,,21.99,Polar Harness Coat Extra Small Blue
1234,Salon Scents Blueberry Pie,leashes,,19.99,Salon Scents Blueberry Pie
5240,Seresto Cat Collar,leashes,,79.99,Seresto Cat Collar
5242,Seresto Large Dog Collar,leashes,,79.99,Seresto Large Dog Collar
5241,Seresto Small Dog Collar,leashes,,79.99,Seresto Small Dog Collar
2601,Small Lsu Collar,leashes,,15.99,Small Lsu Collar
2604,Small Lsu Leash,leashes,,17.99,Small Lsu Leash
2595,Small Nola Saints Collar,leashes,,10.99,Small Nola Saints Collar
2598,Small Nola Saints Leash,leashes,,14.99,Small Nola Saints Leash
3680,Sunburts Black06' Leash,leashes,,10.69,Sunburts Blk06' Leash
490,Basking Platform Filter,reptiles,reptile,79.99,Basking Platform Filter
4811,Beefhide Chew,reptiles,,4.99,Beefhide Chew
858,Birdlif Mineral Block 2pk,reptiles,,4.99,Birdlif Mineral Block 2pk
1697,"Cat/Reptile 5.25"" Bowl",reptiles,reptile,5.99,"Cat/Reptile 5.25"" Bowl"
203,Cricket Pen Replacement Foam,reptiles,reptile,3.99,Cricket Pen Replacement Foam
75,Exoterr Small Sand Mat,reptiles,reptile,23.99,Exoterr Small Sand Mat
398,Extoterra Repuvb300 T5 8w 14%,reptiles,,26.99,Extoterra Repuvb300 T5 8w 14%
645,Extra Large Humid Hide,reptiles,,32.99,Extra Large Humid Hide
489,Floating Turtle Pier Large.,reptiles,reptile,39.99,Floating Turtle Pier Large.
488,Floating Turtle Pier Medium.,reptiles,reptile,32.99,Floating Turtle Pier Medium.
487,Floating Turtle Pier Small,reptiles,reptile,26.99,Floating Turtle Pier Small
696,"Galapogoas Mossy Cave 4""",reptiles,,16.99,"Galapogoas Mossy Cave 4"""
697,"Galapogoas Mossy Cave 6""",reptiles,,23.99,"Galapogoas Mossy Cave 6"""
698,Galapogoas Mossy Cave Large,reptiles,,24.99,Galapogoas Mossy Cave Large
108,Gourment Bearded Dragon Food,reptiles,reptile,19.99,Gourment Bearded Dragon Food
106,Gourmet Iguana Food,reptiles,reptile,19.99,Gourmet Iguana Food
5341,Granite Stone Hideaway 2pk,reptiles,,46.99,Granite Stone Hideaway 2pk
5394,Grass Hideaway,reptiles,,8.99,Grass Hideaway
136,Iguana Salad Dressing,reptiles,reptile,12.99,Iguana Salad Dressing
5388,Large Rock Cave,reptiles,,39.99,Large Rock Cave
201,Lees Mealworm Dish,reptiles,reptile,6.99,Lees Mealworm Dish
19,Lizard Ladder,reptiles,reptile,7.99,Lizard Ladder
14,Lizard Lounger,reptiles,reptile,31.99,Lizard Lounger
15,Lizard Lounger Bridge,reptiles,reptile,39.99,Lizard Lounger Bridge
18,Lizard Lounger Hanging Hideout,reptiles,reptile,22.99,Lizard Lounger Hanging Hideout
17,Lizard Lounger Sun-lover,reptiles,reptile,19.99,Lizard Lounger Sun-lover
16,Lizard Lounger Vine Backdrop,reptiles,reptile,25.99,Lizard Lounger Vine Backdrop
5387,Medium Rock Cave,reptiles,,24.99,Medium Rock Cave
945,Meijer Ecuttlebone Perch,reptiles,,3.99,Meijer Ecuttlebone Perch
5395,Pipe Hideaway Large,reptiles,,9.99,Pipe Hideaway Large
105,Rep-cal Adult Iguana Food,reptiles,reptile,24.99,Rep-cal Adult Iguana Food
104,Rep-cal Juv. Iguana Food,reptiles,reptile,7.99,Rep-cal Juv. Iguana Food
22,Repti Hammock Giant,reptiles,reptile,16.99,Repti Hammock Giant
21,Repti Hammock Large.,reptiles,reptile,10.99,Repti Hammock Lrg.
20,Repti Hammock Small,reptiles,reptile,7.99,Repti Hammock Small
7383,"ReptiFauna Assorted Cryptanthus - Tropical 2"" Pot",reptiles,reptile,4.99,
7385,"ReptiFauna Hope Peperomia - Tropical 2"" Pot",reptiles,reptile,6.99,
7384,"ReptiFauna Pink Fittonia - Tropical 2"" Pot",reptiles,reptile,6.99,
423,"Reptile Eco , Clamp Lamp",reptiles,reptile,29.99,"Reptile Eco , Clamp Lamp"
786,Reptile Ranch Small,reptiles,reptile,29.99,Reptile Ranch Small
396,Reptile Sys. T5 Zone 1 24w 2.4%,reptiles,reptile,39.99,Reptile Sys. T5 Zone 1 24w 2.4%
386,"Reptile Sys. T5 Zone 1 Unit 24w 23""",reptiles,reptile,99.99,"Reptile Sys. T5 Zone 1 Unit 24w 23"""
394,"Reptile Sys. T5 Zone 2 24w 6""",reptiles,reptile,39.99,"Reptile Sys. T5 Zone 2 24w 6"""
390,Reptile Sys. T5 Zone 3 12% 39w,reptiles,reptile,36.99,Reptile Sys. T5 Zone 3 12% 39w
393,Reptile Sys. T5 Zone 3 24w 12%,reptiles,reptile,34.99,Reptile Sys. T5 Zone 3 24w 12%
384,"Reptile Sys. T5 Zone 3 Unit 39w 35""",reptiles,reptile,99.99,"Reptile Sys. T5 Zone 3 Unit 39w 35"""
499,Reptisticks Turtle,reptiles,reptile,3.99,Reptisticks Turtle
517,Reptoguard Turtle Health Condi,reptiles,reptile,3.99,Reptoguard Turtle Health Condi
493,Reptomin Floating Turtle Sticks 1.94 oz,reptiles,reptile,4.99,Reptomin Floating Turtle Sticks 1.94 oz
492,Reptomin Floating Turtle Sticks 10.59oz,reptiles,reptile,23.99,Reptomin Floating Turtle Sticks 10.59oz
491,Reptomin Floating Turtle Sticks Jumbo,reptiles,reptile,17.99,Reptomin Floating Turtle Sticks Jumbo
496,Reptomin Select a Food Turtle,reptiles,reptile,12.99,Reptomin Select a Food Turtle
5411,Rock Cave Mountain,reptiles,,28.99,Rock Cave Mountain
5342,"Roundstone Hideaway Large 4""",reptiles,,19.99,"Roundstone Hideaway Large 4"""
5415,Small Rdck Cave,reptiles,,19.99,Small Rdck Cave
5386,Small Rock Cave,reptiles,,11.99,Small Rock Cave
2800,Spt Slithery Snake,reptiles,reptile,11.99,Spt Slithery Snake
5343,Stone Hideaway Small 2in,reptiles,,6.99,Stone Hideaway Small 2in
756,Tetrafauna 75reptohabitat 75g,reptiles,reptile,329.99,Tetrafauna 75reptohabitat 75g
513,Tetrafauna Reptofilter 3 Pack,reptiles,reptile,15.99,Tetrafauna Reptofilter 3 Pack
781,Tetrafaune Deluxe Reptohabitat 40,reptiles,reptile,279.99,Tetrafaune Deluxe Reptohabitat 40
135,Tortoise Salad Dressing,reptiles,reptile,11.99,Tortoise Salad Dressing
516,Turtle Dock Suction Cups,reptiles,reptile,2.99,Turtle Dock Suction Cups
514,Turtle Pier Extender Clips,reptiles,reptile,9.99,Turtle Pier Extender Clips
168,Zoomeds Reptivite +d3,reptiles,reptile,6.99,Zoomeds Reptivite +d3
4183,A & e Large Woodn Platform,smallAnimalSupplies,,10.99,A & e Lrg Woodn Platform
4184,A & e Small Wooden Platform,smallAnimalSupplies,,8.99,A & e Small Wooden Platform
1627,Ecoware Cat Dish,smallAnimalSupplies,,5.99,Ecoware Cat Dish
4396,Ramp Covers 3pk,smallAnimalSupplies,,20.99,Ramp Covers 3pk
4398,Ramp Covers 3pk,smallAnimalSupplies,,15.99,Ramp Covers 3pk
5009,Aerating Lighthouse,smallanimal,,16.99,Aerating Lighthouse
1193,Ass. Keet Cage,smallanimal,smallanimal,57.99,Ass. Keet Cage
1189,Ass. Keet House Cage,smallanimal,smallanimal,54.99,Ass. Keet House Cage
1186,Ass.Medium & small Cage,smallanimal,smallanimal,45.99,Ass.Medium & small Cage
1732,Cage Crock Steel,smallanimal,smallanimal,10.99,Cage Crock Steel
6017,Collapsible Crate,smallanimal,,115.99,Collapsible Crate
4083,Complete Chinchilla Degu 3lb,smallanimal,smallanimal,18.99,Complete Chinchilla Degu 3lb
4219,Fresh World Bedding,smallanimal,smallanimal,8.99,Fresh World Bedding
4201,Friendsfarm Bathing Sand,smallanimal,,12.99,Friendsfarm Bathing Sand
4081,Friendsfarm Reggierat 2lb,smallanimal,,10.99,Friendsfarm Reggierat 2lb
1128,Galaop. Walnut Bedding,smallanimal,smallanimal,18.99,Galaop. Walnut Bedding
4371,Hamsteroids,smallanimal,smallanimal,4.99,Hamsteroids
4418,Marshal Ferret Harness & lead,smallanimal,smallanimal,18.99,Marshal Ferret Harness & lead
2686,Naturflex Triceratops,smallanimal,,5.99,Naturflex Triceratops
5498,Nitrate Remover Pad,smallanimal,,8.99,Nitrate Remover Pad
5353,Pirate Wave Runner,smallanimal,,67.99,Pirate Wave Runner
4063,Prettypets Hedgehog Food,smallanimal,smallanimal,16.99,Prettypets Hedgehog Food
4032,Rndlake Timothy Hay 18oz,smallanimal,smallanimal,8.99,Rndlake Timothy Hay 18oz
4031,Rndlake Timothy Hay 48 oz,smallanimal,smallanimal,17.99,Rndlake Timothy Hay 48 oz
4022,Rndlake Timothy Hay 90oz,smallanimal,smallanimal,28.99,Rndlake Timothy Hay 90oz
4123,Round Lake Farm Yng Rabbit 4lb,smallanimal,smallanimal,14.99,Round Lake Farm Yng Rabbit 4lb
5316,Sprats,smallanimal,,9.99,Sprats
4420,Sugar Glider Harness & lead,smallanimal,smallanimal,9.99,Sugar Glider Harness & lead
4090,Sunburts Rat & mouse 2.5 lb,smallanimal,smallanimal,9.99,Sunburts Rat & mouse 2.5 lb
1196,Tall Flight Cage,smallanimal,smallanimal,119.99,Tall Flight Cage
4120,Tiny Friends Farm Russel Rabbit 2lb,smallanimal,smallanimal,10.99,Tiny Friends Farm Russel Rabbit 2lb
4089,Vitagarden Rat & mouse 2.5 lb,smallanimal,smallanimal,7.99,Vitagarden Rat & mouse 2.5 lb
987,"A & e 14"" Wooden Perches",toys,,4.99,"A & e 14"" Wooden Perches"
990,"A & e 18"" Wooden Perches",toys,,6.99,"A & e 18"" Wooden Perches"
978,Carpenter Creations 11-rung Ladder,toys,,13.99,Carpenter Creations 11-rung Ladder
974,Carpenter Creations 15-rung Ladder,toys,,18.99,Carpenter Creations 15-rung Ladder
975,Carpenter Creations 6 Rung Ladder,toys,,6.99,Carpenter Creations 6 Rung Ladder
976,Carpenter Creations 7-rung Ladder,toys,,7.99,Carpenter Creations 7-rung Ladder
977,Carpenter Creations 9 Rung Ladder,toys,,9.99,Carpenter Creations 9 Rung Ladder
973,Carpenter Creations Bendable Ladder,toys,,16.99,Carpenter Creations Bendable Ladder
1991,Cat Scratcher Replacement Pad,toys,,11.99,Cat Scratcher Replacement Pad
2283,Chicken Roller Cat Toy,toys,,28.99,Chicken Roller Cat Toy
2898,Chuckt Fetchball 2pk,toys,,13.99,Chuckt Fetchball 2pk
1107,Happybeaks Ball Hanging,toys,,28.99,Happybeaks Ball Hanging
3093,Knf Jumbler Football Medium/Large,toys,,18.99,Knf Jumbler Ftbll Medium/Large
2609,Lsu Hotdog Toy,toys,,13.99,Lsu Hotdog Toy
2882,Mamm Mini 3knt W Mini Ball,toys,,6.99,Mamm Mini 3knt W Mini Ball
964,"Naturals 9"" Java Wood Perch",toys,,10.99,"Naturals 9"" Java Wood Perch"
1411,"Nt Canine Hotspot,Wounds,Ears",toys,,14.99,"Nt Canine Hotspot,Wounds,Ears"
955,"Pacific Perch 6"" Cosmic Crunch",toys,,7.99,"Pacific Perch 6"" Cosmic Crunch"
991,"Pacific Perch 7"" Beach Branch",toys,,11.99,"Pacific Perch 7"" Beach Branch"
992,"Pacific Perch 9"" Beach Branch",toys,,14.99,"Pacific Perch 9"" Beach Branch"
956,"Pacific Perch 9"" Cosmic Crunch",toys,,10.99,"Pacific Perch 9"" Cosmic Crunch"
948,"Pacific Perch Beach Walk Small 4""",toys,,8.99,"Pacific Perch Beach Walk Small 4"""
949,"Pacific Perch Beach Walk Small 5""",toys,,9.99,"Pacific Perch Beach Walk Small 5"""
954,Pennplac Calcium Perch Medium & Large,toys,,17.99,Pennplac Calcium Perch Medium & lrg
1031,Pine Swing Large,toys,,5.99,Pine Swing Large
1030,Pine Swing Medium,toys,,4.99,Pine Swing Medium
2711,"Rascal 4"" Basketball",toys,,4.99,"Rascal 4"" Basketball"
1982,Sentry Hairball Relief Cat,toys,,8.99,Sentry Hairball Relief Cat
1061,Smartplay Bird Toy,toys,,9.99,Smartplay Bird Toy
1087,Smartplay Coconut,toys,,17.99,Smartplay Coconut
1108,Smartplay Hanging Rings,toys,,15.99,Smartplay Hanging Rings
1110,Smartplay Stacker,toys,,19.99,Smartplay Stacker
2810,"Spt Axolotl Butterball 7""",toys,,8.99,"Spt Axolotl Butterball 7"""
2835,Spt Ball Ina Bottle,toys,,8.99,Spt Ball Ina Bottle
2832,"Spt Fluff Ball 8.5""",toys,,8.99,"Spt Fluff Ball 8.5"""
2794,"Spt Sooth Blanket Toy 10""",toys,,10.99,"Spt Sooth Blanket Toy 10"""
2797,"Spt Sooth Crinkle Toy 13""",toys,,11.99,"Spt Sooth Crinkle Toy 13"""
1407,Sulfodene Hotspot Medicated Spray,toys,,8.99,Sulfodene Hotspot Medicated Spray
1016,Wacky Wood Large Swing,toys,,22.99,Wacky Wood Large Swing
