ID,Full Product Name,Category,FilterType,Price
2297,"10 Lbs Pet Food Container",accessories,,27.99
4440,"10"" Collagen Stiks Bacon",accessories,,2.99
887,"10oz Coop Cups",accessories,,8.99
5207,"12"" Rock Plant Green",accessories,,6.99
5410,"1pk Natural Tank Decor",accessories,,20.99
2300,"1pt Mirror Finish Ss Dish",accessories,,2.99
2302,"1qt Mirror Finish Ss Dish",accessories,,3.99
888,"20oz Coop Cup",accessories,,9.99
2301,"24oz Stainless Bowl",accessories,,7.99
2298,"25 Lbs Pet Food Container",accessories,,38.99
5409,"2pk Natural 10 Gal Tank Decor",accessories,,59.99
2303,"2qt Mirror Finish Ss Dish",accessories,,6.99
889,"30oz Coop Cup",accessories,,11.99
4809,"4"" Pressed Bone",accessories,,0.99
4813,"4-5"" Super, Bone White",accessories,,2.99
4810,"4.5"" Pressed Bone Natural",accessories,,2.99
2299,"50lbs Pet Food Container",accessories,,56.99
2296,"5lbs Pet Food Container",accessories,,19.99
5208,"6"" Rckplnt Green",accessories,,4.99
5211,"6"" Rckplnt Green",accessories,,4.99
4477,"7in Collagen Chews 5cnt Bacon",accessories,,8.99
5210,"8"" Rckplnt Color",accessories,,4.99
1621,"8oz Stainless Cat Dish",accessories,,3.99
1622,"8oz Stainless Cat Dish Decorated",accessories,,4.99
5453,"Age of Magic Castle",accessories,,52.99
5034,"Airpod",accessories,,83.99
5085,"Airpod 20gal",accessories,,18.99
5084,"Airpod 30gal",accessories,,24.99
5083,"Airpod 75g",accessories,,37.99
5087,"Airtech 2k1",accessories,,17.99
5086,"Airtech 2k4",accessories,,34.99
5355,"Algae Boat Wheel",accessories,,16.99
5430,"Algea Ship",accessories,,28.99
5429,"Algea Vase",accessories,,14.99
1980,"Aloe Earmite Cat",accessories,,8.99
5467,"Anchor W Plant Medium",accessories,,16.99
5466,"Anchor W Plant Small",accessories,,11.99
799,"Animed Dia Earth",accessories,,16.99
1404,"Animed Muscle Up",accessories,,25.99
1405,"Animed Shed Medium",accessories,,22.99
5610,"Aquaglo T8 30w",accessories,,10.99
5061,"Aquamist 1 3/16""",accessories,,1.99
5052,"Aquamist 12""",accessories,,6.99
5060,"Aquamist 7/16""",accessories,,0.99
5136,"Aquaplants 12"" Various 6pk",accessories,,14.99
5137,"Aquaplants 8"" Various 6pk",accessories,,8.99
5204,"Aquaplnt 12"" Rckplnt Color",accessories,,5.99
5138,"Aquaplnt 1lg2md Assrt",accessories,,8.99
5203,"Aquaplnt 2.5/3.5"" Rckplnt Assorted",accessories,,6.99
5255,"Aquaplnt 4"" Green Plant",accessories,,2.99
5202,"Aquaplnt 6"" Rckplnt Green",accessories,,4.99
5158,"Aquaplt 12"" Plants Green",accessories,,14.99
5155,"Aquaplt 16"" Green 3pk",accessories,,12.99
5153,"Aquaplt 16"" Multi 3pk",accessories,,12.99
5156,"Aquaplt 24"" Green 2pk",accessories,,10.99
5154,"Aquaplt 24"" Multi 2pk",accessories,,10.99
5150,"Aquaplt 4"" Plant Green",accessories,,5.99
5149,"Aquaplt 4"" Plant Various",accessories,,6.99
5152,"Aquaplt 8"" Glw Plant 6pc Pck",accessories,,9.99
5157,"Aquaplt 8' Plant Green",accessories,,9.99
5619,"Aquarilux 20w",accessories,,16.99
5160,"Aquatip Vibrant Pass Pink Plant 16""",accessories,,21.99
7090,"Aquavitro Phosfiltrum 5.6oz",accessories,,36.99
7096,"Aquavitro Seed 11.8oz",accessories,,16.99
7189,"Aquavitro Shears",accessories,,18.99
5571,"Aqueo Quietflow10",accessories,,29.99
5205,"Aqyaplnt 8"" Rckplnt Color",accessories,,4.99
1235,"Aromacare Calmin Lavender",accessories,,10.99
1236,"Aromacare Chamomile",accessories,,10.99
5423,"Assrt Tiki Theme",accessories,,6.99
1228,"Avain Breeder Large Bird",accessories,,167.99
5812,"Babyshark Big Show Tank",accessories,,28.99
4218,"Back2nature 15l Litter",accessories,,17.99
4215,"Back2nature Litter 30l",accessories,,31.99
5320,"Bailey Wcral Small",accessories,,6.99
5319,"Baileyinwtr Small",accessories,,7.99
1262,"Bark2basics Citrus Plus",accessories,,19.99
6011,"Barn Home 25-50lb",accessories,,119.99
6012,"Barn Home 50-90lb",accessories,,129.99
6010,"Barn Home Extra Small",accessories,,89.99
5846,"Basic Hoodie Black Medium",accessories,,16.99
5842,"Basic Hoodie Blue Extra Small",accessories,,16.99
5845,"Basic Hoodie Bviolet Medium",accessories,,16.99
5834,"Basic Hoodie Gray Extra Small",accessories,,16.99
5848,"Basic Hoodie Natblu Large",accessories,,16.99
5844,"Basic Hoodie Natural Blue Medium",accessories,,16.99
5850,"Basic Hoodie Natural Blue Small",accessories,,16.99
5849,"Basic Hoodie Rasberry Large",accessories,,16.99
5843,"Basic Hoodie Rasberry Small",accessories,,16.99
5847,"Basic Hoodie Red Large",accessories,,16.99
5841,"Basic Hoodie Violet Extra Small",accessories,,16.99
4370,"Bed Fluff",accessories,,3.99
1620,"Bella Large Bone Place Mat",accessories,,12.99
1624,"Bellabown Xsmall Fish Purple",accessories,,5.99
1818,"Bergan Poo Bag Dispenser",accessories,,9.99
146,"Big Jelly Pots",accessories,,1.89
5336,"Bikini Bottom Homes",accessories,,8.99
812,"Bio-groom Repel 35",accessories,,16.99
5324,"Black Pearl Ship Medium",accessories,,13.99
4203,"Blue Beauty Dust",accessories,,8.99
5898,"Bone Accent Sweet Orange. Extra Small",accessories,,21.99
5431,"Bonsai Tree Small",accessories,,14.99
5439,"Bonsai Tree on Rock",accessories,,37.99
5440,"Bonsai Tree on Rock",accessories,,31.99
2367,"Breederselect Cat Litter 20l",accessories,,23.99
5301,"Breeding Cone",accessories,,17.99
1400,"Brilliant Salmon Oil",accessories,,18.99
5049,"Bubble-shell",accessories,,6.99
665,"Buffalo Skull",accessories,,24.99
71,"Buffalo Worm Dish",accessories,,13.99
798,"Bug Blaster",accessories,,37.99
5421,"Cambodia Rock Faces",accessories,,22.99
5894,"Camo Sweatshirt Extra Large",accessories,,25.99
864,"Captain Cuttlebone",accessories,,7.99
5442,"Car Wreck Small",accessories,,15.99
5495,"Carbon Pad",accessories,,9.99
5096,"Caribsea Aragonite 15lb",accessories,,20.99
5443,"Carwreck Medium",accessories,,26.99
5456,"Castle Mini Blue",accessories,,10.99
5455,"Castle Mini Blue",accessories,,8.99
5457,"Castle Mini Red",accessories,,8.99
5450,"Castle Super",accessories,,69.99
5451,"Castle Super 2",accessories,,59.99
6034,"Catiit Blue Medium",accessories,,39.99
2289,"Catlife Activity & scratch Post",accessories,,44.99
1993,"Catlife Catch & scratch Large",accessories,,12.99
1992,"Catlife Catch & scratch Small",accessories,,9.99
2295,"Catlife Jester Wand",accessories,,5.99
2282,"Catlife Jungle Slope Activity Cen",accessories,,57.99
2291,"Catlife Purple Activiy & scartch",accessories,,33.99
2294,"Catlife Silvervine Cat Wand",accessories,,6.99
2293,"Catlife Tickle Stick Wand",accessories,,5.99
2292,"Catlife Wiggle Wand",accessories,,4.99
2290,"Catlife Y Shaped Siscal Post",accessories,,29.99
2100,"Catstages Easylife Hammock",accessories,,24.99
4698,"Charlee Cheese & egg 16oz",accessories,,7.99
5062,"Checkvalve",accessories,,3.99
5372,"Chum Bucket",accessories,,10.99
5367,"Clamshell Assst",accessories,,12.99
5905,"Class Cab Sweater Pink Extra Small",accessories,,12.99
5907,"Class Cab Sweater Pink Medium",accessories,,12.99
5903,"Class Cable Sweater Red Extra Large",accessories,,17.99
5902,"Class Cable Sweater Red Xxs",accessories,,12.99
5605,"Cobalt C-vue45",accessories,,39.99
1945,"Comfortzone Cat Spray & scratch",accessories,,20.99
1586,"Comfy Groom",accessories,,16.99
5313,"Coral Rock Large",accessories,,39.99
5835,"Cosmic Hoodie Navy Extra Small",accessories,,17.99
1926,"Cozyup Folding Pet Steps",accessories,,72.99
5236,"Crazycat Kitten Wrmer 4oz",accessories,,9.99
4713,"Crazydog Mini Bacon",accessories,,7.99
4715,"Crazydog Mini Beef",accessories,,7.99
4714,"Crazydog Mini Chicken",accessories,,7.99
204,"Creatures Feeding Block",accessories,,1.99
5906,"Criss Cross Sweater Coral",accessories,,19.99
1695,"Crisscross Steel Non Skid Dish",accessories,,3.99
4144,"Critter Space Pod",accessories,,20.99
5346,"Crocodile Skull",accessories,,24.99
5399,"Crystal Cluster Amethyst Purple",accessories,,14.99
5370,"Crystal Cluster Blue",accessories,,17.99
5371,"Crystal Cluster Pink",accessories,,15.99
5400,"Crystal Cluster Sapphire Blue",accessories,,14.99
2286,"Curious Cat Cube",accessories,,48.99
2094,"Cwmk Large Red",accessories,,19.99
2096,"Cwmk Medium Black",accessories,,19.99
2095,"Cwmk Medium Blue",accessories,,18.99
2097,"Cwmk Medium Purple",accessories,,19.99
2092,"Cwmk Small Black",accessories,,19.99
2091,"Cwmk Small Blue",accessories,,19.99
2093,"Cwmk Small Purple",accessories,,19.99
2090,"Cwmk Small Red",accessories,,18.99
5393,"Ddbl Rock Crop W Plnts Medium",accessories,,12.99
5404,"Deco Coral Blue",accessories,,6.99
5446,"Deco Kit 3pcs",accessories,,89.99
5008,"Decor Airline Tubing",accessories,,8.99
5321,"Destiny in Water Small",accessories,,8.99
5360,"Dilophosaurus Medium",accessories,,14.99
4650,"Dingo Munchy Stix 10pk",accessories,,2.99
1550,"Dirty Dog Door Mat",accessories,,41.99
5886,"Dog Polo Pruple Extra Large",accessories,,19.99
5884,"Dog Polo Purple Large",accessories,,19.99
5885,"Dog Polo Purple Medium",accessories,,19.99
5883,"Dog Polo Purple Small",accessories,,19.99
5882,"Dog Polo Red Large",accessories,,19.99
5881,"Dog Polo Red Small",accessories,,19.99
5893,"Dog Tank Top Coral Extra Large",accessories,,10.99
5891,"Dog Tank Top Coral Extra Small",accessories,,10.99
5892,"Dog Tank Top Coral Small",accessories,,10.99
5890,"Dog Tank Top Drk Green Small",accessories,,10.99
5889,"Dog Tanktop Drk Green Large",accessories,,10.99
5887,"Dog Tanktop Green Large",accessories,,10.99
5888,"Dog Tanktop Pink Medium",accessories,,10.99
2747,"Doggie Nip",accessories,,4.99
2746,"Doggiejuana Get Outside",accessories,,12.99
2745,"Doggiejuana Getthe Munchies",accessories,,12.99
2744,"Doggiejuana Tuffer Chewer",accessories,,18.99
1242,"Doggy Bahama Orange",accessories,,19.99
1241,"Doggy Bahama Pink",accessories,,19.99
6939,"Dogo's Ice Cream Ched Bac",accessories,,3.99
6938,"Dogo's Ice Cream Pumkin",accessories,,3.99
6940,"Dogo's Ice Cream Vanilla",accessories,,3.99
2837,"Dogslife Fleece Slipper",accessories,,4.99
1718,"Dolce Food & Water Bowl",accessories,,10.99
1719,"Dolce Had Me at Woof Bowl",accessories,,7.99
1720,"Dolce Puppy Forever Bowl",accessories,,7.99
878,"Donut Chew 2pk",accessories,,6.99
5896,"Dotswt Green Large",accessories,,23.99
5895,"Dotswt Green Medium",accessories,,19.99
2391,"Dr.elseys Cat Attract Litter",accessories,,26.99
2390,"Dr.elseys Kitten Attract",accessories,,26.99
4262,"Drops Forest Fruit",accessories,,5.99
4263,"Drops Veggie",accessories,,5.99
1628,"Dry Ears Bowl",accessories,,12.99
1876,"Drytech 100 Pack Pads",accessories,,50.99
1837,"Drytech Puppy Pad 14pk",accessories,,8.99
1838,"Drytech Puppy Pad 30pk",accessories,,17.99
1836,"Drytech Puppy Pad 7pk",accessories,,4.99
852,"E-z Feed 2oz",accessories,,1.99
853,"E-z Feed 4oz",accessories,,1.99
851,"E-z Feed 6oz",accessories,,2.99
5099,"Ecoplanted Red 20lb",accessories,,39.99
5028,"Emergency Air",accessories,,26.99
5452,"Enchanted Castle Large",accessories,,33.99
5454,"Enchanted Castle Medium",accessories,,22.99
5461,"Enchanted Castle Small",accessories,,12.99
1277,"Espree 2in1 Simple Soothe",accessories,,12.99
4973,"Etta Says Buffalo Chew",accessories,,2.99
1389,"Evolutions Natruvet Advanced Allergy",accessories,,26.99
1390,"Evolutions Natruvet Anchovy Allergy",accessories,,19.99
338,"Exoterr Large Light Bracket",accessories,,18.99
401,"Exoterrra T5 Terraium Mounting Clips",accessories,,9.99
5416,"Extra Large Red Rock",accessories,,49.99
5417,"Extra Large Red Trunk",accessories,,69.99
1204,"Ezfill Feeder Bird",accessories,,3.99
1561,"Fast Acting Super Clot",accessories,,12.99
1637,"Faucet Waterer",accessories,,9.99
785,"Faunariam Low Small",accessories,,18.99
4225,"Feeding Dish Large",accessories,,2.99
4224,"Feeding Dish Small",accessories,,2.99
2393,"Feline Pine 20lb Litter",accessories,,22.99
2392,"Feline Pine 7lb Litter",accessories,,9.99
1678,"Ferplast .16 Us Gal Food/Water",accessories,,19.99
5389,"Fighter Jet Wreck Scape",accessories,,54.99
1201,"Finch Tiki Hut",accessories,,8.99
5307,"Flaming Skull Blue 31/2",accessories,,9.99
5308,"Flaming Skull Red",accessories,,9.99
2116,"Flavorfullz Chicken & Catnip",accessories,,3.99
2115,"Flavorfullz Salmon",accessories,,3.99
2117,"Flavorfullz Tuna",accessories,,3.99
4716,"Flvrfullz Cheese",accessories,,6.99
4717,"Flvrfullz Chicken",accessories,,6.99
4718,"Flvrfullz Peanut",accessories,,6.99
1473,"Flys Off Spray",accessories,,15.99
1472,"Flys-off Cream",accessories,,14.99
5257,"Foregrounder Caboma Grnwrd",accessories,,2.99
5253,"Foregrounder Fan Brush Orange",accessories,,2.99
5254,"Foregrounder Fan Palm Red",accessories,,2.99
5228,"Foregrounder Mnywrt/Green",accessories,,2.99
1748,"Fourpawstieoutcable20ft Hvywght",accessories,,20.99
4331,"Friend Fries",accessories,,4.99
4097,"Friendfarm Gerty Gpig 2lb",accessories,,10.99
4093,"Friendfarm Hazel Ham 2lb",accessories,,10.99
4250,"Frndsfrm Pig Scrummies",accessories,,3.99
1645,"Funfeeder Notch Blue Medium",accessories,,10.99
1603,"Funfeeder Slo Bowl Purple",accessories,,16.99
1644,"Funfeeder Wave Mint Small",accessories,,10.99
573,"Galopagos 24in Mossy Sticks",accessories,,14.99
575,"Galopagos 32inch Mossy Sticks",accessories,,17.99
5878,"Gardeb Gnomes Pj Pink Extra Small",accessories,,20.99
5879,"Gardebn Gnomes Pj Pink Extra Large",accessories,,20.99
5877,"Garden Gnomes Pjs Pink Xxs",accessories,,20.99
5337,"Gary Large",accessories,,12.99
1618,"Geobone Aqua Fashion Mat",accessories,,9.99
5403,"Geode Stone Purple",accessories,,24.99
2120,"Gilled Tuna Fillet",accessories,,2.99
5258,"Glo-Plant 4"" Aquaplnt",accessories,,2.99
5259,"Glo-Plant Small Glow Pad",accessories,,14.99
5260,"Gloplnt",accessories,,8.99
4700,"Gmaw Lucy Apple",accessories,,14.99
4701,"Gmaw Lucy Cranberry",accessories,,12.99
1132,"Grannicks Bitter Apple",accessories,,7.99
4356,"Grassy Nibbler Carrot",accessories,,4.99
4364,"Grassy Nibbler Squash",accessories,,2.99
5433,"Green Leaf Dirtfwood",accessories,,9.99
5441,"Green Leaf Driftwood",accessories,,19.99
5432,"Green/Red Leaf Driftwd",accessories,,9.99
5436,"Grey Rock Scape",accessories,,27.99
2119,"Grilled Chicken Fillet",accessories,,2.99
1450,"Grizzly Omega Plant Based 8oz",accessories,,19.99
1452,"Grizzly Omega Salmon 16oz",accessories,,29.99
1451,"Grizzly Omega Salmon 8oz",accessories,,20.99
5391,"Grotto Crner Medium",accessories,,31.99
5392,"Grotto Medium",accessories,,23.99
4252,"Habitat Snk Apple & Ban",accessories,,5.99
4251,"Habitat Snk Car,Pea,Greens",accessories,,5.99
4253,"Habitat Snk Flower & berry",accessories,,6.99
1135,"Hagan Tropical Handfeeding 4lb",accessories,,31.99
1131,"Hari Charcoal",accessories,,8.99
1130,"Hari Clay-cal",accessories,,8.99
1129,"Hari Oyster Shells",accessories,,4.99
795,"Harris Diatomaceous Earth 10.5 Lbs.",accessories,,40.99
797,"Harris Diatomaceous Earth 2 Lbs",accessories,,15.99
796,"Harris Diatomaceous Earth 4lbs",accessories,,20.99
800,"Harris Diatomacouse Earth Bottle",accessories,,8.99
4703,"Healthext 3.5oz Beef",accessories,,12.99
4744,"Healthext Baked Lamb",accessories,,10.99
4499,"Healthext Cheek Chew Chicken",accessories,,5.99
4500,"Healthext Cheek Chew Peanut Butter",accessories,,5.99
1314,"Healthy Promise Earwash",accessories,,11.99
1321,"Healthy Promise Eyewipes",accessories,,12.99
1507,"Healthy Promise Pill Disenser",accessories,,5.99
1690,"Heavy Weight 11.5oz Bowl",accessories,,4.99
4258,"Herb Smack Brocc-rose",accessories,,6.99
4259,"Herb Smack Gmaw Patch",accessories,,6.99
4257,"Herb Smack Gpaw Orchard",accessories,,6.99
4256,"Herb Smack Red Veggies",accessories,,6.99
717,"Hermit Beach",accessories,,8.99
5398,"Hindu Palace",accessories,,49.99
5250,"Hippiehnds 1000mg Dog Drops",accessories,,49.99
5251,"Hippiehnds 125mg Cat Drops",accessories,,18.99
5249,"Hippiehnds 250mg Dog Drops",accessories,,25.99
5252,"Hippiehnds 500mg Dog Drops",accessories,,29.99
2099,"Home Grown Greens Patch",accessories,,5.99
1626,"I Love Cats Fish",accessories,,7.99
6013,"Indigo 50-90lb House",accessories,,239.99
7193,"Instant Ocean Hydrometer",accessories,,18.99
4295,"Intune Duets Chicken & salmon",accessories,,6.99
4294,"Intune Duets Chicken & turkey",accessories,,6.99
5314,"Jammin Jam",accessories,,6.99
5327,"Jaws Boat Attack Small",accessories,,12.99
5328,"Jaws Swim-thru Small",accessories,,11.99
5326,"Jaws W Bair Tank Medium",accessories,,19.99
5206,"Jungle Pds Large Stle 6",accessories,,10.99
5212,"Junglepd Small Style 2",accessories,,10.99
151,"Jurassi Mite",accessories,,12.99
5271,"Jurassic Prk Gates",accessories,,4.99
5358,"Jurassic Prk Gates Sml",accessories,,11.99
185,"Jurassipet Mite Wipes",accessories,,21.99
4974,"Kangaroo Tail",accessories,,10.99
4346,"Kapok Pod",accessories,,4.99
1842,"Keep Off Repeltant",accessories,,12.99
1977,"Keepoff Cat & Kitten",accessories,,10.99
5011,"Kent Steel Blades 3pk",accessories,,9.99
5377,"Kev & stu Surf Small",accessories,,14.99
5428,"Kitwood Green Light",accessories,,67.99
1976,"Kmr Goats Milk Ready to Use",accessories,,13.99
1975,"Kmr Ready to Use",accessories,,9.99
5339,"Krusty Krab",accessories,,14.99
483,"Lagoon 11"" Oval",accessories,,18.99
484,"Lagoon Kidney",accessories,,12.99
1729,"Large Blue Single Bowl Trvl",accessories,,12.99
1636,"Large Breed Dog Bottle",accessories,,12.99
1614,"Large Food Scoop",accessories,,4.99
5014,"Led Lighthouse",accessories,,23.99
1557,"Lesalon Essentials Curry Brush",accessories,,7.99
1641,"Life Clear Spring Pet Fountain",accessories,,53.99
2350,"Litter Genie Plus",accessories,,31.99
2351,"Litter Genie Refill",accessories,,12.99
2352,"Litter Genie Refill 2pk",accessories,,41.99
2374,"Litterpearls Micro Crystals 3.5lb",accessories,,15.99
5274,"Little Meremaid 5pk",accessories,,28.99
59,"Live Oak Leaves",accessories,,12.99
91,"Living Natural Coco Mat 10x20",accessories,,10.99
90,"Living Natural Coco Mat 12x30",accessories,,17.99
89,"Living Natural Coco Mat 18x36",accessories,,27.99
4223,"Livingwrld Ergonomic Dish",accessories,,10.99
4241,"Lock Croc 20oz",accessories,,10.99
4242,"Lock Crok 10oz",accessories,,9.99
5024,"Lok-tite 3gang Vlv",accessories,,8.99
5030,"Lok-tite 4gang Valve",accessories,,11.99
5032,"Mag-flt Glass Clean Large",accessories,,79.99
5026,"Mag-flt Glss Clean Medium",accessories,,39.99
5033,"Mag-scrape Scraper Blades",accessories,,19.99
5459,"Magical Castle Medium",accessories,,16.99
5458,"Magical Castle Small",accessories,,13.99
61,"Magnolia Leaves",accessories,,15.99
4416,"Marshal Octo-play",accessories,,29.99
1633,"Mediterranean Stainless Steel Double 1 Pint",accessories,,27.99
1634,"Mediterranin Steal Double Diner 1 Qt",accessories,,29.99
5365,"Medium Afr Shade Leaf Log",accessories,,14.99
1727,"Medium Blue Solo Bowl Tvrl",accessories,,10.99
5312,"Medium Lighthouse",accessories,,12.99
5329,"Medium Rubble on Float",accessories,,14.99
5331,"Medium Sea Patrol Chase",accessories,,15.99
5332,"Medium Sea Patrol Skye",accessories,,14.99
4261,"Menu Flakes Car & beetroot",accessories,,4.99
2137,"Meowee Savory Spoonables 3 Flavor",accessories,,3.99
5406,"Mermaid",accessories,,8.99
5268,"Mickey Goofy & Dolphin",accessories,,4.99
5267,"Mickey Merminnie Mini",accessories,,6.99
4800,"Milkbne Small Bones",accessories,,9.99
5460,"Mini Castle",accessories,,8.99
5363,"Mini Coral",accessories,,2.99
5469,"Mini Ship",accessories,,9.99
5470,"Mini Undersea Treasure Chest",accessories,,3.99
5270,"Minion Stuart Beach Budd",accessories,,4.99
5376,"Minions Beacg Buddies Small",accessories,,14.99
5272,"Minireplica Treasure Chest",accessories,,4.99
5876,"Moon & stars Pj Blue Extra Large",accessories,,20.99
5875,"Moon & stars Pj Blue Xxs",accessories,,20.99
5298,"Mopani Wd Medium",accessories,,14.99
5295,"Mopani Wd Small",accessories,,16.99
5435,"Mossy Rock Scape",accessories,,28.99
5437,"Mossy Rock Scape 2",accessories,,26.99
2780,"Mr.bill Toy",accessories,,14.99
2834,"Muktipet Loofa Squeak Mat",accessories,,11.99
2729,"Mulitpet Small Loofadog",accessories,,4.99
4354,"Mystery Mineral Blck",accessories,,2.99
5297,"Natural Driftwood Large",accessories,,16.99
5296,"Natural Driftwood Medium",accessories,,9.99
5294,"Natural Driftwood Small",accessories,,7.99
2395,"Naturally Fresh Clumping 14lb",accessories,,24.99
2396,"Naturally Fresh Herbal Attraction 14lb",accessories,,27.99
2399,"Naturallyfresh Multicat 26lb",accessories,,42.99
2398,"Naturallyfresh Quick Clump 26lb",accessories,,39.99
2397,"Naturallyfresh Ultra Odor 14 lb",accessories,,27.99
965,"Naturals 9""coffee Wood Y-branch",accessories,,12.99
1215,"Naturals Cocobed Fibers 2.5lbs",accessories,,29.99
5366,"Naturals Log Medium",accessories,,31.99
4380,"Naturals Very Peary Chew",accessories,,5.99
1964,"Natures Micracle Catnip Train Spray",accessories,,14.99
1839,"Natures Mircale No Mark Spray",accessories,,14.99
2685,"Naturflex Brontosaurus",accessories,,5.99
2684,"Naturflex Tinytots T-rex 4.5""",accessories,,5.99
5317,"Nemo",accessories,,8.99
5318,"Nemo & marlin",accessories,,10.99
5380,"Night Shifter Hotwheel Small",accessories,,5.99
1449,"Nutri-vet Asprin",accessories,,22.99
4712,"Nutrichomp Braid Chicken 4cnt",accessories,,7.99
4812,"Nutrichomp Prk Knot",accessories,,7.99
1965,"Nutrivet Uri-ease Cat Paw Gel",accessories,,15.99
4254,"Oral Syringe & Medium Dropper",accessories,,4.99
2757,"Otwrd Hound Stufffree Fox",accessories,,10.99
4050,"Oxbw Purcmfrt 28l Natural",accessories,,22.99
1190,"Parrot Starter Kit",accessories,,149.99
5335,"Patrick on Louge Chair",accessories,,13.99
6187,"Pc 24"" Double Door",accessories,,62.99
6188,"Pc 30"" Double Door",accessories,,79.99
6189,"Pc 36"" Double Door",accessories,,129.99
6186,"Pc 42"" Double Door",accessories,,135.99
6180,"Pc 42"" Single Door",accessories,,129.99
6190,"Pc 48"" Double Door",accessories,,169.99
6181,"Pc 48"" Single Door",accessories,,149.99
5364,"Peace & love Kit",accessories,,13.99
1923,"Pennplex Felt Steps Dark Grey 13""h",accessories,,78.99
1593,"Pennplex Paw Cleaner",accessories,,21.99
1363,"Perfect Coat Unscented Shamp",accessories,,9.99
5608,"Perfecto 20x18 Glass Top",accessories,,31.99
5607,"Perfecto 30,34h,&45h",accessories,,40.99
1688,"Pet Mate Double Cup Large",accessories,,4.99
5832,"Pet Rainydays Large",accessories,,19.99
1739,"Petcrestspiralstake",accessories,,10.99
2324,"Petlinks Litter Mat",accessories,,25.99
4894,"Petodot Furrytails",accessories,,8.99
1924,"Petpals Charcoal 4 Level Pet Stairs",accessories,,87.99
1925,"Petpals Zoso 4 Level Pet Stairs",accessories,,99.99
5833,"Petrainy Daysxlg",accessories,,27.99
4247,"Petwtrbttl 16oz",accessories,,6.99
4248,"Petwtrbttle 32oz",accessories,,8.99
1388,"Pierce's Nu-stock",accessories,,34.99
1489,"Pill Crusher",accessories,,6.99
1508,"Pill Popper",accessories,,4.99
2334,"Pixi Flowfoun Filter 3x",accessories,,8.99
5899,"Plaid Sweater Red Medium",accessories,,22.99
5305,"Plant Decor Kit 2md 4xs",accessories,,14.99
5306,"Plant Decor Kit 2md 4xs",accessories,,14.99
1022,"Playful Forage & eng ""raincatcher""",accessories,,6.99
5405,"Poised Mermaid",accessories,,4.99
1617,"Polkadot Bones Fashion Mat",accessories,,9.99
5499,"Polyfiber Pad",accessories,,7.99
5497,"Polyfiber Plus Pad",accessories,,8.99
5737,"Pong Mag Model 5",accessories,,129.99
1696,"Portofino Dish Dog Blushpink 5""",accessories,,7.99
5239,"Praziguard for Dogs 6tabs",accessories,,18.99
4062,"Prettypets Glider Food",accessories,,10.99
5543,"Pro-carb 28oz Active Crbn",accessories,,26.99
5545,"Pro-z 44oz",accessories,,16.99
6937,"Puppy Cup Bacon 13oz",accessories,,11.99
4674,"Puppy-peroni",accessories,,6.99
2305,"Pureness Giant 8 Cat Pan Liners",accessories,,6.99
2306,"Pureness Large 12 Cat Pan Liners",accessories,,6.99
2307,"Pureness Xg Drwstng Pan Liner",accessories,,6.99
5135,"Purewatr Pebbles Liberty 25 lb",accessories,,23.99
2125,"Purr Snackitty Chicken",accessories,,4.99
2124,"Purr Snackitty Salmon",accessories,,4.99
7038,"Python 13 C Switch Part",accessories,,12.99
7036,"Python Clean Fill",accessories,,12.99
7039,"Python Squeeze",accessories,,19.99
1142,"Quiko Classic Egg Food",accessories,,12.99
1141,"Quiko Red Egg Food",accessories,,12.99
5424,"Rainbow Rock Small",accessories,,8.99
5851,"Rainy Days Small",accessories,,16.99
2737,"Rascal 5"" Foot",accessories,,4.99
2667,"Rascal Sheep Toy",accessories,,14.99
2735,"Rascal6.5"" Purple Rhino",accessories,,10.99
1781,"Red Cross Extra Large Life Jacket",accessories,,20.99
5408,"Red Rock Tank Decor",accessories,,34.99
669,"Redline Science Incubator",accessories,,9.99
5237,"Remedyrecv Pet Wrm 8oz",accessories,,12.99
112,"Rep-cal Grow Juv. Bearded D.",accessories,,7.99
5778,"Replacement Parts",accessories,,11.99
5773,"Replacement Parts",accessories,,20.99
1679,"Replendish0.5g.wtrw/Microban",accessories,,19.99
1680,"Replendish0.5gwtrw/Micro Grey",accessories,,19.99
1705,"Replendish2lbfdrw/Micrban",accessories,,19.99
1704,"Replendish5lbfdrw/Microban",accessories,,32.99
5345,"Rhino Skull Resin",accessories,,14.99
5900,"Ribbed Chenille Sweater Red Extra Large",accessories,,25.99
5501,"Ritesize Jh Floss Sleeve",accessories,,12.99
5434,"Rock & branch Scape",accessories,,29.99
5426,"Rock Stack",accessories,,7.99
5425,"Rock Stack",accessories,,9.99
5378,"Rodger Dodger Hotwheel Small",accessories,,5.99
4099,"Round Lake Farm Adult Gpig 4lb",accessories,,15.99
4098,"Round Lake Farm Yng Gpig 4lb",accessories,,15.99
1694,"Ruffmtuff 2qt",accessories,,12.99
1693,"Ruffntuff 3qt",accessories,,16.99
1649,"Ruffntuff Double Diner",accessories,,14.99
1233,"Salon Scents Citrus & pom",accessories,,19.99
6923,"San Franci Beef Heart 3.5oz",accessories,,7.99
5273,"Seasme Big Bird",accessories,,4.99
5269,"Seasme Cookie Monster",accessories,,6.99
5266,"Sesame Oscar the Grouch",accessories,,4.99
5344,"Shark Jaw",accessories,,37.99
5901,"Shawl Collr Sweater Large Gray",accessories,,19.99
2104,"Shepboy Freezedried Chckhearts",accessories,,15.99
2105,"Shepboy Freezedried Minnows",accessories,,19.99
4671,"Shephard Freeze Chicken Hearts",accessories,,15.99
5352,"Shipwreck Bow Large",accessories,,98.99
5462,"Shipwreck Bow Small",accessories,,16.99
5472,"Shipwreck Small",accessories,,28.99
5351,"Shipwreck Stern Large",accessories,,79.99
5445,"Shipwreck Stern Medium",accessories,,34.99
5027,"Silent Air B11",accessories,,31.99
1857,"Simple Solution Small Washable Diaper",accessories,,34.99
1859,"Simplesolution Extra Large Washable Diaper",accessories,,44.99
1861,"Simplesolution Large Washmale Wrap",accessories,,39.99
1858,"Simplesolution Medium Washable Diaper",accessories,,46.99
1860,"Simplesolution Medium Washmale Warp",accessories,,33.99
5383,"Sitting Unicorn",accessories,,10.99
5310,"Skeleton Escape",accessories,,8.99
5349,"Skull Gazer Small Assorted",accessories,,6.99
4392,"Sleep Sack",accessories,,11.99
4255,"Smakers Nut",accessories,,5.99
1725,"Small Blue Double Diner Trvl",accessories,,12.99
1613,"Small Food Scoop",accessories,,3.99
145,"Small Jelly Pots",accessories,,0.89
1646,"Small Kennel Cup",accessories,,9.99
5356,"Small Plane Wreck",accessories,,7.99
5463,"Small Split Shipwreck",accessories,,15.99
1619,"Small Tan Bone Place Mat",accessories,,10.99
790,"Small World .6gal",accessories,,6.99
789,"Small World Habitat 1g",accessories,,10.99
788,"Small World Habitat 2.2 Gal",accessories,,16.99
784,"Small World Habitat 2.3 Gal",accessories,,22.99
787,"Small World Habitat 4gal",accessories,,24.99
1092,"Smart Play Tower",accessories,,23.99
4642,"Smartsticks 12 Chicken",accessories,,13.99
4622,"Smartsticks 16ct. Chamomile & Lavender",accessories,,12.99
1647,"Snappy Fit Stainless Steel Bowls 4c",accessories,,24.99
1648,"Snappyfit Stainlesssteel Bwl 20oz",accessories,,14.99
1325,"Spa Lavish Renew",accessories,,14.99
1324,"Spa Lavish White Coat",accessories,,14.99
1232,"Spa Lavish for Him",accessories,,12.99
1323,"Spa Lavish for Him Shamp",accessories,,14.99
5373,"Spngeb Pinapple Home",accessories,,14.99
6018,"Spree Carrier Blue 19 in",accessories,,24.99
5340,"Squidwards Easter Island Home",accessories,,14.99
5325,"Star Wars",accessories,,21.99
5126,"Stoneyriver Beach 5lb",accessories,,5.99
5124,"Stoneyriver Cherokee",accessories,,7.99
5123,"Stoneyriver Jumbo Neautral 5lb",accessories,,7.99
5125,"Stoneyriver Nutmeg",accessories,,6.99
5384,"Stump Ornatment Large",accessories,,19.99
679,"Suculate Garden",accessories,,15.99
918,"Sunburts Sticks Lil Fruits",accessories,,2.99
5357,"Sunken Army Truck",accessories,,7.99
5438,"Sunken Battleship Medium",accessories,,20.99
5444,"Sunken Shipwreck Front Medium",accessories,,39.99
5473,"Sunken Treasure Ship Medium",accessories,,34.99
5464,"Sunken Treasure Ship Small",accessories,,11.99
1393,"Supergrow 100",accessories,,18.99
5127,"Supernatural Gemstone 5lb",accessories,,5.99
5128,"Supernatural Jelly Beans 20lb",accessories,,19.99
4106,"Sweethrvst Gpig 4lb",accessories,,16.99
5390,"Tan Plane Coral Scape",accessories,,45.99
5238,"Tapeworm Dewormer Dogs Tabs",accessories,,33.99
5880,"Teddybear Hood Robe Extra Small",accessories,,24.99
1906,"Territory Cow Pet Bd",accessories,,59.99
5870,"Tex Cable Sweater Sage Extra Small",accessories,,20.99
5874,"Texcable Sweater Sage Extra Large",accessories,,26.99
5873,"Texcable Sweater Sage Large",accessories,,24.99
5872,"Texcable Sweater Sage Medium",accessories,,19.99
5871,"Texcable Sweater Sage Sml",accessories,,19.99
2354,"Tidycat Breeze Litter Box",accessories,,73.99
2353,"Tidycat Breeze Pads",accessories,,24.99
2368,"Tidycats 24/7 Preformance Lit 20",accessories,,9.99
2389,"Tidycats Tidy Feet Litter",accessories,,25.99
5422,"Tikiw/ Surfboard",accessories,,14.99
1240,"Timmy Holedigger",accessories,,19.99
4084,"Tinyfriendfarm Chinch 2lb",accessories,,14.99
1630,"Travel Trainer",accessories,,20.99
5475,"Treasure Chest Extra Large",accessories,,83.99
5476,"Treasure Chest Large",accessories,,39.99
5471,"Treasure Chest Small",accessories,,14.99
5359,"Trex Jurrasic Sml",accessories,,12.99
804,"Troiclean Ntrl Flea & tik Soothing Spray",accessories,,12.99
802,"Tropicalen Ntrl Flea & tick Soothing Sham",accessories,,12.99
4849,"Tuesday 12"" Cll Strt Stics Beef",accessories,,6.99
5354,"Tufa Stone Medium",accessories,,12.99
944,"Tweet Eats Corn Puffs",accessories,,10.99
5379,"Twin Mill Hotwheel Small",accessories,,6.99
2287,"Uc Combo 1 Story",accessories,,30.99
5243,"Ucari Intolerance Test",accessories,,79.99
1403,"Ultrajoint for Join Pain Oil",accessories,,26.99
5003,"Underwater River",accessories,,23.99
5904,"Untucked Cab Sweet Navy Medium",accessories,,19.99
5911,"Untucked Plaid Sweet Gray Extra Small",accessories,,20.99
5908,"Untucked Plaid Sweet Gray Extra Small",accessories,,20.99
5910,"Untucked Plaid Sweet Gray Large",accessories,,23.99
5909,"Untucked Plaid Sweet Gray Medium",accessories,,21.99
1710,"Vaness Dual 42oz",accessories,,4.99
1711,"Vaness Single 16oz",accessories,,2.99
5361,"Velociraptors Sml",accessories,,12.99
904,"Vitacraft Sticks Egg and Honey Keets",accessories,,4.99
4314,"Vitadrops Pigs",accessories,,17.99
4313,"Vitadrops Pure C Pigs",accessories,,19.99
4108,"Vitagarden Gpig 4lb",accessories,,15.99
4094,"Vitagarden Ham & grbl 2.5 lb",accessories,,7.99
4281,"Vitaherbal Rice Ring",accessories,,4.99
1221,"Vitaseed Caliblend 25lbs",accessories,,87.99
6036,"Voyager Blue 24""",accessories,,42.99
6028,"Voyager Blue 26.6",accessories,,52.99
6037,"Voyager Grey 24""",accessories,,43.99
6035,"Voyager Pink 24""",accessories,,43.99
6027,"Voyager Pink 26.6",accessories,,51.99
966,"Wacky Wood 14""",accessories,,11.99
967,"Wacky Wood 24""",accessories,,17.99
968,"Wacky Wood 36""",accessories,,21.99
1274,"Washaway Green Tea Shamp",accessories,,14.99
1275,"Washaway Lemon Verbena Shamp",accessories,,14.99
1276,"Washaway Simply Clean Shamp",accessories,,14.99
4476,"We Ear Natural",accessories,,2.99
1846,"Weeweed Dispo Liner Pads 10pk",accessories,,10.99
1813,"Weeweespringactgrss Scoop Extra Large",accessories,,27.99
5315,"Weird Watrs Sign",accessories,,4.99
4309,"Wettail Drops",accessories,,18.99
4906,"Wick Trimmer",accessories,,7.99
1227,"Wild Bird 20 Lbs",accessories,,24.99
5006,"Wizard Algae Scrubber Pad",accessories,,4.99
4676,"Wln Puppy Bites",accessories,,5.99
5776,"Wonder Shell",accessories,,6.99
5385,"Wood Decor",accessories,,19.99
2781,"Woody Woodpecker Toy",accessories,,14.99
2369,"Worldsbestcatlitter Lavender.8lb",accessories,,18.99
2372,"Worldsbestcatlitter Multi 28lb",accessories,,39.99
2371,"Worldsbestcatlitter Multi 8lb",accessories,,19.99
2370,"Worldsbestcatlitter Unsc. 15lb",accessories,,45.99
4946,"Yummy Crumbs L 12oz",accessories,,25.99
4944,"Yummycmbs Extra Large 12oz",accessories,,25.99
4945,"Yummycmbs Small 12oz",accessories,,25.99
1802,"Zenpet Buddy Lift L/Extra Large",accessories,,50.99
1801,"Zenpet Buddylift",accessories,,40.99
1482,"Zenpet Wrap",accessories,,10.99
1642,"Zeus Fountain Filter Pads",accessories,,24.99
1677,"Zeus H2eau Fountain Dog",accessories,,43.99
4397,"Zzzz Hammock",accessories,,10.99
5817,"1-3 Betta Tank Kit",aquatics,aquatic,29.99
7299,"Activ Betta Black Gravel",aquatics,aquatic,4.99
7298,"Activ Betta Neon Gravel",aquatics,aquatic,4.99
7297,"Activ Betta White Sand",aquatics,aquatic,3.99
5496,"Ammonia Remover Pad",aquatics,,8.99
5520,"Ammonia-x Cat Ax2",aquatics,,4.99
5519,"Ammonia-x Cat Ax3",aquatics,,5.99
5407,"Aqua Marine Item- Assorted",aquatics,aquatic,4.99
5151,"Aquaplnt 2"" 6pk Natural Betta Plant",aquatics,aquatic,5.99
7265,"Aquarium Solution Betta Revive",aquatics,aquatic,2.99
7266,"Aquarium Solution Betta Ultimate",aquatics,aquatic,1.99
7264,"Aquarium Solution Herbal Betta Revive",aquatics,aquatic,3.99
7111,"Aquarium Solutions Prazipro 16oz",aquatics,aquatic,49.99
7110,"Aquarium Solutions Prazipro 4oz",aquatics,aquatic,17.99
7375,"Assorted Fancy Angel Reg",aquatics,aquatic,2.99
7376,"Assorted Veil Angel Reg",aquatics,aquatic,3.99
5362,"Assrt Fish Small",aquatics,aquatic,4.99
5074,"Bactosurge Sponge Filter Extra Large",aquatics,,24.99
5073,"Bactosurge Sponge Filter Large",aquatics,,10.99
5382,"Barbie Mermaid Medium",aquatics,aquatic,12.99
5381,"Barbies Mermaid Medium",aquatics,aquatic,12.99
6843,"Beef Cat Tuna, Tilapia 3oz",aquatics,,1.39
5816,"Betta Bow Front Double Tank Kit",aquatics,aquatic,13.99
5449,"Brooklyn Bridge Medium",aquatics,aquatic,48.99
5097,"Caribsea Cichlid 20lb Sand",aquatics,aquatic,32.99
1733,"Cat/Doglife Filter Cartridge Replace",aquatics,,8.99
5300,"Cichlid Hut",aquatics,aquatic,6.99
5323,"Clown Fish",aquatics,aquatic,5.99
5080,"Decor Aqua Filter",aquatics,,29.99
7364,"Dinosaur Senegalus Polypterus Tank Raised Reg",aquatics,aquatic,6.99
7381,"Feeder Rosy Red 500 Count",aquatics,aquatic,46.99
7382,"Feeder Rosy Red Each Reg",aquatics,aquatic,0.18
4999,"Filter-a-brush",aquatics,,5.99
4995,"Filter-a-brush Kit",aquatics,,7.99
5522,"Filter-a-carb Fc2",aquatics,,4.99
5521,"Filter-a-carb Fc3",aquatics,,6.99
5523,"Filter-a-carb Fc4",aquatics,,3.99
5694,"Fluvalsea Cp2 Pump",aquatics,aquatic,39.99
5708,"Fluvalsea Cp3 Pump",aquatics,aquatic,54.99
5810,"Frozen Betta Tank",aquatics,aquatic,19.99
5799,"Ginger Float Pond Pellet 14oz",aquatics,,10.99
5798,"Ginger Prem Float Pond Pellet 16oz",aquatics,,12.99
5322,"Hank on Sand Medium",aquatics,,12.99
5090,"Led Air Stone",aquatics,,10.99
5448,"Madison Bridge",aquatics,aquatic,35.99
5494,"Marinelnd Bonded Filter Pad 1 Pack",aquatics,aquatic,8.99
5735,"Micra Plus Pump",aquatics,,39.99
5263,"Mini Replica Fish",aquatics,aquatic,4.99
5082,"Nano Air Pump",aquatics,,8.99
7349,"Otocinclus Reg",aquatics,aquatic,2.99
5772,"Ovation-1000 Filter",aquatics,,7.99
5771,"Ovation-380 Filter",aquatics,,6.99
7347,"Painted Glass Fish Reg",aquatics,aquatic,5.99
5299,"Pleco Cave",aquatics,aquatic,19.99
5774,"Podmaster Pond Filter",aquatics,,16.99
5419,"Rialto Bridge Medium",aquatics,aquatic,42.99
5418,"Rialto Bridge Small",aquatics,aquatic,19.99
6922,"San Franci Cichlid Delight 3.5oz",aquatics,aquatic,8.99
5402,"Sea Anemone Blue Medium",aquatics,,13.99
5401,"Sea Anemone Pink Medium",aquatics,,13.99
5106,"Stoney River Black Sand 5lb",aquatics,,7.99
5103,"Stoney River Carribean Sand 5lb",aquatics,,7.99
5104,"Stoney River Java Sand 5lb",aquatics,,7.99
5105,"Stoney River White Sand 5lb",aquatics,,7.99
5244,"Suziescbd Pumpkin 6oz",aquatics,,16.99
5081,"The Bubbler Bottm Filter",aquatics,,5.99
5420,"Troll Bridge",aquatics,aquatic,59.99
5562,"Undergravel Filter 20-15g",aquatics,,17.99
5563,"Undergravel Filter 29/20g",aquatics,,18.99
5564,"Undergravel Filter 40/55g",aquatics,,28.99
5513,"Undergravel Upgrade Kit",aquatics,,8.99
5561,"Undergrvel Filter 10g",aquatics,,12.99
7348,"Zebra Nerite Snail Reg",aquatics,aquatic,2.99
5309,"Zombie Fish",aquatics,aquatic,9.99
1625,"Best Friends Cat 6"" Dish",beds,,7.99
1709,"Crock Heavyweight 106oz",beds,,12.99
1707,"Crock Heavyweight 20oz",beds,,4.99
1708,"Crock Heavyweight 52oz",beds,,8.99
1915,"Hello Kitty Pet Bed Large Pink",beds,,54.99
1916,"Hello Kitty Pet Bed Small White",beds,,33.99
1184,"Ae Assorted Bird Cage",birdSupplies,,24.99
1185,"Ae Variety Bird Cage",birdSupplies,,25.99
1156,"California Blend Parrot",birdSupplies,,22.99
1207,"Cozy Cotton Nesting Material",birdSupplies,,2.99
879,"Finch Fries",birdSupplies,,3.99
1202,"Finch Twig Nest",birdSupplies,,5.99
951,"Insight Sand Perch T-perch",birdSupplies,,6.99
958,"Livingworld Sand Perch Covers",birdSupplies,,3.99
4422,"Medium. Oval Basket Nest",birdSupplies,,9.99
1209,"Oval Basket Nest Large",birdSupplies,,14.99
1208,"Oval Basket Nest Medium",birdSupplies,,12.99
1213,"Penplax Bird Bath",birdSupplies,,10.99
1161,"Safflower Gold Conure & cockatiel",birdSupplies,,15.99
1222,"Safflower Gold Conure & tiel 25lbs",birdSupplies,,83.99
1223,"Safflower Gold Parrot 25lbs",birdSupplies,,99.99
1153,"Safflowergold Parrot",birdSupplies,,17.99
4423,"Small Oval Basket Nest",birdSupplies,,6.99
2193,"Blue Wilderness Chick & turkey Treat",catTreats,,5.99
2183,"Blue Wilderness Chicken & Duck Cat Treats",catTreats,,5.99
4277,"Complete Crunch Carrot",catTreats,,6.99
4276,"Complete Crunch Cheese",catTreats,,6.99
2103,"Nacho Duck Liver Cat Treats",catTreats,,4.99
2126,"Surf Kitty Kitty Treats",catTreats,,4.99
4475,"We Munch & crunch Large",catTreats,,6.99
6192,"Exercise Pen 30""",dogCages,,89.99
6194,"Exercise Pen 48""",dogCages,,184.99
6193,"Pc Exercise Pen 36""",dogCages,,89.99
6016,"Pop Up Playpen",dogCages,,199.99
4439,"10"" Collagen Sticks Chicken",dogTreats,,2.99
4438,"10"" Collagen Sticks Peanut Butter",dogTreats,,2.99
4441,"10"" Collagen Sticks Steak",dogTreats,,2.99
4437,"10""collagen Sticks Original",dogTreats,,2.99
4481,"7"" Collagen Stick Bacon",dogTreats,,1.99
4480,"7"" Collagen Stick Chicken",dogTreats,,1.99
4478,"7"" Collagen Stick Original",dogTreats,,1.99
4479,"7"" Collagen Stick Peanut Butter",dogTreats,,1.99
4482,"7"" Collagen Stick Steak",dogTreats,,1.99
2175,"Blue Wilderness Chunk & salmon Treats",dogTreats,,5.99
5897,"Cool Stripe Sweater Gray Large",dogTreats,,23.99
4706,"Fruitables Bacon & appl",dogTreats,,6.99
4705,"Fruitables Pumpkin",dogTreats,,8.99
4704,"Fruitables Sweet Pot",dogTreats,,6.99
5447,"Gray Striped Rock 3pc Kit",dogTreats,,44.99
5474,"Striped Pirate Ship Medium",dogTreats,,64.99
5465,"Striped Pirate Ship Small",dogTreats,,19.99
5245,"Suziescbd Apple 6oz",dogTreats,,16.99
5246,"Suziescbd Original 6oz",dogTreats,,16.99
1351,"Tropicleanoxymed Medicated",dogTreats,,13.99
1352,"Tropicleanoxymed Pawpad Lotion",dogTreats,,9.99
1350,"Tropicleanoxymedantiitch Medi Spray",dogTreats,,10.99
4848,"Tuesday Beef Bladder",dogTreats,,7.99
4311,"Alfalfa & calcium Block",food,,2.99
6844,"Beef Tuna, Chicken 3oz",food,,1.39
6845,"Beef Tuna, Salmon 3oz",food,,1.39
5098,"Caribsea African Cichlad Mix 20lb",food,,22.99
1616,"Dinner Mat",food,,12.99
1133,"Exact Hand Feeding Formula",food,,18.99
1134,"Hagan Tropican Handfeeding Formula",food,,11.99
940,"Hari Spray Millet",food,,5.99
4702,"Healthext. 3.5 oz Salmon",food,,12.99
5427,"Kitbox Volcano",food,,67.99
6673,"Kitten Chow 14lb",food,,29.99
6665,"Kitten Chow 3.15lb",food,,8.99
6322,"Max Bully 30lb",food,,67.99
6321,"Max Bully 5lb",food,,18.99
5468,"Mini Undersea Mini Cannon",food,,3.99
6553,"Natural Bal Duck 13.2oz",food,,3.79
6552,"Natural Bal Plant 13oz",food,,3.09
6554,"Natural Bal Salmon 13oz",food,,3.39
2394,"Naturally Fresh Pellets 10lb",food,,10.99
6410,"Next Level Hi Pro 30 50lb",food,,61.99
5334,"Patrick in Canoe",food,,7.99
1724,"Pm Easy Reach Dinner Extra Large",food,,49.99
5542,"Pro-carb 17 oz Active Crbn",food,,16.99
5544,"Pro-carbz 34 oz",food,,19.99
6386,"Proi Plan Lamb Puppy 18lb",food,,47.99
6703,"P{ro Plan Cat Urin Turkey 3oz",food,,1.89
6400,"Shep Boy Chicken Fdr 14oz",food,,33.99
1615,"Small Dinner Mat",food,,9.99
2355,"Tidycat Breeze Litter Pellets",food,,17.99
6054,"Toe Anc Prairie 28lb",food,,53.99
6450,"Valu Pak 24/20 Red 50lb",food,,42.99
6449,"Valu Pak 28/20 Bla 50lb",food,,45.99
6448,"Valu Pak 30/20 Purpl 50lb",food,,48.99
1383,"Bannixx Shampoo",healthcare,,31.99
1381,"Bannixx Wound Care Cream 4oz",healthcare,,17.99
1245,"Chicken-9 Cologne",healthcare,,21.99
1944,"Comfortzone Cat Calming Diffuser Ref",healthcare,,22.99
1943,"Comfortzone Cat Calming Kit",healthcare,,34.99
1239,"Espress Calming Waters",healthcare,,10.99
1391,"Evolutions Natruvet Probiotic",healthcare,,23.99
1483,"Ideal Syrflex Bandage",healthcare,,3.99
1983,"Nutri-stat Highcalorie Supplement",healthcare,,22.99
1481,"Nutri-vet Bitter Bandage",healthcare,,8.99
1484,"Nutri-vet Liquid Bandage",healthcare,,10.99
1528,"Safarin Self Cleaning Slicker Medium",healthcare,,18.99
1406,"Sulfodene 3 Way Ointment",healthcare,,11.99
1961,"Topiclean Deepcleansing Cat Sham",healthcare,,6.99
1319,"Veterinary Formula Ear Therapy Wipes",healthcare,,16.99
1243,"White Dalmation Cologne",healthcare,,15.99
154,"Zillla Calcium Supplement",healthcare,,8.99
3370,"Adventure Belt Leash",leashes,,29.99
2536,"Cirlce 16""tnv 1786s Collar",leashes,,27.89
2538,"Cirlce 20"" Tnv 1789s Collar",leashes,,38.19
2535,"Cirlce 20""tcr 1786s Collar",leashes,,38.19
3781,"Coasta; Pkb6' 406 Leash",leashes,,9.59
4699,"Gmaw Lucy Blueberry",leashes,,14.99
5837,"Harness Coat Navy Large",leashes,,24.99
5840,"Harness Hoodie Extra Large Blue",leashes,,21.99
5839,"Harness Hoodie Large Blue",leashes,,21.99
5836,"Harness Hoodie Large Red",leashes,,21.99
3472,"Paw Patrol Small Harness",leashes,,22.99
5838,"Polar Harness Coat Extra Small Blue",leashes,,21.99
1234,"Salon Scents Blueberry Pie",leashes,,19.99
5240,"Seresto Cat Collar",leashes,,79.99
5242,"Seresto Large Dog Collar",leashes,,79.99
5241,"Seresto Small Dog Collar",leashes,,79.99
3680,"Sunburts Black06' Leash",leashes,,10.69
490,"Basking Platform Filter",reptiles,reptile,79.99
4811,"Beefhide Chew",reptiles,,4.99
858,"Birdlif Mineral Block 2pk",reptiles,,4.99
1697,"Cat/Reptile 5.25"" Bowl",reptiles,reptile,5.99
203,"Cricket Pen Replacement Foam",reptiles,reptile,3.99
75,"Exoterr Small Sand Mat",reptiles,reptile,23.99
398,"Extoterra Repuvb300 T5 8w 14%",reptiles,,26.99
645,"Extra Large Humid Hide",reptiles,,32.99
489,"Floating Turtle Pier Large.",reptiles,reptile,39.99
488,"Floating Turtle Pier Medium.",reptiles,reptile,32.99
487,"Floating Turtle Pier Small",reptiles,reptile,26.99
696,"Galapogoas Mossy Cave 4""",reptiles,,16.99
697,"Galapogoas Mossy Cave 6""",reptiles,,23.99
698,"Galapogoas Mossy Cave Large",reptiles,,24.99
108,"Gourment Bearded Dragon Food",reptiles,reptile,19.99
106,"Gourmet Iguana Food",reptiles,reptile,19.99
5341,"Granite Stone Hideaway 2pk",reptiles,,46.99
5394,"Grass Hideaway",reptiles,,8.99
136,"Iguana Salad Dressing",reptiles,reptile,12.99
5388,"Large Rock Cave",reptiles,,39.99
201,"Lees Mealworm Dish",reptiles,reptile,6.99
19,"Lizard Ladder",reptiles,reptile,7.99
14,"Lizard Lounger",reptiles,reptile,31.99
15,"Lizard Lounger Bridge",reptiles,reptile,39.99
18,"Lizard Lounger Hanging Hideout",reptiles,reptile,22.99
17,"Lizard Lounger Sun-lover",reptiles,reptile,19.99
16,"Lizard Lounger Vine Backdrop",reptiles,reptile,25.99
5387,"Medium Rock Cave",reptiles,,24.99
945,"Meijer Ecuttlebone Perch",reptiles,,3.99
5395,"Pipe Hideaway Large",reptiles,,9.99
105,"Rep-cal Adult Iguana Food",reptiles,reptile,24.99
104,"Rep-cal Juv. Iguana Food",reptiles,reptile,7.99
22,"Repti Hammock Giant",reptiles,reptile,16.99
21,"Repti Hammock Large.",reptiles,reptile,10.99
20,"Repti Hammock Small",reptiles,reptile,7.99
7383,"ReptiFauna Assorted Cryptanthus - Tropical 2"" Pot",reptiles,reptile,4.99
7385,"ReptiFauna Hope Peperomia - Tropical 2"" Pot",reptiles,reptile,6.99
7384,"ReptiFauna Pink Fittonia - Tropical 2"" Pot",reptiles,reptile,6.99
423,"Reptile Eco , Clamp Lamp",reptiles,reptile,29.99
786,"Reptile Ranch Small",reptiles,reptile,29.99
396,"Reptile Sys. T5 Zone 1 24w 2.4%",reptiles,reptile,39.99
386,"Reptile Sys. T5 Zone 1 Unit 24w 23""",reptiles,reptile,99.99
394,"Reptile Sys. T5 Zone 2 24w 6""",reptiles,reptile,39.99
390,"Reptile Sys. T5 Zone 3 12% 39w",reptiles,reptile,36.99
393,"Reptile Sys. T5 Zone 3 24w 12%",reptiles,reptile,34.99
384,"Reptile Sys. T5 Zone 3 Unit 39w 35""",reptiles,reptile,99.99
499,"Reptisticks Turtle",reptiles,reptile,3.99
517,"Reptoguard Turtle Health Condi",reptiles,reptile,3.99
493,"Reptomin Floating Turtle Sticks 1.94 oz",reptiles,reptile,4.99
492,"Reptomin Floating Turtle Sticks 10.59oz",reptiles,reptile,23.99
491,"Reptomin Floating Turtle Sticks Jumbo",reptiles,reptile,17.99
496,"Reptomin Select a Food Turtle",reptiles,reptile,12.99
5411,"Rock Cave Mountain",reptiles,,28.99
5342,"Roundstone Hideaway Large 4""",reptiles,,19.99
5415,"Small Rdck Cave",reptiles,,19.99
5386,"Small Rock Cave",reptiles,,11.99
5343,"Stone Hideaway Small 2in",reptiles,,6.99
756,"Tetrafauna 75reptohabitat 75g",reptiles,reptile,329.99
513,"Tetrafauna Reptofilter 3 Pack",reptiles,reptile,15.99
781,"Tetrafaune Deluxe Reptohabitat 40",reptiles,reptile,279.99
135,"Tortoise Salad Dressing",reptiles,reptile,11.99
516,"Turtle Dock Suction Cups",reptiles,reptile,2.99
514,"Turtle Pier Extender Clips",reptiles,reptile,9.99
168,"Zoomeds Reptivite +d3",reptiles,reptile,6.99
1627,"Ecoware Cat Dish",smallAnimalSupplies,,5.99
4396,"Ramp Covers 3pk",smallAnimalSupplies,,20.99
4398,"Ramp Covers 3pk",smallAnimalSupplies,,15.99
5009,"Aerating Lighthouse",smallanimal,,16.99
1193,"Ass. Keet Cage",smallanimal,smallanimal,57.99
1189,"Ass. Keet House Cage",smallanimal,smallanimal,54.99
1186,"Ass.Medium & small Cage",smallanimal,smallanimal,45.99
1732,"Cage Crock Steel",smallanimal,smallanimal,10.99
6017,"Collapsible Crate",smallanimal,,115.99
4083,"Complete Chinchilla Degu 3lb",smallanimal,smallanimal,18.99
4219,"Fresh World Bedding",smallanimal,smallanimal,8.99
4201,"Friendsfarm Bathing Sand",smallanimal,,12.99
4081,"Friendsfarm Reggierat 2lb",smallanimal,,10.99
1128,"Galaop. Walnut Bedding",smallanimal,smallanimal,18.99
4371,"Hamsteroids",smallanimal,smallanimal,4.99
4418,"Marshal Ferret Harness & lead",smallanimal,smallanimal,18.99
2686,"Naturflex Triceratops",smallanimal,,5.99
5498,"Nitrate Remover Pad",smallanimal,,8.99
5353,"Pirate Wave Runner",smallanimal,,67.99
4063,"Prettypets Hedgehog Food",smallanimal,smallanimal,16.99
4032,"Rndlake Timothy Hay 18oz",smallanimal,smallanimal,8.99
4031,"Rndlake Timothy Hay 48 oz",smallanimal,smallanimal,17.99
4022,"Rndlake Timothy Hay 90oz",smallanimal,smallanimal,28.99
4123,"Round Lake Farm Yng Rabbit 4lb",smallanimal,smallanimal,14.99
5316,"Sprats",smallanimal,,9.99
4420,"Sugar Glider Harness & lead",smallanimal,smallanimal,9.99
4090,"Sunburts Rat & mouse 2.5 lb",smallanimal,smallanimal,9.99
1196,"Tall Flight Cage",smallanimal,smallanimal,119.99
4120,"Tiny Friends Farm Russel Rabbit 2lb",smallanimal,smallanimal,10.99
4089,"Vitagarden Rat & mouse 2.5 lb",smallanimal,smallanimal,7.99
1991,"Cat Scratcher Replacement Pad",toys,,11.99
2283,"Chicken Roller Cat Toy",toys,,28.99
2898,"Chuckt Fetchball 2pk",toys,,13.99
3093,"Knf Jumbler Football Medium/Large",toys,,18.99
964,"Naturals 9"" Java Wood Perch",toys,,10.99
1411,"Nt Canine Hotspot,Wounds,Ears",toys,,14.99
955,"Pacific Perch 6"" Cosmic Crunch",toys,,7.99
991,"Pacific Perch 7"" Beach Branch",toys,,11.99
992,"Pacific Perch 9"" Beach Branch",toys,,14.99
956,"Pacific Perch 9"" Cosmic Crunch",toys,,10.99
948,"Pacific Perch Beach Walk Small 4""",toys,,8.99
949,"Pacific Perch Beach Walk Small 5""",toys,,9.99
954,"Pennplac Calcium Perch Medium & Large",toys,,17.99
1031,"Pine Swing Large",toys,,5.99
1030,"Pine Swing Medium",toys,,4.99
2711,"Rascal 4"" Basketball",toys,,4.99
1982,"Sentry Hairball Relief Cat",toys,,8.99
1061,"Smartplay Bird Toy",toys,,9.99
1087,"Smartplay Coconut",toys,,17.99
1108,"Smartplay Hanging Rings",toys,,15.99
1110,"Smartplay Stacker",toys,,19.99
1407,"Sulfodene Hotspot Medicated Spray",toys,,8.99
1016,"Wacky Wood Large Swing",toys,,22.99