ID,Product Name
1964,"Natures Micracle Catnip Train Spray"
904,"Vitacraft Sticks Egg and Honey Keets"
1185,"Ae Variety Bird Cage"
5298,"Mopani Wd Medium"
5849,"Basic Hoodie Rasberry Large"
1711,"Vaness Single 16oz"
5896,"Dotswt Green Large"
5379,"Twin Mill Hotwheel Small"
2303,"2qt Mirror Finish Ss Dish"
5901,"Shawl Collr Sweater Large Gray"
5816,"Betta Bow Front Double Tank Kit"
5411,"Rock Cave Mountain"
5874,"Texcable Sweater Sage Extra Large"
5382,"Barbie Mermaid Medium"
2103,"Nacho Duck Liver Cat Treats"
5474,"Striped Pirate Ship Medium"
4219,"Fresh World Bedding"
5211,"6"" Rckplnt Green"
5204,"Aquaplnt 12"" Rckplnt Color"
5880,"Teddybear Hood Robe Extra Small"
5544,"Pro-carbz 34 oz"
5905,"Class Cab Sweater Pink Extra Small"
4480,"7"" Collagen Stick Chicken"
785,"Faunariam Low Small"
4441,"10"" Collagen Sticks Steak"
5322,"Hank on Sand Medium"
1186,"Ass.Medium & small Cage"
5434,"Rock & branch Scape"
1732,"Cage Crock Steel"
4482,"7"" Collagen Stick Steak"
5521,"Filter-a-carb Fc3"
5394,"Grass Hideaway"
1724,"Pm Easy Reach Dinner Extra Large"
1184,"Ae Assorted Bird Cage"
5082,"Nano Air Pump"
6843,"Beef Cat Tuna, Tilapia 3oz"
5468,"Mini Undersea Mini Cannon"
5907,"Class Cab Sweater Pink Medium"
5771,"Ovation-380 Filter"
1245,"Chicken-9 Cologne"
1239,"Espress Calming Waters"
5300,"Cichlid Hut"
786,"Reptile Ranch Small"
4999,"Filter-a-brush"
5462,"Shipwreck Bow Small"
645,"Extra Large Humid Hide"
5841,"Basic Hoodie Violet Extra Small"
6845,"Beef Tuna, Salmon 3oz"
5155,"Aquaplt 16"" Green 3pk"
1156,"California Blend Parrot"
5430,"Algea Ship"
1915,"Hello Kitty Pet Bed Large Pink"
5405,"Poised Mermaid"
5404,"Deco Coral Blue"
4248,"Petwtrbttle 32oz"
2351,"Litter Genie Refill"
1031,"Pine Swing Large"
5881,"Dog Polo Red Small"
5433,"Green Leaf Dirtfwood"
1022,"Playful Forage & eng ""raincatcher"""
6016,"Pop Up Playpen"
7364,"Dinosaur Senegalus Polypterus Tank Raised Reg"
5431,"Bonsai Tree Small"
1622,"8oz Stainless Cat Dish Decorated"
4704,"Fruitables Sweet Pot"
2298,"25 Lbs Pet Food Container"
5446,"Deco Kit 3pcs"
1630,"Travel Trainer"
5406,"Mermaid"
7381,"Feeder Rosy Red 500 Count"
7349,"Otocinclus Reg"
5844,"Basic Hoodie Natural Blue Medium"
5432,"Green/Red Leaf Driftwd"
2299,"50lbs Pet Food Container"
5885,"Dog Polo Purple Medium"
2296,"5lbs Pet Food Container"
5737,"Pong Mag Model 5"
5355,"Algae Boat Wheel"
2729,"Mulitpet Small Loofadog"
6703,"P{ro Plan Cat Urin Turkey 3oz"
5351,"Shipwreck Stern Large"
4416,"Marshal Octo-play"
4370,"Bed Fluff"
5156,"Aquaplt 24"" Green 2pk"
5370,"Crystal Cluster Blue"
4397,"Zzzz Hammock"
1621,"8oz Stainless Cat Dish"
5426,"Rock Stack"
1030,"Pine Swing Medium"
4255,"Smakers Nut"
5301,"Breeding Cone"
4713,"Crazydog Mini Bacon"
5208,"6"" Rckplnt Green"
799,"Animed Dia Earth"
4477,"7in Collagen Chews 5cnt Bacon"
679,"Suculate Garden"
5475,"Treasure Chest Extra Large"
4108,"Vitagarden Gpig 4lb"
2286,"Curious Cat Cube"
5392,"Grotto Medium"
5332,"Medium Sea Patrol Skye"
5376,"Minions Beacg Buddies Small"
5440,"Bonsai Tree on Rock"
5335,"Patrick on Louge Chair"
5393,"Ddbl Rock Crop W Plnts Medium"
5150,"Aquaplt 4"" Plant Green"
1614,"Large Food Scoop"
5136,"Aquaplants 12"" Various 6pk"
5422,"Tikiw/ Surfboard"
5331,"Medium Sea Patrol Chase"
4974,"Kangaroo Tail"
4354,"Mystery Mineral Blck"
1241,"Doggy Bahama Pink"
5884,"Dog Polo Purple Large"
5373,"Spngeb Pinapple Home"
5610,"Aquaglo T8 30w"
1636,"Large Breed Dog Bottle"
5317,"Nemo"
1637,"Faucet Waterer"
5272,"Minireplica Treasure Chest"
5269,"Seasme Cookie Monster"
5250,"Hippiehnds 1000mg Dog Drops"
1680,"Replendish0.5gwtrw/Micro Grey"
1678,"Ferplast .16 Us Gal Food/Water"
5364,"Peace & love Kit"
1976,"Kmr Goats Milk Ready to Use"
1508,"Pill Popper"
853,"E-z Feed 4oz"
2397,"Naturallyfresh Ultra Odor 14 lb"
1704,"Replendish5lbfdrw/Microban"
5421,"Cambodia Rock Faces"
5498,"Nitrate Remover Pad"
4642,"Smartsticks 12 Chicken"
5469,"Mini Ship"
1208,"Oval Basket Nest Medium"
5848,"Basic Hoodie Natblu Large"
4050,"Oxbw Purcmfrt 28l Natural"
4201,"Friendsfarm Bathing Sand"
5294,"Natural Driftwood Small"
1926,"Cozyup Folding Pet Steps"
2300,"1pt Mirror Finish Ss Dish"
5207,"12"" Rock Plant Green"
1276,"Washaway Simply Clean Shamp"
5245,"Suziescbd Apple 6oz"
1452,"Grizzly Omega Salmon 16oz"
5052,"Aquamist 12"""
5336,"Bikini Bottom Homes"
4714,"Crazydog Mini Chicken"
5049,"Bubble-shell"
5305,"Plant Decor Kit 2md 4xs"
5495,"Carbon Pad"
5385,"Wood Decor"
5295,"Mopani Wd Small"
2735,"Rascal6.5"" Purple Rhino"
5267,"Mickey Merminnie Mini"
4094,"Vitagarden Ham & grbl 2.5 lb"
4800,"Milkbne Small Bones"
5383,"Sitting Unicorn"
2834,"Muktipet Loofa Squeak Mat"
5028,"Emergency Air"
1839,"Natures Mircale No Mark Spray"
5812,"Babyshark Big Show Tank"
5886,"Dog Polo Pruple Extra Large"
5883,"Dog Polo Purple Small"
5008,"Decor Airline Tubing"
5363,"Mini Coral"
5608,"Perfecto 20x18 Glass Top"
4251,"Habitat Snk Car,Pea,Greens"
1236,"Aromacare Chamomile"
5337,"Gary Large"
5359,"Trex Jurrasic Sml"
717,"Hermit Beach"
6054,"Toe Anc Prairie 28lb"
1153,"Safflowergold Parrot"
2685,"Naturflex Brontosaurus"
5458,"Magical Castle Small"
4241,"Lock Croc 20oz"
5033,"Mag-scrape Scraper Blades"
5202,"Aquaplnt 6"" Rckplnt Green"
5024,"Lok-tite 3gang Vlv"
1688,"Pet Mate Double Cup Large"
1613,"Small Food Scoop"
4262,"Drops Forest Fruit"
1405,"Animed Shed Medium"
5875,"Moon & stars Pj Blue Xxs"
4247,"Petwtrbttl 16oz"
4313,"Vitadrops Pure C Pigs"
1561,"Fast Acting Super Clot"
5778,"Replacement Parts"
4261,"Menu Flakes Car & beetroot"
5456,"Castle Mini Blue"
89,"Living Natural Coco Mat 18x36"
5318,"Nemo & marlin"
5158,"Aquaplt 12"" Plants Green"
5274,"Little Meremaid 5pk"
1388,"Pierce's Nu-stock"
1393,"Supergrow 100"
5249,"Hippiehnds 250mg Dog Drops"
2747,"Doggie Nip"
1705,"Replendish2lbfdrw/Micrban"
6673,"Kitten Chow 14lb"
5096,"Caribsea Aragonite 15lb"
5438,"Sunken Battleship Medium"
5545,"Pro-z 44oz"
5344,"Shark Jaw"
1092,"Smart Play Tower"
2781,"Woody Woodpecker Toy"
4812,"Nutrichomp Prk Knot"
4252,"Habitat Snk Apple & Ban"
4440,"10"" Collagen Stiks Bacon"
5398,"Hindu Palace"
1965,"Nutrivet Uri-ease Cat Paw Gel"
4671,"Shephard Freeze Chicken Hearts"
5605,"Cobalt C-vue45"
887,"10oz Coop Cups"
5252,"Hippiehnds 500mg Dog Drops"
812,"Bio-groom Repel 35"
5006,"Wizard Algae Scrubber Pad"
1274,"Washaway Green Tea Shamp"
7039,"Python Squeeze"
2392,"Feline Pine 7lb Litter"
5345,"Rhino Skull Resin"
2398,"Naturallyfresh Quick Clump 26lb"
6400,"Shep Boy Chicken Fdr 14oz"
1240,"Timmy Holedigger"
5904,"Untucked Cab Sweet Navy Medium"
59,"Live Oak Leaves"
1727,"Medium Blue Solo Bowl Tvrl"
1916,"Hello Kitty Pet Bed Small White"
1235,"Aromacare Calmin Lavender"
1690,"Heavy Weight 11.5oz Bowl"
4422,"Medium. Oval Basket Nest"
1615,"Small Dinner Mat"
4022,"Rndlake Timothy Hay 90oz"
2686,"Naturflex Triceratops"
1227,"Wild Bird 20 Lbs"
5799,"Ginger Float Pond Pellet 14oz"
5027,"Silent Air B11"
4809,"4"" Pressed Bone"
4144,"Critter Space Pod"
798,"Bug Blaster"
5060,"Aquamist 7/16"""
5210,"8"" Rckplnt Color"
5417,"Extra Large Red Trunk"
5403,"Geode Stone Purple"
1626,"I Love Cats Fish"
5328,"Jaws Swim-thru Small"
889,"30oz Coop Cup"
1695,"Crisscross Steel Non Skid Dish"
5242,"Seresto Large Dog Collar"
1196,"Tall Flight Cage"
5206,"Jungle Pds Large Stle 6"
5429,"Algea Vase"
2100,"Catstages Easylife Hammock"
2737,"Rascal 5"" Foot"
5428,"Kitwood Green Light"
4715,"Crazydog Mini Beef"
4946,"Yummy Crumbs L 12oz"
5882,"Dog Polo Red Large"
5445,"Shipwreck Stern Medium"
4295,"Intune Duets Chicken & salmon"
5898,"Bone Accent Sweet Orange. Extra Small"
5460,"Mini Castle"
1628,"Dry Ears Bowl"
4277,"Complete Crunch Carrot"
487,"Floating Turtle Pier Small"
5349,"Skull Gazer Small Assorted"
1449,"Nutri-vet Asprin"
5466,"Anchor W Plant Small"
918,"Sunburts Sticks Lil Fruits"
5357,"Sunken Army Truck"
4224,"Feeding Dish Small"
2287,"Uc Combo 1 Story"
5850,"Basic Hoodie Natural Blue Small"
154,"Zillla Calcium Supplement"
1693,"Ruffntuff 3qt"
2137,"Meowee Savory Spoonables 3 Flavor"
5476,"Treasure Chest Large"
5246,"Suziescbd Original 6oz"
5832,"Pet Rainydays Large"
1846,"Weeweed Dispo Liner Pads 10pk"
6017,"Collapsible Crate"
1190,"Parrot Starter Kit"
5361,"Velociraptors Sml"
4894,"Petodot Furrytails"
2684,"Naturflex Tinytots T-rex 4.5"""
2393,"Feline Pine 20lb Litter"
1677,"Zeus H2eau Fountain Dog"
6034,"Catiit Blue Medium"
5459,"Magical Castle Medium"
5099,"Ecoplanted Red 20lb"
944,"Tweet Eats Corn Puffs"
2352,"Litter Genie Refill 2pk"
5851,"Rainy Days Small"
5236,"Crazycat Kitten Wrmer 4oz"
5153,"Aquaplt 16"" Multi 3pk"
1641,"Life Clear Spring Pet Fountain"
4706,"Fruitables Bacon & appl"
4705,"Fruitables Pumpkin"
1450,"Grizzly Omega Plant Based 8oz"
1925,"Petpals Zoso 4 Level Pet Stairs"
5299,"Pleco Cave"
4479,"7"" Collagen Stick Peanut Butter"
21,"Repti Hammock Large."
1528,"Safarin Self Cleaning Slicker Medium"
1128,"Galaop. Walnut Bedding"
1924,"Petpals Charcoal 4 Level Pet Stairs"
951,"Insight Sand Perch T-perch"
958,"Livingworld Sand Perch Covers"
5876,"Moon & stars Pj Blue Extra Large"
2305,"Pureness Giant 8 Cat Pan Liners"
852,"E-z Feed 2oz"
5203,"Aquaplnt 2.5/3.5"" Rckplnt Assorted"
5391,"Grotto Crner Medium"
4944,"Yummycmbs Extra Large 12oz"
5910,"Untucked Plaid Sweet Gray Large"
5409,"2pk Natural 10 Gal Tank Decor"
5378,"Rodger Dodger Hotwheel Small"
5543,"Pro-carb 28oz Active Crbn"
2396,"Naturally Fresh Herbal Attraction 14lb"
6923,"San Franci Beef Heart 3.5oz"
2334,"Pixi Flowfoun Filter 3x"
1507,"Healthy Promise Pill Disenser"
5410,"1pk Natural Tank Decor"
112,"Rep-cal Grow Juv. Bearded D."
1233,"Salon Scents Citrus & pom"
4225,"Feeding Dish Large"
1739,"Petcrestspiralstake"
5003,"Underwater River"
1697,"Cat/Reptile 5.25"" Bowl"
5449,"Brooklyn Bridge Medium"
1729,"Large Blue Single Bowl Trvl"
5464,"Sunken Treasure Ship Small"
5473,"Sunken Treasure Ship Medium"
1906,"Territory Cow Pet Bd"
61,"Magnolia Leaves"
5519,"Ammonia-x Cat Ax3"
1363,"Perfect Coat Unscented Shamp"
5151,"Aquaplnt 2"" 6pk Natural Betta Plant"
697,"Galapogoas Mossy Cave 6"""
4478,"7"" Collagen Stick Original"
3472,"Paw Patrol Small Harness"
5447,"Gray Striped Rock 3pc Kit"
4848,"Tuesday Beef Bladder"
516,"Turtle Dock Suction Cups"
1193,"Ass. Keet Cage"
5847,"Basic Hoodie Red Large"
4242,"Lock Crok 10oz"
5444,"Sunken Shipwreck Front Medium"
136,"Iguana Salad Dressing"
7383,"ReptiFauna Assorted Cryptanthus - Tropical 2"" Pot"
1350,"Tropicleanoxymedantiitch Medi Spray"
1407,"Sulfodene Hotspot Medicated Spray"
19,"Lizard Ladder"
5435,"Mossy Rock Scape"
1633,"Mediterranean Stainless Steel Double 1 Pint"
5128,"Supernatural Jelly Beans 20lb"
954,"Pennplac Calcium Perch Medium & Large"
1161,"Safflower Gold Conure & cockatiel"
5497,"Polyfiber Plus Pad"
5399,"Crystal Cluster Amethyst Purple"
5607,"Perfecto 30,34h,&45h"
5239,"Praziguard for Dogs 6tabs"
5238,"Tapeworm Dewormer Dogs Tabs"
5408,"Red Rock Tank Decor"
5520,"Ammonia-x Cat Ax2"
203,"Cricket Pen Replacement Foam"
4437,"10""collagen Sticks Original"
5892,"Dog Tank Top Coral Small"
4083,"Complete Chinchilla Degu 3lb"
756,"Tetrafauna 75reptohabitat 75g"
5894,"Camo Sweatshirt Extra Large"
489,"Floating Turtle Pier Large."
5352,"Shipwreck Bow Large"
5097,"Caribsea Cichlid 20lb Sand"
513,"Tetrafauna Reptofilter 3 Pack"
5873,"Texcable Sweater Sage Large"
5542,"Pro-carb 17 oz Active Crbn"
4371,"Hamsteroids"
1625,"Best Friends Cat 6"" Dish"
4090,"Sunburts Rat & mouse 2.5 lb"
5073,"Bactosurge Sponge Filter Large"
4089,"Vitagarden Rat & mouse 2.5 lb"
945,"Meijer Ecuttlebone Perch"
858,"Birdlif Mineral Block 2pk"
5694,"Fluvalsea Cp2 Pump"
5523,"Filter-a-carb Fc4"
5090,"Led Air Stone"
5522,"Filter-a-carb Fc2"
4995,"Filter-a-brush Kit"
5401,"Sea Anemone Pink Medium"
5074,"Bactosurge Sponge Filter Extra Large"
7036,"Python Clean Fill"
669,"Redline Science Incubator"
1351,"Tropicleanoxymed Medicated"
5889,"Dog Tanktop Drk Green Large"
5843,"Basic Hoodie Rasberry Small"
1696,"Portofino Dish Dog Blushpink 5"""
5448,"Madison Bridge"
3680,"Sunburts Black06' Leash"
5419,"Rialto Bridge Medium"
3370,"Adventure Belt Leash"
4423,"Small Oval Basket Nest"
4063,"Prettypets Hedgehog Food"
698,"Galapogoas Mossy Cave Large"
781,"Tetrafaune Deluxe Reptohabitat 40"
5774,"Podmaster Pond Filter"
4438,"10"" Collagen Sticks Peanut Butter"
2394,"Naturally Fresh Pellets 10lb"
5407,"Aqua Marine Item- Assorted"
7297,"Activ Betta White Sand"
5903,"Class Cable Sweater Red Extra Large"
1709,"Crock Heavyweight 106oz"
1982,"Sentry Hairball Relief Cat"
5735,"Micra Plus Pump"
1980,"Aloe Earmite Cat"
1404,"Animed Muscle Up"
1403,"Ultrajoint for Join Pain Oil"
1262,"Bark2basics Citrus Plus"
1818,"Bergan Poo Bag Dispenser"
204,"Creatures Feeding Block"
1481,"Nutri-vet Bitter Bandage"
5891,"Dog Tank Top Coral Extra Small"
5499,"Polyfiber Pad"
5423,"Assrt Tiki Theme"
5061,"Aquamist 1 3/16"""
5461,"Enchanted Castle Small"
5467,"Anchor W Plant Medium"
4392,"Sleep Sack"
2374,"Litterpearls Micro Crystals 3.5lb"
90,"Living Natural Coco Mat 12x30"
1221,"Vitaseed Caliblend 25lbs"
1593,"Pennplex Paw Cleaner"
5135,"Purewatr Pebbles Liberty 25 lb"
2780,"Mr.bill Toy"
5842,"Basic Hoodie Blue Extra Small"
2099,"Home Grown Greens Patch"
4123,"Round Lake Farm Yng Rabbit 4lb"
1314,"Healthy Promise Earwash"
665,"Buffalo Skull"
5441,"Green Leaf Driftwood"
5346,"Crocodile Skull"
2350,"Litter Genie Plus"
1204,"Ezfill Feeder Bird"
5340,"Squidwards Easter Island Home"
879,"Finch Fries"
5268,"Mickey Goofy & Dolphin"
2667,"Rascal Sheep Toy"
4062,"Prettypets Glider Food"
1649,"Ruffntuff Double Diner"
1634,"Mediterranin Steal Double Diner 1 Qt"
5773,"Replacement Parts"
2306,"Pureness Large 12 Cat Pan Liners"
6386,"Proi Plan Lamb Puppy 18lb"
5243,"Ucari Intolerance Test"
1451,"Grizzly Omega Salmon 8oz"
1482,"Zenpet Wrap"
5834,"Basic Hoodie Gray Extra Small"
91,"Living Natural Coco Mat 10x20"
5014,"Led Lighthouse"
5325,"Star Wars"
5324,"Black Pearl Ship Medium"
5315,"Weird Watrs Sign"
5314,"Jammin Jam"
5098,"Caribsea African Cichlad Mix 20lb"
7384,"ReptiFauna Pink Fittonia - Tropical 2"" Pot"
5312,"Medium Lighthouse"
5308,"Flaming Skull Red"
5307,"Flaming Skull Blue 31/2"
5443,"Carwreck Medium"
1242,"Doggy Bahama Orange"
484,"Lagoon Kidney"
5911,"Untucked Plaid Sweet Gray Extra Small"
1646,"Small Kennel Cup"
1975,"Kmr Ready to Use"
1189,"Ass. Keet House Cage"
5255,"Aquaplnt 4"" Green Plant"
5157,"Aquaplt 8' Plant Green"
5149,"Aquaplt 4"" Plant Various"
5356,"Small Plane Wreck"
4712,"Nutrichomp Braid Chicken 4cnt"
1813,"Weeweespringactgrss Scoop Extra Large"
5360,"Dilophosaurus Medium"
1725,"Small Blue Double Diner Trvl"
5833,"Petrainy Daysxlg"
2302,"1qt Mirror Finish Ss Dish"
7193,"Instant Ocean Hydrometer"
1991,"Cat Scratcher Replacement Pad"
2324,"Petlinks Litter Mat"
5388,"Large Rock Cave"
3781,"Coasta; Pkb6' 406 Leash"
106,"Gourmet Iguana Food"
5310,"Skeleton Escape"
1586,"Comfy Groom"
5353,"Pirate Wave Runner"
5342,"Roundstone Hideaway Large 4"""
1483,"Ideal Syrflex Bandage"
5888,"Dog Tanktop Pink Medium"
5835,"Cosmic Hoodie Navy Extra Small"
5561,"Undergrvel Filter 10g"
1708,"Crock Heavyweight 52oz"
104,"Rep-cal Juv. Iguana Food"
7298,"Activ Betta Neon Gravel"
5817,"1-3 Betta Tank Kit"
4311,"Alfalfa & calcium Block"
4081,"Friendsfarm Reggierat 2lb"
1781,"Red Cross Extra Large Life Jacket"
4481,"7"" Collagen Stick Bacon"
5893,"Dog Tank Top Coral Extra Large"
4439,"10"" Collagen Sticks Chicken"
1961,"Topiclean Deepcleansing Cat Sham"
5138,"Aquaplnt 1lg2md Assrt"
5457,"Castle Mini Red"
5455,"Castle Mini Blue"
7385,"ReptiFauna Hope Peperomia - Tropical 2"" Pot"
5425,"Rock Stack"
5296,"Natural Driftwood Medium"
1202,"Finch Twig Nest"
5463,"Small Split Shipwreck"
1679,"Replendish0.5g.wtrw/Microban"
1842,"Keep Off Repeltant"
5452,"Enchanted Castle Large"
5152,"Aquaplt 8"" Glw Plant 6pc Pck"
1400,"Brilliant Salmon Oil"
5471,"Treasure Chest Small"
4945,"Yummycmbs Small 12oz"
5427,"Kitbox Volcano"
4099,"Round Lake Farm Adult Gpig 4lb"
6937,"Puppy Cup Bacon 13oz"
1550,"Dirty Dog Door Mat"
5154,"Aquaplt 24"" Multi 2pk"
6665,"Kitten Chow 3.15lb"
5329,"Medium Rubble on Float"
1977,"Keepoff Cat & Kitten"
5439,"Bonsai Tree on Rock"
4849,"Tuesday 12"" Cll Strt Stics Beef"
5453,"Age of Magic Castle"
804,"Troiclean Ntrl Flea & tik Soothing Spray"
802,"Tropicalen Ntrl Flea & tick Soothing Sham"
4098,"Round Lake Farm Yng Gpig 4lb"
5354,"Tufa Stone Medium"
4294,"Intune Duets Chicken & turkey"
423,"Reptile Eco , Clamp Lamp"
1733,"Cat/Doglife Filter Cartridge Replace"
5030,"Lok-tite 4gang Valve"
5386,"Small Rock Cave"
5810,"Frozen Betta Tank"
1406,"Sulfodene 3 Way Ointment"
398,"Extoterra Repuvb300 T5 8w 14%"
499,"Reptisticks Turtle"
1923,"Pennplex Felt Steps Dark Grey 13""h"
5908,"Untucked Plaid Sweet Gray Extra Small"
5776,"Wonder Shell"
1557,"Lesalon Essentials Curry Brush"
1694,"Ruffmtuff 2qt"
7375,"Assorted Fancy Angel Reg"
4650,"Dingo Munchy Stix 10pk"
5371,"Crystal Cluster Pink"
5266,"Sesame Oscar the Grouch"
888,"20oz Coop Cup"
1321,"Healthy Promise Eyewipes"
6322,"Max Bully 30lb"
5416,"Extra Large Red Rock"
1616,"Dinner Mat"
1707,"Crock Heavyweight 20oz"
1620,"Bella Large Bone Place Mat"
1983,"Nutri-stat Highcalorie Supplement"
1411,"Nt Canine Hotspot,Wounds,Ears"
4674,"Puppy-peroni"
4398,"Ramp Covers 3pk"
5240,"Seresto Cat Collar"
5372,"Chum Bucket"
2307,"Pureness Xg Drwstng Pan Liner"
5470,"Mini Undersea Treasure Chest"
5513,"Undergravel Upgrade Kit"
5137,"Aquaplants 8"" Various 6pk"
2757,"Otwrd Hound Stufffree Fox"
1619,"Small Tan Bone Place Mat"
1352,"Tropicleanoxymed Pawpad Lotion"
5381,"Barbies Mermaid Medium"
146,"Big Jelly Pots"
5472,"Shipwreck Small"
145,"Small Jelly Pots"
5496,"Ammonia Remover Pad"
5418,"Rialto Bridge Small"
5062,"Checkvalve"
851,"E-z Feed 6oz"
4346,"Kapok Pod"
4698,"Charlee Cheese & egg 16oz"
71,"Buffalo Worm Dish"
4622,"Smartsticks 16ct. Chamomile & Lavender"
4314,"Vitadrops Pigs"
2711,"Rascal 4"" Basketball"
1234,"Salon Scents Blueberry Pie"
5871,"Texcable Sweater Sage Sml"
5081,"The Bubbler Bottm Filter"
5501,"Ritesize Jh Floss Sleeve"
4106,"Sweethrvst Gpig 4lb"
1802,"Zenpet Buddy Lift L/Extra Large"
5080,"Decor Aqua Filter"
1275,"Washaway Lemon Verbena Shamp"
4276,"Complete Crunch Cheese"
4811,"Beefhide Chew"
5323,"Clown Fish"
5309,"Zombie Fish"
2297,"10 Lbs Pet Food Container"
5465,"Striped Pirate Ship Small"
5377,"Kev & stu Surf Small"
5032,"Mag-flt Glass Clean Large"
5902,"Class Cable Sweater Red Xxs"
108,"Gourment Bearded Dragon Food"
5442,"Car Wreck Small"
22,"Repti Hammock Giant"
517,"Reptoguard Turtle Health Condi"
5389,"Fighter Jet Wreck Scape"
3093,"Knf Jumbler Football Medium/Large"
5390,"Tan Plane Coral Scape"
2283,"Chicken Roller Cat Toy"
2301,"24oz Stainless Bowl"
1624,"Bellabown Xsmall Fish Purple"
5367,"Clamshell Assst"
5899,"Plaid Sweater Red Medium"
5845,"Basic Hoodie Bviolet Medium"
168,"Zoomeds Reptivite +d3"
1209,"Oval Basket Nest Large"
5362,"Assrt Fish Small"
5424,"Rainbow Rock Small"
5897,"Cool Stripe Sweater Gray Large"
5334,"Patrick in Canoe"
5494,"Marinelnd Bonded Filter Pad 1 Pack"
6922,"San Franci Cichlid Delight 3.5oz"
7382,"Feeder Rosy Red Each Reg"
5420,"Troll Bridge"
5387,"Medium Rock Cave"
5906,"Criss Cross Sweater Coral"
5241,"Seresto Small Dog Collar"
1857,"Simple Solution Small Washable Diaper"
2898,"Chuckt Fetchball 2pk"
1489,"Pill Crusher"
6844,"Beef Tuna, Chicken 3oz"
1277,"Espree 2in1 Simple Soothe"
1142,"Quiko Classic Egg Food"
1141,"Quiko Red Egg Food"
5339,"Krusty Krab"
5127,"Supernatural Gemstone 5lb"
5237,"Remedyrecv Pet Wrm 8oz"
1648,"Snappyfit Stainlesssteel Bwl 20oz"
105,"Rep-cal Adult Iguana Food"
696,"Galapogoas Mossy Cave 4"""
5437,"Mossy Rock Scape 2"
1627,"Ecoware Cat Dish"
5009,"Aerating Lighthouse"
5890,"Dog Tank Top Drk Green Small"
5887,"Dog Tanktop Green Large"
5263,"Mini Replica Fish"
5870,"Tex Cable Sweater Sage Extra Small"
5395,"Pipe Hideaway Large"
5436,"Grey Rock Scape"
4396,"Ramp Covers 3pk"
7347,"Painted Glass Fish Reg"
7376,"Assorted Veil Angel Reg"
5026,"Mag-flt Glss Clean Medium"
2399,"Naturallyfresh Multicat 26lb"
2104,"Shepboy Freezedried Chckhearts"
4218,"Back2nature 15l Litter"
4215,"Back2nature Litter 30l"
4676,"Wln Puppy Bites"
1201,"Finch Tiki Hut"
488,"Floating Turtle Pier Medium."
2367,"Breederselect Cat Litter 20l"
4420,"Sugar Glider Harness & lead"
4418,"Marshal Ferret Harness & lead"
4476,"We Ear Natural"
490,"Basking Platform Filter"
5415,"Small Rdck Cave"
5341,"Granite Stone Hideaway 2pk"
5772,"Ovation-1000 Filter"
4906,"Wick Trimmer"
5244,"Suziescbd Pumpkin 6oz"
5365,"Medium Afr Shade Leaf Log"
2837,"Dogslife Fleece Slipper"
864,"Captain Cuttlebone"
5011,"Kent Steel Blades 3pk"
2395,"Naturally Fresh Clumping 14lb"
4309,"Wettail Drops"
4813,"4-5"" Super, Bone White"
7038,"Python 13 C Switch Part"
7299,"Activ Betta Black Gravel"
5708,"Fluvalsea Cp3 Pump"
5086,"Airtech 2k4"
5316,"Sprats"
1801,"Zenpet Buddylift"
5380,"Night Shifter Hotwheel Small"
5327,"Jaws Boat Attack Small"
5326,"Jaws W Bair Tank Medium"
5454,"Enchanted Castle Medium"
5846,"Basic Hoodie Black Medium"
201,"Lees Mealworm Dish"
5900,"Ribbed Chenille Sweater Red Extra Large"
5872,"Texcable Sweater Sage Medium"
514,"Turtle Pier Extender Clips"
4032,"Rndlake Timothy Hay 18oz"
878,"Donut Chew 2pk"
5313,"Coral Rock Large"
4810,"4.5"" Pressed Bone Natural"
5320,"Bailey Wcral Small"
5895,"Dotswt Green Medium"
5402,"Sea Anemone Blue Medium"
5343,"Stone Hideaway Small 2in"
6194,"Exercise Pen 48"""
6192,"Exercise Pen 30"""
6010,"Barn Home Extra Small"
5909,"Untucked Plaid Sweet Gray Medium"
6018,"Spree Carrier Blue 19 in"
6013,"Indigo 50-90lb House"
6011,"Barn Home 25-50lb"
6012,"Barn Home 50-90lb"
5798,"Ginger Prem Float Pond Pellet 16oz"
5451,"Castle Super 2"
5450,"Castle Super"
5321,"Destiny in Water Small"
5319,"Baileyinwtr Small"
5306,"Plant Decor Kit 2md 4xs"
5297,"Natural Driftwood Large"
5270,"Minion Stuart Beach Budd"
5251,"Hippiehnds 125mg Cat Drops"
5212,"Junglepd Small Style 2"
5205,"Aqyaplnt 8"" Rckplnt Color"
7348,"Zebra Nerite Snail Reg"
4253,"Habitat Snk Flower & berry"
4223,"Livingwrld Ergonomic Dish"
4475,"We Munch & crunch Large"
5087,"Airtech 2k1"
135,"Tortoise Salad Dressing"
1642,"Zeus Fountain Filter Pads"
1484,"Nutri-vet Liquid Bandage"
1319,"Veterinary Formula Ear Therapy Wipes"
1243,"White Dalmation Cologne"
1213,"Penplax Bird Bath"
1207,"Cozy Cotton Nesting Material"
1222,"Safflower Gold Conure & tiel 25lbs"
1228,"Avain Breeder Large Bird"
4031,"Rndlake Timothy Hay 48 oz"
20,"Repti Hammock Small"
1647,"Snappy Fit Stainless Steel Bowls 4c"
6321,"Max Bully 5lb"
5400,"Crystal Cluster Sapphire Blue"
4263,"Drops Veggie"
4203,"Blue Beauty Dust"
5273,"Seasme Big Bird"
2105,"Shepboy Freezedried Minnows"
1223,"Safflower Gold Parrot 25lbs"
5384,"Stump Ornatment Large"
4254,"Oral Syringe & Medium Dropper"
1710,"Vaness Dual 42oz"
483,"Lagoon 11"" Oval"
4281,"Vitaherbal Rice Ring"