Action,ID,Product Name,Old SKU,Category,Rightful SKU Owner,POS Entry,Notes
SKU CLEARED,1697,"Cat/Reptile 5.25"" Bowl",030172071966,accessories,Reptology Feeder Dish Small,Fossile Rock Feeder/Water,SKU set to NULL — wrong item had this barcode assigned
SKU CLEARED,4827,Nothin' to Hide Ext Flip Chips Chicken,030172071966,dogTreats,Reptology Feeder Dish Small,Fossile Rock Feeder/Water,SKU set to NULL — wrong item had this barcode assigned
SKU CLEARED,4224,Feeding Dish Small,030172071966,smallanimal,Reptology Feeder Dish Small,Fossile Rock Feeder/Water,SKU set to NULL — wrong item had this barcode assigned
SKU CLEARED,4571,Nylabone DuraChew Petite,018214823384,toys,Nylabone Durachew Ring Large,Nylabone Durachew Ring Nylabone Large,SKU set to NULL — wrong item had this barcode assigned
SKU CLEARED,4290,N-Bone Frrt Chew Salmon,018214823384,smallanimal,Nylabone Durachew Ring Large,Nylabone Durachew Ring Nylabone Large,SKU set to NULL — wrong item had this barcode assigned
SKU CLEARED,4828,Nothin' to Hide Ext Chicken Ring & Bones,030172071973,dogTreats,Reptology Feeder Dish Large,"Fossile Rock Feeder/Water Large Coastal Hunter10"" 301 Collar",SKU set to NULL — wrong item had this barcode assigned
SKU CLEARED,4225,Feeding Dish Large,030172071973,smallanimal,Reptology Feeder Dish Large,"Fossile Rock Feeder/Water Large Coastal Hunter10"" 301 Collar",SKU set to NULL — wrong item had this barcode assigned
SKU CLEARED,789,Small World Habitat 1g,030172091032,reptiles,Sinkers Blom Ludwig Green Super,Sinkers Blom Ludwig Green Supe,SKU set to NULL — wrong item had this barcode assigned
SKU CLEARED,787,Small World Habitat 4gal,030172091032,reptiles,Sinkers Blom Ludwig Green Super,Sinkers Blom Ludwig Green Supe,SKU set to NULL — wrong item had this barcode assigned
SKU CLEARED,4078,Marshall Pet Products Furo-Tone Skin and Coat Supplement for Ferrets 6oz,030172091032,smallanimal,Sinkers Blom Ludwig Green Super,Sinkers Blom Ludwig Green Supe,SKU set to NULL — wrong item had this barcode assigned
SKU CLEARED,5235,Durvet Feline Worm Ease Liquid 4oz,030172095771,accessories,Finch Fries,Finch-Fries Supplies,SKU set to NULL — wrong item had this barcode assigned
SKU CLEARED,4170,Prevue Hendrix Fiesta Hideaway/Small,030172095771,smallanimal,Finch Fries,Finch-Fries Supplies,SKU set to NULL — wrong item had this barcode assigned
SKU CLEARED,5340,Squidwards Easter Island Home,030172902055,aquatics,"Birdlife 18"" Wooden Perches",Natural Wood Perches 18'' 2 ppk,SKU set to NULL — wrong item had this barcode assigned
SKU CLEARED,4280,Sunburst Peas & Beans,030172902055,smallanimal,"Birdlife 18"" Wooden Perches",Natural Wood Perches 18'' 2 ppk,SKU set to NULL — wrong item had this barcode assigned
SKU CLEARED,1496,Kong Dental Ball Large,035585111254,healthcare,Kong Medium Aqueon,Kong Medium Aqueon Vetericyn Plus Antimicrobial,SKU set to NULL — wrong item had this barcode assigned
SKU CLEARED,118,Zoomed Aquatic Frog & tadpole,035585111254,reptiles,Kong Medium Aqueon,Kong Medium Aqueon Vetericyn Plus Antimicrobial,SKU set to NULL — wrong item had this barcode assigned
SKU CLEARED,1784,Kong Ez Cone Collar Small,035585499628,accessories,Kong Knots Teddy Small,Kong Knots Teddy,SKU set to NULL — wrong item had this barcode assigned
SKU CLEARED,7325,Fluval Madagascar Lace,035585499628,aquatics,Kong Knots Teddy Small,Kong Knots Teddy,SKU set to NULL — wrong item had this barcode assigned
SKU CLEARED,5320,Bailey Coral Small,048081003305,aquatics,Perch Birdie Basics Y-shaped,Perch Supplies,SKU set to NULL — wrong item had this barcode assigned
SKU CLEARED,4260,Vitakraft Drops Wldberry Flavor,048081003305,smallanimal,Perch Birdie Basics Y-shaped,Perch Supplies,SKU set to NULL — wrong item had this barcode assigned
SKU CLEARED,5243,Ucari Intolerance Test,048081612231,accessories,10oz Coop Cups,10oz Coop Cup Wire Hanger,SKU set to NULL — wrong item had this barcode assigned
SKU CLEARED,4178,Kaytee Flex Tunnel,048081612231,smallanimal,10oz Coop Cups,10oz Coop Cup Wire Hanger,SKU set to NULL — wrong item had this barcode assigned
SKU CLEARED,4259,Herb Smack Grandma Patch,048081623992,accessories,"Wacky Wood 36""",Wacky Woods Supplies,SKU set to NULL — wrong item had this barcode assigned
SKU CLEARED,5319,Bailey In Water Small,048081623992,aquatics,"Wacky Wood 36""",Wacky Woods Supplies,SKU set to NULL — wrong item had this barcode assigned
SKU CLEARED,1081,Playfuls Fireball,048081625033,birdSupplies,"Playfuls Forage & Engage ""fireball""",Playfuls Forage & Engage Prevue Supplies,SKU set to NULL — wrong item had this barcode assigned
SKU CLEARED,5375,Baby Shark Small,048081625033,accessories,"Playfuls Forage & Engage ""fireball""",Playfuls Forage & Engage Prevue Supplies,SKU set to NULL — wrong item had this barcode assigned
SKU CLEARED,4315,Ware Festive Chew Mix,048081625033,smallanimal,"Playfuls Forage & Engage ""fireball""",Playfuls Forage & Engage Prevue Supplies,SKU set to NULL — wrong item had this barcode assigned
SKU CLEARED,896,Vitakraft Sticks Apple & Honey Parrot,051233316871,birdSupplies,Hippie Hounds 500mg Dog Drops,Hippie Hounds 500mg Dog Drops,SKU set to NULL — wrong item had this barcode assigned
SKU CLEARED,4273,Vitakraft Sticks Popgrain & Honey,051233316871,smallanimal,Hippie Hounds 500mg Dog Drops,Hippie Hounds 500mg Dog Drops,SKU set to NULL — wrong item had this barcode assigned
SKU CLEARED,5865,Aria Orang/Pink Bandanna,076484004049,accessories,Safari Soft Slicker Medium,Safari Soft Slicker,SKU set to NULL — wrong item had this barcode assigned
SKU CLEARED,8696,Coastal Pink Medium Harness,076484004049,leashesAndCollars,Safari Soft Slicker Medium,Safari Soft Slicker,SKU set to NULL — wrong item had this barcode assigned
SKU CLEARED,8216,Coastal Safari Shedding Blade Medium & Large,076484513022,healthcare,Safari Cat Shedding Blade,Coastal Safari Shedding Coastal Blade,SKU set to NULL — wrong item had this barcode assigned
SKU CLEARED,5862,LSU Stripe Tee Large,076484513022,dogTreats,Safari Cat Shedding Blade,Coastal Safari Shedding Coastal Blade,SKU set to NULL — wrong item had this barcode assigned
SKU CLEARED,1523,Safari Curved Firm Slicker Large,076484946608,healthcare,Coastal Safari Curved Firm Slicker Large,Safari Curved Firm Slicker Safari,SKU set to NULL — wrong item had this barcode assigned
SKU CLEARED,5868,Aria Blue Bandanna,076484946608,accessories,Coastal Safari Curved Firm Slicker Large,Safari Curved Firm Slicker Safari,SKU set to NULL — wrong item had this barcode assigned
SKU CLEARED,5869,Aria Pink/Blue Bandanna,076484946608,accessories,Coastal Safari Curved Firm Slicker Large,Safari Curved Firm Slicker Safari,SKU set to NULL — wrong item had this barcode assigned
SKU CLEARED,8692,Coastal Blue Large Harness,076484946608,leashesAndCollars,Coastal Safari Curved Firm Slicker Large,Safari Curved Firm Slicker Safari,SKU set to NULL — wrong item had this barcode assigned
SKU CLEARED,5225,"Aqualife Plant Scapes 10""",618940313083,accessories,JW Pet Pet Pet Pet Clean Cup Small,In Sight Clean Cupn Feeder,SKU set to NULL — wrong item had this barcode assigned
SKU CLEARED,4160,Kaytee Giant Straight Tube,618940313083,smallanimal,JW Pet Pet Pet Pet Clean Cup Small,In Sight Clean Cupn Feeder,SKU set to NULL — wrong item had this barcode assigned
SKU CLEARED,5218,"Aqualife Plant Scapes 14""",618940313090,aquatics,"Aqualife Plant Scapes 14""","Aqualife Plant Scapes 14"" Aqualife",SKU set to NULL — wrong item had this barcode assigned
SKU CLEARED,863,JW Pet Pet Pet Pet Clean Cup Medium,618940313090,birdSupplies,"Aqualife Plant Scapes 14""","Aqualife Plant Scapes 14"" Aqualife",SKU set to NULL — wrong item had this barcode assigned
SKU CLEARED,868,JW Pet Pet Pet Pet Clean Cup Large,618940313113,birdSupplies,"Aqualife Plant Scapes 10""","Aqualife Plant Scapes 10"" Aqualife",SKU set to NULL — wrong item had this barcode assigned
SKU CLEARED,4159,Kaytee Chinhut,618940313113,smallanimal,"Aqualife Plant Scapes 10""","Aqualife Plant Scapes 10"" Aqualife",SKU set to NULL — wrong item had this barcode assigned
SKU CLEARED,1047,Happy Beaks Wood Bridge,644472008685,birdSupplies,Marina Naturals Large,Marina Naturals Large,SKU set to NULL — wrong item had this barcode assigned
SKU CLEARED,4153,Happy Beaks Hamster Cage,644472008685,smallanimal,Marina Naturals Large,Marina Naturals Large,SKU set to NULL — wrong item had this barcode assigned
SKU CLEARED,5347,Dragon Skull Gazer Small,644472015232,accessories,Happy Beaks Two Sided Mirror,Happy Beaks Bird Toy Doubble Sided Mirror,SKU set to NULL — wrong item had this barcode assigned
SKU CLEARED,4287,Sunburst Veggie Stick,644472015232,smallanimal,Happy Beaks Two Sided Mirror,Happy Beaks Bird Toy Doubble Sided Mirror,SKU set to NULL — wrong item had this barcode assigned
SKU CLEARED,1302,Tropiclean Papaya Mist Spray,645095007420,healthcare,Tropiclean Natural Flea Cat Mist,Tropiclean Natural Flea & Tropiclean Tick Gentle Mist For Cat,SKU set to NULL — wrong item had this barcode assigned
SKU CLEARED,6299,NutriSource Seafood Select Grain Free Dog Food 15lb,645095007420,dogFood,Tropiclean Natural Flea Cat Mist,Tropiclean Natural Flea & Tropiclean Tick Gentle Mist For Cat,SKU set to NULL — wrong item had this barcode assigned
SKU CLEARED,5619,Aquarilux 20w,784099029172,aquatics,Petcrest Two in One,Petcrest Two in One Pet Aquatop Shampoo & Conditioner,SKU set to NULL — wrong item had this barcode assigned
SKU CLEARED,4483,Jones Pork Femur Bone,784099029172,dogTreats,Petcrest Two in One,Petcrest Two in One Pet Aquatop Shampoo & Conditioner,SKU set to NULL — wrong item had this barcode assigned
SKU CLEARED,1485,Dogswell Liquid Bandage,012104434049,healthcare,Marineland 75 Tank & Stand,Marineland 75 Tank & Stand,SKU set to NULL — wrong item had this barcode assigned
SKU CLEARED,4643,SmartBones 4 Medium Sweet Potato,015561220002,dogTreats,Exo Terra Small Low,Exo Terra Heat Wave Rock,SKU set to NULL — wrong item had this barcode assigned
SKU CLEARED,4645,SmartBones 4med Sweet Pot,015561220040,dogTreats,Exo Terra Heatwave Rock Large,Exo Terra Heatwave Rock Exo Terra Small,SKU set to NULL — wrong item had this barcode assigned
SKU CLEARED,4700,Grandma Lucy Apple,015561221863,dogTreats,Exo Terra Uvb200 13w Intense,Exo Terra UVB 100 13W Lucy's,SKU set to NULL — wrong item had this barcode assigned
SKU CLEARED,3684,"Sunburst Lime 12"" Collar",015561223829,leashesAndCollars,Exo Terra Repuvb100 T5 39w 3%,"Exo Terra UVB 100 34""",SKU set to NULL — wrong item had this barcode assigned
SKU CLEARED,3691,"Sunburst Pink Bone 12"" Collar",015561224260,leashesAndCollars,"Reptile UVB200 8w 12""","Reptile UVB200 8w 12"" Coastal Collar Lsk26"" And Collars Coastal Collar Lsk18""",SKU set to NULL — wrong item had this barcode assigned
SKU CLEARED,618,Exo Terra Thermometer,015561224659,reptiles,Exo Terra Thermometer,Exo Terra Thermometer,SKU set to NULL — wrong item had this barcode assigned
SKU CLEARED,4974,Kangaroo Tail,015561224659,dogTreats,Exo Terra Thermometer,Exo Terra Thermometer,SKU set to NULL — wrong item had this barcode assigned
SKU CLEARED,4973,Etta Says Buffalo Chew,015561224666,dogTreats,Exo Terra Hygrometer,Exo Terra Hygrometer,SKU set to NULL — wrong item had this barcode assigned
SKU CLEARED,4431,Redbarn Choppers,015561225632,dogFood,"Exo Terra Medium, Sand Mat",Exo Terra Sand Mat Medium,SKU set to NULL — wrong item had this barcode assigned
SKU CLEARED,5121,Purewater Pebbles Black Beaty 5lb,015561226004,aquatics,Exo Terra Mini Wide,Mini Natural Wide Terrarium,SKU set to NULL — wrong item had this barcode assigned
SKU CLEARED,4730,Blue Buffalo Biscuits Duck,015561227117,dogTreats,Exo Terra Screen Cover 10 Gal,Exo Terra Screen Cover Exo Terra 10 Gallon,SKU set to NULL — wrong item had this barcode assigned
SKU CLEARED,4733,Blue Buffalo Sizzlers Original 15oz,015561227162,dogTreats,Exo Terra Screen Cover 40/50gal Breed,Exo Terra Screen Cover Exo Terra 40 Breeder,SKU set to NULL — wrong item had this barcode assigned
SKU CLEARED,3324,"Lupine Dapp 10""-16"" 1/2 in Collar",015561227681,leashesAndCollars,"Lupine Dapp 15""-25"" 3/4in Collar","Lupine Dapp 15""-25"" 3/4in Lupine Coll",SKU set to NULL — wrong item had this barcode assigned
SKU CLEARED,42,Exo Terra Snake Bedding,015561227681,reptiles,"Lupine Dapp 15""-25"" 3/4in Collar","Lupine Dapp 15""-25"" 3/4in Lupine Coll",SKU set to NULL — wrong item had this barcode assigned
SKU CLEARED,4830,"Nothin' to Hide 5"" Small Rolls Chicken",015561228015,dogTreats,Exo Terra Water Dish Small,Exo Terra Water Dish Small,SKU set to NULL — wrong item had this barcode assigned
SKU CLEARED,4831,Nothin' to Hide Small Twist Chicken,015561228022,dogTreats,Exo Terra Water Dish Medium,Exo-Terra Water Dish Medium,SKU set to NULL — wrong item had this barcode assigned
MANUAL REVIEW NEEDED,5348,Dragon Skull Gazer Large,048081604229,accessories,?,Playfuls Mirror Toy Supplies,Could not auto-determine correct owner — please assign manually
MANUAL REVIEW NEEDED,997,Birdie Basics 2-sided Mirror W Bell,048081604229,birdSupplies,?,Playfuls Mirror Toy Supplies,Could not auto-determine correct owner — please assign manually
MANUAL REVIEW NEEDED,4288,Sunburst Herb Garden,048081604229,smallanimal,?,Playfuls Mirror Toy Supplies,Could not auto-determine correct owner — please assign manually
MANUAL REVIEW NEEDED,2390,Dr. Elsey's Kitten Attract,000338007207,accessories,?,Dr. Elseys Cat Litter,Could not auto-determine correct owner — please assign manually
MANUAL REVIEW NEEDED,6734,Fromm Gold Kitten Gold Cat Food 10lb,000338007207,catFood,?,Dr. Elseys Cat Litter,Could not auto-determine correct owner — please assign manually
