015561165778,Item name,Type,Price,Stock,Status,Notes
052742909400,sd puppy sm br ck 4.5#,Dog&Cat Food,$20.99,,In stock,
052742060255,sd puppy sm br 12.5#,Dog&Cat Food,$42.99,,Temporarily unavailable,
052742937601,sd puppy lg br 15.5#,Dog&Cat Food,$43.99,,Re-purchase needed,
052742060194,sd puppy lg br ck 27.5#,Dog&Cat Food,$67.99,,Sold out,
052742060170,sd puppy lg br lam 30#,Dog&Cat Food,$71.99,,,
052742020402,sd lg br ck 15#,Dog&Cat Food,$44.99,,,
052742909707,sd sm br ck 15.5#,Dog&Cat Food,$50.99,,,
052742909608,sd sm br ck 4.5#,Dog&Cat Food,$21.99,,,
052742289601,sd sm br lam 4.5,Dog&Cat Food,$21.99,,,
052742289700,sd sm br lam 15.5#,Dog&Cat Food,$51.99,,,
052742910000,sd sm br light 4.5#,Dog&Cat Food,$21.99,,,
052742910109,sd sm br light 15.5#,Dog&Cat Food,$50.99,,,
052742909806,SD sm br 7+ 4.5#,Dog&Cat Food,$21.99,,,
052742253305,SD sm br 11+ 4.5#,Dog&Cat Food,$21.99,,,
052742253404,SD sm br 11+ 15.5,Dog&Cat Food,$50.99,,,
052742016054,SD lg br ck 35#,Dog&Cat Food,$76.99,,,
052742203805,SD lg br lam 33#,Dog&Cat Food,$76.99,,,
052742022154,SD lg br light 15#,Dog&Cat Food,$44.99,,,
052742022215,SD lg br light 30#,Dog&Cat Food,$76.99,,,
052742020471,SD lg br 6+ 15#,Dog&Cat Food,$44.99,,,
052742204406,SD lg br 6+ 33#,Dog&Cat Food,$76.99,,,
052742059815,SD puppy lam 4#,Dog&Cat Food,$18.99,,,
052742059389,SD puppy lam 12.5#,Dog&Cat Food,$42.99,,,
052742059396,SD puppy lam 25#,Dog&Cat Food,$69.99,,,
052742713304,SD puppy ck 4.5#,Dog&Cat Food,$18.99,,,
052742936604,SD puppy ck 12.5#,Dog&Cat Food,$42.99,,,
052742060187,SD puppy ck 27.5#,Dog&Cat Food,$72.99,,,
052742713908,SD puppy sm bite 4.5#,Dog&Cat Food,$18.99,,,
052742060248,SD puppy sm bite 12.5#,Dog&Cat Food,$38.99,,,
052742817804,SD ck 5#,Dog&Cat Food,$19.99,,,
052742020419,SD ck 15#,Dog&Cat Food,$44.99,,,
052742016016,SD ck 35#,Dog&Cat Food,$76.99,,,
052742818306,SD sm bite ck 5#,Dog&Cat Food,$19.99,,,
052742020488,SD sm bite ck 15#,Dog&Cat Food,$44.99,,,
052742015989,SD sm bite ck 35#,Dog&Cat Food,$76.99,,,
052742855608,SD lam 15.5#,Dog&Cat Food,$50.99,,,
052742203607,SD lam 33#,Dog&Cat Food,$76.99,,,
052742855509,SD lam sm bite 4.5#,Dog&Cat Food,$19.99,,,
052742855707,SD lam sm bite 15.5#,Dog&Cat Food,$50.99,,,
052742203706,SD lam sm bite 33lb,Dog&Cat Food,$76.99,,,
052742068602,SD salmon 4.5#,Dog&Cat Food,$20.99,,,
052742068619,SD salmon 14#,Dog&Cat Food,$45.99,,,
052742068626,SD salmon 33#,Dog&Cat Food,$79.99,,,
052742022147,SD light 15#,Dog&Cat Food,$44.99,,,
052742022192,SD light30#,Dog&Cat Food,$76.99,,,
052742022130,SD light sm bite 15#,Dog&Cat Food,$44.99,,,
052742022222,SD light sm bite 30#,Dog&Cat Food,$76.99,,,
052742815909,SD 7+ sm bite 5#,Dog&Cat Food,$19.99,,,
052742020426,SD 7+ sm bite 15#,Dog&Cat Food,$50.99,,,
052742204307,SD 7+ sm bite 33#,Dog&Cat Food,$76.99,,,
052742670201,SD 7+ 5#,Dog&Cat Food,$19.99,,,
052742020495,SD 7+ 15#,Dog&Cat Food,$50.99,,,
052742012032,SD vitality sm 3.5#,Dog&Cat Food,$22.99,,,
052742012049,SD vitality sm 12.5#,Dog&Cat Food,$50.99,,,
052742012070,SD vitality 12.5#,Dog&Cat Food,$50.99,,,
052742041285,SD perf digest sm bite 3.5#,Dog&Cat Food,$22.99,,,
052742038292,SD perf digest ck 3.5#,Dog&Cat Food,$22.99,,,
052742038285,SD perf digest ck 12#,Dog&Cat Food,$50.99,,,
052742041339,SD perf digest ck lg br 223,Dog&Cat Food,$71.99,,,
052742041421,SD perf digest salmon 22#,Dog&Cat Food,$72.99,,,
052742001807,SD mobility sm bite 4#,Dog&Cat Food,$20.99,,,
052742923901,SD mobility sm bite 15.5#,Dog&Cat Food,$50.99,,,
052742060552,SD sm min perf weight 12.5#,Dog&Cat Food,$51.99,,,
052742297200,SD perf weight 4#,Dog&Cat Food,$22.99,,,
052742060538,SD perf weight 12#,Dog&Cat Food,$51.99,,,
052742068688,SD puppy sensi 4#,Dog&Cat Food,$21.99,,,
052742068695,SD puppy sensi 13#,Dog&Cat Food,$50.99,,,
052742059136,SD sensi pollock 12#,Dog&Cat Food,$52.99,,,
052742060545,SD perf weight 25#,Dog&Cat Food,$74.99,,,
052742060521,SD perf weight joint 25#,Dog&Cat Food,$76.99,,,
052742007038,SD sm min sensi 4#,Dog&Cat Food,$21.99,,,
052742033167,SD sensi sm bite 4#,Dog&Cat Food,$21.99,,,
052742033181,SD sensi sm bite 15#,Dog&Cat Food,$51.99,,,
052742033198,SD sensi sm bite 30#,Dog&Cat Food,$71.99,,,
052742001821,SD sensi 4#,Dog&Cat Food,$21.99,,,
052742886008,SD sensi 15.5#,Dog&Cat Food,$50.99,,,
052742883908,SD sensi 30#,Dog&Cat Food,$71.99,,,
052742033204,SD sensi lg br 30#,Dog&Cat Food,$71.99,,,
052742022109,SD sensi gr fr 24#,Dog&Cat Food,$71.99,,,
052742187402,SD mini jerky beef,Dog,$7.99,,,
052742187600,SD jerky beef,Dog,$7.99,,,
052742187501,SD mini jerkyck,Dog,$7.99,,,
052742187709,SD jerky ck,Dog,$7.99,,,
052742303208,SD gr fr crunch,Dog,$7.99,,,
052742008998,SD apple,Dog,$7.99,,,
052742008974,SD cranberries,Dog,$7.99,,,
052742244808,SD soft ck,Dog,$7.99,,,
052742245003,SD soft duck,Dog,$7.99,,,
052742244907,SD soft beef,Dog,$7.99,,,
052742336107,SD savories ck,Dog,$7.99,,,
052742336008,SD savories peanut,Dog,$7.99,,,
052742335902,SD savories beef,Dog,$7.99,,,
030111125552,royal can sm 4#,Dog&Cat Food,$33.99,,,
030111512512,royal can sm 14#,Dog&Cat Food,$65.99,,,
030111450913,royal can poodle,Dog&Cat Food,$67.99,,,
030111451415,royal can york 10#,Dog&Cat Food,$67.99,,,
030111451422,royal can york 2.5#,Dog&Cat Food,$30.99,,,
030111511812,royal can chih 10#,Dog&Cat Food,$67.99,,,
029695251184,barn home xsm,Dog,$89.99,,,
029695251139,barn home 25-50#,Dog,$119.99,,,
029695251146,barn home 50-90#,Dog,$129.99,,,
029695259463,indigo 50-90# house,Dog,$239.99,,,
029695219504,vari kennel 70-90#,Dog,$199.99,,,
029695217005,vari kennel giant,Dog,$419.99,,,
791611020807,pop up playpen,Dog,$199.99,,,
076484889516,collapsible crate,Dog,$115.99,,,
027773019565,spree carrier blue 19 in,Dog,$24.99,,,
029695219481,"vari kennel 32""",Dog,$149.99,,,
029695219498,"vari kennel 36""",Dog,$159.99,,,
029695218637,"vari kennel 24""",Dog,$59.99,,,
029695218590,"vari kennel 19""",Dog,$34.99,,,
029695219474,"vari kennel 28""",Dog,$99.99,,,
027773018254,skudo xsm,Dog,$46.99,,,
027773027454,skudo cat,Cat,$59.99,,,
027773018285,skudo 40#,Dog,$92.99,,,
022517766194,voyager pink 26.6,Dog,$51.99,,,
022517766101,voyager blue 26.6,Dog,$52.99,,,
022517413821,catit s grey,Cat,$33.99,,,
022517413852,catit grey med,Cat,$46.99,,,
022517413814,catit bl s,Cat,$39.99,,,
022517413807,catit red s,Cat,$38.99,,,
022517413838,catit red med,Cat,$46.99,,,
022517766095,catiit blue med,Cat,$39.99,,,
022517766095,"voyager pink 24""",Dog,$43.99,,,
022517766002,"voyager blue 24""",Dog,$42.99,,,
022517766064,"voyager grey 24""",Dog,$43.99,,,
723633014489,NB ck & br rice 24#,Dog&Cat Food,$56.99,,,
723633014496,NB plant 24#,Dog&Cat Food,$59.99,,,
723633429856,NB venisin 22#,Dog&Cat Food,$63.99,,,
723633778053,NB salmon sm br 4#,Dog&Cat Food,$18.99,,,
723633777483,NB salmon 4#,Dog&Cat Food,$20.99,,,
723633777780,NB duck sm br 4#,Dog&Cat Food,$22.99,,,
723633777384,NB duck 4#,Dog&Cat Food,$20.99,,,
074198614530,TOW anc wetland 5#,Dog&Cat Food,$14.99,,,
074198614493,TOW anc stream 5#,Dog&Cat Food,$14.99,,,
074198614578,TOW anc mount 5#,Dog&Cat Food,$14.99,,,
074198614455,TOW anc prarie 5#,Dog&Cat Food,$14.99,,,
074198614462,TOW anc prairie 14#,Dog&Cat Food,$34.99,,,
074198614509,TOW anc stream 14#,Dog&Cat Food,$34.99,,,
074198614585,TOW anc mount 14#,Dog&Cat Food,$34.99,,,
074198614516,TOW anc stream 28#,Dog&Cat Food,$52.99,,,
074198614554,TOW anc wetland 28#,Dog&Cat Food,$52.99,,,
074198614479,TOE anc prairie 28#,Dog&Cat Food,$53.99,,,
074198614547,TOW anc wetland 14#,Dog&Cat Food,$34.99,,,
074198613908,TOW wetland 14$,Dog&Cat Food,$34.99,,,
074198611386,TOW south can 14#,Dog&Cat Food,$34.99,,,
074198612703,TOW appal 14#,Dog&Cat Food,$34.99,,,
074198611379,Tow south can 5#,Dog&Cat Food,$14.99,,,
074198612697,TOW appal 5#,Dog&Cat Food,$14.99,,,
074198609697,TOW wetland 5#,Dog&Cat Food,$14.99,,,
074198609581,TOW pacif stream 5#,Dog&Cat Food,$14.99,,,
074198613922,TOW pacific stream 14#,Dog&Cat Food,$34.99,,,
074198611010,TOW sierra mount 5#,Dog&Cat Food,$14.99,,,
074198613960,TOW sierra mount 14#,Dog&Cat Food,$34.99,,,
074198613977,TOW sierra mount 28#,Dog&Cat Food,$52.99,,,
074198609628,TOW high prairie 5#,Dog&Cat Food,$14.99,,,
074198613946,TOW high prairie 14#,Dog&Cat Food,$36.99,,,
074198613953,TOW high prairie 28#,Dog&Cat Food,$52.99,,,
074198611089,TOW high prairie puppy 5#,Dog&Cat Food,$13.99,,,
074198613991,TOW high prairie puppy 28#,Dog&Cat Food,$53.99,,,
074198611157,pacific stream puppy 5#,Dog&Cat Food,$13.99,,,
074198614004,pacific stream puppy 14#,Dog&Cat Food,$34.99,,,
074198608270,DIAM sm br ck 6#,Dog&Cat Food,$14.99,,,
074198608287,DIAM sm br ck 18#,Dog&Cat Food,$32.99,,,
074198608300,DIAM sm br lamb 18#,Dog&Cat Food,$31.99,,,
074198608232,DIAM sm br puppy 6#,Dog&Cat Food,$14.99,,,
074198608249,DIAM sm br puppy 18#,Dog&Cat Food,$36.99,,,
074198608201,DIAM als ck 40#,Dog&Cat Food,$45.99,,,
074198608430,DIAM senior 35#,Dog&Cat Food,$43.99,,,
074198610662,DIAM light 15#,Dog&Cat Food,$26.99,,,
074198610679,DIAM light 30#,Dog&Cat Food,$42.99,,,
074198611522,DIAM gr fr 28#,Dog&Cat Food,$45.99,,,
074198610693,DIAM lg br lamb 40#,Dog&Cat Food,$46.99,,,
074198608393,DIAM lg br 40#,Dog&Cat Food,$43.99,,,
052742909905,SD sm min 7+ 15.5#,Dog&Cat Food,$50.99,,,
052742930107,SD light sm bite 5#,Dog&Cat Food,$19.99,,,
052742204208,SD 7+ 33#,Dog&Cat Food,$66.99,,52742909905,
052742382104,SD sm min perf weight 4#,Dog&Cat Food,$22.99,,,
052742923505,SD mobility lg br 30#,Dog&Cat Food,$71.99,,,
052742007045,SD sm min sensitive 15#,Dog&Cat Food,$50.99,,,
074198615681,DIAM puppy 6#,Dog&Cat Food,$11.99,,,
074198002207,DIAM puppy 20#,Dog&Cat Food,$25.99,,,
074198002405,DIAM puppy 40#,Dog&Cat Food,$42.99,,,
074198608355,DIAM puppy lg br 6#,Dog&Cat Food,$13.99,,,
074198608362,DIAM puppy lg br 20#,Dog&Cat Food,$35.99,52742909905,,
074198608379,DIAM puppy lg br 40#,Dog&Cat Food,$52.99,,,
074198003204,DIAM mainten 20#,Dog&Cat Food,$23.99,,,
074198003402,DIAM mainten 40#,Dog&Cat Food,$37.99,,,
074198615674,DIAM prem 6#,Dog&Cat Food,$10.99,,,
074198010202,DIAM prem 20#,Dog&Cat Food,$27.99,,,
074198010509,DIAM prem 50#,Dog&Cat Food,$49.99,,,
074198608157,DIAM lamb 6#,Dog&Cat Food,$11.99,,,
074198608164,DIAM lamb 20#,Dog&Cat Food,$28.99,,,
074198608171,DIAM lamb 40#,Dog&Cat Food,$44.99,,,
074198613854,DIAM skin 15#,Dog&Cat Food,$28.99,,,
074198613847,DIAM skin 30#,Dog&Cat Food,$43.99,,,
074198000500,DIAM orig 50#,Dog&Cat Food,$39.99,,,
034846600520,SPORTMIX bite size 40#,Dog&Cat Food,$29.99,,,
034846700916,SPORTMIX energy plus 50#,Dog&Cat Food,$44.99,,,
034846700435,SPORTMIX high energy 50#,Dog&Cat Food,$47.99,,,
034846600131,SPORTMIX puppy sm bite 1605#,Dog&Cat Food,$19.99,,,
072705105229,FROMM classic 30#,Dog&Cat Food,$43.99,,,
072705105427,FROMM classic puppy 30#,Dog&Cat Food,$46.99,,,
072705105472,FROMM classic puppy 5#,Dog&Cat Food,$13.99,,,
072705105434,Fromm classic puppy 15#,Dog&Cat Food,$29.99,,,
072705105274,FROMM classic 5#,Dog&Cat Food,$11.99,,,
072705105236,FROMM classic 15#,Dog&Cat Food,$24.99,,,
072705115570,FROMM gold puppy 5#,Dog&Cat Food,$15.99,,,
072705115532,FROMM gold puppy 15#,Dog&Cat Food,$35.99,,,
072705115518,FROMM gold puppy 30#,Dog&Cat Food,$55.99,,,
072705105571,FROMM gold lg br puppy 5#,Dog&Cat Food,$15.99,,,
072705105533,FROMM gold lg br puppy 15#,Dog&Cat Food,$35.99,,,
072705105519,FROMM gold lg br puppy 30#,Dog&Cat Food,$55.99,,,
072705105670,FROMM gold sm br 5#,Dog&Cat Food,$15.99,,,
072705105632,FROMM gold sm be 15#,Dog&Cat Food,$35.99,,,
072705115273,FROMM gold 5#,Dog&Cat Food,$14.99,,,
072705115235,FROMM gold 15#,Dog&Cat Food,$30.99,,,
072705115211,FROMM gold 30#,Dog&Cat Food,$52.99,,,
072705115334,FROMM gold lg br 15#,Dog&Cat Food,$30.99,,,
072705115310,FROMM gold lg br 30#,Dog&Cat Food,$52.99,,,
072705115372,FROMM gold lg br 5#,Dog&Cat Food,$14.99,,,
072705105830,FROMM gold lb br weight 15#,Dog&Cat Food,$35.99,,,
072705105779,FROMM gold weight 5#,Dog&Cat Food,$15.99,,,
072705105731,FROMM gold weight 15#,Dog&Cat Food,$35.99,,,
072705105717,FROMM gold weight 30#,Dog&Cat Food,$55.99,,,
072705115471,FROMM gold senior 5#,Dog&Cat Food,$14.99,,,
072705115433,FROMM gold senior 15#,Dog&Cat Food,$30.99,,,
072705115419,FROMM gold senior 30#,Dog&Cat Food,$52.99,,,
072705105915,FROMM gold ancient 30#,Dog&Cat Food,$52.99,,,
072705116164,FROMM ck a la veg 4#,Dog&Cat Food,$13.99,,,
072705116133,FROMM ck a la veg 12#,Dog&Cat Food,$30.99,,,
072705116119,FROMM ck a la veg 26#,Dog&Cat Food,$54.99,,,
072705116263,FROMM duck a la veg 4#,Dog&Cat Food,$14.99,,,
072705116232,FROMM duck a la veg 12#,Dog&Cat Food,$31.99,,,
072705116218,FROMM duck a la veg 26#,Dog&Cat Food,$57.99,,,
072705116362,FROMM whitefish 4#,Dog&Cat Food,$14.99,,,
072705116331,FROMM whitefish 12#,Dog&Cat Food,$31.99,,,
072705116317,FROMM whitefish 26#,Dog&Cat Food,$58.99,,,
072705116461,FROMM salmon a la veg 4#,Dog&Cat Food,$15.99,,,
072705116430,FROMM salmon a la veg 12#,Dog&Cat Food,$33.99,,,
072705116416,FROMM salmon a la veg 26#,Dog&Cat Food,$60.99,,,
072705114061,FROMM pork & apple 4#,Dog&Cat Food,$14.99,,,
072705114030,FROMM pork & apple 12#,Dog&Cat Food,$30.99,,,
072705114016,FROMM pork & apple 26#,Dog&Cat Food,$55.99,,,
072705108060,FROMM trout 4#,Dog&Cat Food,$15.99,,,
072705108039,FROMM trout 12#,Dog&Cat Food,$33.99,,,
.072705108015,FROMM trout 26#,Dog&Cat Food,$60.99,,,
072705115013,FROMM zealambder 26#,Dog&Cat Food,$78.99,,,
072705114849,FROMM rancherosa 4#,Dog&Cat Food,$16.99,,,
072705114542,FROMM lamb & lentil 4#,Dog&Cat Food,$16.99,,,
072705114504,FROMM lamb & lentil 26#,Dog&Cat Food,$79.99,,,
072705114917,FROMM highlander beef 26#,Dog&Cat Food,$78.99,,,
072705116546,FROMM surf & turf 4#,Dog&Cat Food,$15.99,,,
072705116522,FROMM surf & turf 12#,Dog&Cat Food,$43.99,,,
072705116508,FROMM surf & turf 26#,Dog&Cat Food,$77.99,,,
072705114344,FROMM pork & peas 4#,Dog&Cat Food,$15.99,,,
072705114320,FROMM pork & peas 12#,Dog&Cat Food,$43.99,,,
072705114146,FROMM beef frittata 4# ,Dog&Cat Food,$15.99,,,
072705114122,FROMM beef frittata 12#,Dog&Cat Food,$43.99,,,
072705114108,FROMM beef frittata 26#,Dog&Cat Food,$78.99,,,
072705114443,FROMM game bird 4#,Dog&Cat Food,$15.99,,,
072705114429,FROMM game bird 12#,Dog&Cat Food,$43.99,,,
072705114405,FROMM game bird 26#,Dog&Cat Food,$76.99,,,
072705114740,FROMM ck frommage 4#,Dog&Cat Food,$13.99,,,
072705114726,FROMM ck frommage 12#,Dog&Cat Food,$39.99,,,
072705114702,FROMM ck frommage 26#,Dog&Cat Food,$69.99,,,
072705114641,FROMM hasen duck 4#,Dog&Cat Food,$15.99,,,
072705114627,FROMM hasen duck 12#,Dog&Cat Food,$39.99,,,
072705104406,Fromm coast weight 26#,Dog&Cat Food,$66.99,,,
784099025044,"PC 42"" single door",Dog,$129.99,,,
784099025051,"PC 48"" single door",Dog,$149.99,,,
027773021964,"MW 18"" single door",Dog,$42.99,,,
027773021971,"MW 24"" single door",Dog,$59.99,,,
027773021988,"MW 30"" single door",Dog,$83.99,,,
027773021995,"MW 36"" single door",Dog,$97.99,,,
784099025136,"PC 42"" double door",Dog,$135.99,,,
784099025105,"PC 24"" double door",Dog,$62.99,,,
784099025112,"PC 30"" double door",Dog,$79.99,,,
784099025129,"PC 36"" double door",Dog,$129.99,,,
784099025143,"PC 48"" double door",Dog,$169.99,,,
027773024811,"MW exercise pen 24""",Dog,$75.99,,,
029695550126,"exercise pen 30""",Dog,$89.99,,,
784099025327,"PC exercise pen 36""",Dog,$89.99,,,
029695550157,"exercise pen 48""",Dog,$184.99,,,
027773019572," MW spree kennel red 19""",Dog,$24.99,,,
027773019558,"MW spree kennel green 19""",Dog,$24.99,,,
027773019602,"MW spree kennel red 24""",Dog,$29.99,,,
02777301958,"MW spree kennel green 24""",Dog,$29.99,,,
840243105359,BLUE B wilderness salmon 4.5#,Dog&Cat Food,$28.99,,,
840243148608,BLUE B wilder sm br 4.5#,Dog&Cat Food,$29.99,,,
840243148318,BLUE B wilder sm br 13#,Dog&Cat Food,$60.99,,,
840243148615,BLUE B wilder lg br ck 24#,Dog&Cat Food,$77.99,,,
840243105427,BLUE B basic salmon 4#,Dog&Cat Food,$31.99,,,
859610007509,BLUE B basic turkey 4#,Dog&Cat Food,$23.99,,,
859610005789,BLUE B basic sm br 4#,Dog&Cat Food,$28.99,,,
859610006816,BLUE B freedom sm br 4#,Dog&Cat Food,$26.99,,,
859610006830,BLUE B freedom sm br 11#,Dog&Cat Food,$46.99,,,
859610000388,BLUE B lg br 30#,Dog&Cat Food,$75.99,,,
859610000364,BLUE B lg br 15#,Dog&Cat Food,$46.99,,,
840243105250,BLUE B lg br h weight 30#,Dog&Cat Food,$75.99,,,
859610000449,BLUE B lg br puppy 30#,Dog&Cat Food,$69.99,,,
859610000159,BLUE B senior 15#,Dog&Cat Food,$46.99,,,
859610000173,BLUE B senior 30#,Dog&Cat Food,$69.99,,,
840243144167,BLUE B sm br senior 5#,Dog&Cat Food,$22.99,,,
840243105311,BLUE B sm br senior 15#,Dog&Cat Food,$50.99,,,
840243144143,BLUE B senior 5#,Dog&Cat Food,$19.99,,,
840243144129,BLUE B sm br lamb 5#,Dog&Cat Food,$22.99,,,
840243105687,BLUE B sm br lamb 15#,Dog&Cat Food,$49.99,,,
840243144112,BLUE B sm br 5#,Dog&Cat Food,$22.99,,,
840243104888,BLUE B sm br 15#,Dog&Cat Food,$50.99,,,
840243144099,BLUE B lamb 5#,Dog&Cat Food,$20.99,,,
859610000357,BLUE B lamb 15#,Dog&Cat Food,$50.99,,,
859610000371,BLUE B lamb 30#,Dog&Cat Food,$75.99,,,
840243144075,BLUE B ck 5#,Dog&Cat Food,$19.99,,,
859610000098,BLUE B ck 15#,Dog&Cat Food,$46.99,,,
859610000111,BLUE B ck 30#,Dog&Cat Food,$67.99,,,
859610007448,BLUE B sm bite 15#,Dog&Cat Food,$46.99,,,
859610007455,BLUE B sm bite 30#,Dog&Cat Food,$69.99,,,
840243144082,BLUE B puppy 5#,Dog&Cat Food,$19.99,,,
859610000036,BLUE B puppy 15#,Dog&Cat Food,$46.99,,,
840243144181,BLUE B sm br puppy 5#,Dog&Cat Food,$19.99,,,
064992585457,ACANA wh gr sea 4#,Dog&Cat Food,$26.99,,,
064992723392,ACANA butch ck 17#,Dog&Cat Food,$72.99,,,
064992723385,ACANA butch ck 4#,Dog&Cat Food,$26.99,,,
064992723408,ACANA butch beef 4#,Dog&Cat Food,$28.99,,,
064992723422,ACANA butch salmon 4#,Dog&Cat Food,$29.99,,,
064992517458,ACANA wh gr duck 4#,Dog&Cat Food,$27.99,,,
064992107451,ORIJEN fit & trim 4.5#,Dog&Cat Food,$32.99,,,
064992107253,ORIJEN fit &  trim 23.5#,Dog&Cat Food,$83.99,,,
064992105457,ORIJEN region 4.5#,Dog&Cat Food,$32.99,,,
064992105136,ORIJEN region 13#,Dog&Cat Food,$64.99,,,
064992102258,ORIJEN lg br puppy 23.5#,Dog&Cat Food,$80.99,,,
064992106133,ORIJEN six fish 13#,Dog&Cat Food,$61.99,,,
064992106256,ORIJEN six fish 23.5#,Dog&Cat Food,$96.99,,,
064992103132,ORIJEN orig 13#,Dog&Cat Food,$55.99,,,
064992103255,ORIJEN orig 23.5#,Dog&Cat Food,$79.99,,,
064992581404,ORIJEN sm br 4#,Dog&Cat Food,$26.99,,,
064992101459,ORIJEN puppy,Dog&Cat Food,$30.99,,,
785184125007,RED B lg br puppy gr fr 22#,Dog&Cat Food,$62.99,,,
785184120088,RED B sky wh gr 4#,Dog&Cat Food,$17.99,,,
785184120163,RED B sky wh gr 22#,Dog&Cat Food,$42.99,,,
785184120057,RED B sky gr fr 4#,Dog&Cat Food,$19.99,,,
785184120132,RED B sky gr fr 22#,Dog&Cat Food,$54.99,,,
785184125076,RED B puppy wh gr 22#,Dog&Cat Food,$61.99,,,
785184120071,RED B land who gr 4#,Dog&Cat Food,$18.99,,,
785184120156,RED B land wh gr 22#,Dog&Cat Food,$64.99,,,
785184120040,RED B land gr fr 4#,Dog&Cat Food,$23.99,,,
785184120125,RED B land gr fr 22#,Dog&Cat Food,$64.99,,,
785184120064,RED B ocean gr fr 4#,Dog&Cat Food,$19.99,,,
785184120149,RED B ocean gr fr 22#,Dog&Cat Food,$60.99,,,
785184120170,RED B ocean wh gr 22#,Dog&Cat Food,$66.99,,,
785184125069,REDE B puppy wh gr 4#,Dog&Cat Food,$19.99,,,
785184125038,RED b lg br gr fr 15#,Dog&Cat Food,$47.99,,,
785184125014,RED B puppy gr fr 4#,Dog&Cat Food,$23.99,,,
785184125090,RED B lg br wh gr 15#,Dog&Cat Food,$45.99,,,
785184126004,RED B lg br wh gr 22#,Dog&Cat Food,$77.99,,,
785184125045,RED B lg br gr fr 22#,Dog&Cat Food,$77.99,,,
073893263050,NUTRI SOU sm puppy 1.5#,Dog&Cat Food,$3.99,,,
073893263067,NUTRI SOU sm puppy 4#,Dog&Cat Food,$20.99,,,
073893263043,NUTRI SOU sm puppy 12#,Dog&Cat Food,,,,
073893263104,NUTRI SOU sm pyppu 26#,Dog&Cat Food,$56.99,,,
073893264064,NUTRI SOU lb br puppy 4#,Dog&Cat Food,$15.99,,,
073893264040,NUTRI SOU lg br puppy 12#,Dog&Cat Food,$38.99,,,
073893264101,NUTRI SOU lg br puppy 26#,Dog&Cat Food,$58.99,,,
073893260127,NUTRI SOU ck 4#,Dog&Cat Food,$15.99,,,
073893260110,NUTRI SOU ck 12#,Dog&Cat Food,$36.99,,,
073893260103,NUTRI SOU ck 26#,Dog&Cat Food,$54.99,,,
073893261025,NUTRI SOU lg br 26#,Dog&Cat Food,$54.99,,,
073893260073,NUTRI SOU sm bite 4#,Dog&Cat Food,$15.99,,,
073893260158,NUTRI SOU sm bite 12#,Dog&Cat Food,$36.99,,,
073893212584,NUTRI SOU weight 4#,Dog&Cat Food,$15.99,,,
073893212577,NUTRI SOU weight 12#,Dog&Cat Food,$36.99,,,
073893212560,NUTRI SOU weight 26#,Dog&Cat Food,$64.99,,,
073893265061,NUTR SOU senior 4#,Dog&Cat Food,$15.99,,,
073893265047,NUTRI SOU senior 12#,Dog&Cat Food,$37.99,,,
073893265054,NUTRI SOU senior 26#,Dog&Cat Food,$58.99,,,
073893268086,NUTR SOU beef 4#,Dog&Cat Food,$18.99,,,
073893268079,NUTRI SOU beef 12#,Dog&Cat Food,$39.99,,,
073893268062,NUTRI SOU beef 26#,Dog&Cat Food,$55.99,,,
073893266044,NUTRI SOU lamb 4#,Dog&Cat Food,$19.99,,,
073893266068,NUTRI SOU lamb 12#,Dog&Cat Food,$40.99,,,
073893266051,NUTRI SOU lamb 26#,Dog&Cat Food,$55.99,,,
073893267027,NUTRI SOU lg br lamb 26#,Dog&Cat Food,$56.99,,,
073893291084,NUTRI SOU gr fr lamb 4#,Dog&Cat Food,$21.99,,,
073893291077,NUTRI SOU gr fr lamb 12#,Dog&Cat Food,$41.99,,,
073893291107,NUTRI SOU gr fr lamb 26#,Dog&Cat Food,$64.99,,,
073893430148,NUTRI SOU sm bite seaf 4#,Dog&Cat Food,$21.99,,,
073893430100,NUTRI SOU sm bite seaf 15#,Dog&Cat Food,$43.99,,,
073893430087,NUTRI SOU seaf 4#,Dog&Cat Food,$20.99,,,
073893430018,NUTRI SOUR seaf 15#,Dog&Cat Food,$42.99,,,
073893299080,NUTRI SOUR gr fr weight 4#,Dog&Cat Food,$20.99,,,
073893299073,NUTRI SOU gr fr weight 12#,Dog&Cat Food,$39.99,,,
073893299059,NUTRI SOU gr fr weight 26#,Dog&Cat Food,$65.99,,,
073893299585,NUTRI SOU gr fr senior 4#,Dog&Cat Food,$20.99,,,
073893299578,NUTRI SOU gr fr senior 12#,Dog&Cat Food,$37.99,,,
073893292012,NUTRI SOU lg br gr fr lamb 26#,Dog&Cat Food,$54.99,,,
073893299783,NUTRI SOU gr fr sm puppy 4#,Dog&Cat Food,$20.99,,,
073893212300,NUTRI SOU perfor 40#,Dog&Cat Food,$67.99,,,
073893250005,NUTRI SOU choice fish 30#,Dog&Cat Food,$46.99,,,
073893210009,NUTRI SOU choice ck 30#,Dog&Cat Food,$43.99,,,
073893300106,NUTRI SOU open waters 4#,Dog&Cat Food,$20.99,,,
073893177029,PURE VITA gr fr salm & pea 5#,Dog&Cat Food,$21.99,,,
073893177036,PURE VITA gr fr salm & pea 12#,Dog&Cat Food,$47.99,,,
073893177005,PURE VITA gr fr salm & pea 25#,Dog&Cat Food,$69.99,,,
073893170020,PURE VITA ck & br rice 5#,Dog&Cat Food,$16.99,,,
073893175117,PURE VITA sm bi gr fr turkey 4#,Dog&Cat Food,$21.99,,,
073893173045,PURE VITA turkey gr fr 4#,Dog&Cat Food,$18.99,,,
073893175032,PURE VITA turkey gr fe 12#,Dog&Cat Food,$43.99,,,
073893175001,PURE VITA gr fr yurkey 25#,Dog&Cat Food,$65.99,,,
073893181118,PURE VITA gr fr beef 4#,Dog&Cat Food,$22.99,,,
073893181002,PURE VITA gr fr beef 25#,Dog&Cat Food,$78.99,,,
030626101058,MAX BULLY 5#,Dog&Cat Food,$18.99,,,
030626101300,MAX BULLY 30#,Dog&Cat Food,$67.99,,,
030111208903,EUK sm br puppy 4.5#,Dog&Cat Food,$24.99,,,
030111150066,EUK sm br puppy 15#,Dog&Cat Food,$59.99,,,
030111804501,EUK sm br 4.5#,Dog&Cat Food,$23.99,,,
030111160027,EUK med br 16#,Dog&Cat Food,$55.99,,,
030111302052,EUK lg br 30#,Dog&Cat Food,$87.99,,,
030111310019,EUK lg br lamb 30#,Dog&Cat Food,$96.99,,,
034846540307,EARTHBORN meadow 25#,Dog&Cat Food,$52.99,,,
034846540215,EARTHBORN coastal catch 12.5#,Dog&Cat Food,$34.99,,,
034846540208,EARTHBORN coastal catch 25#,Dog&Cat Food,$51.99,,,
076344891185,WELLN sm br weight 4#,Dog&Cat Food,$21.99,,,
076344891109,WELLN sm br turk 4#,Dog&Cat Food,$19.99,,,
076344884217,WELLN sm br core 12#,Dog&Cat Food,$48.99,,,
076344088912,WELLN wh fish 26#,Dog&Cat Food,$57.99,,,
019014711086,IAMS mini chu 7#,Dog&Cat Food,$21.99,,,
019014610907,IAMS mini chu 15#,Dog&Cat Food,$38.99,,,
019014700714,IAMS mini chu 30#,Dog&Cat Food,$55.99,,,
019014803446,IAMS sm br 7#,Dog&Cat Food,$23.99,,,
019014610945,IAMS lg br puppy 15#,Dog&Cat Food,$39.99,,,
640461003136,CANIDAE als salm 5#,Dog&Cat Food,$12.99,,,
640461003051,CANIDAE als multi prot 40#$,Dog&Cat Food,$57.99,,,
038100100801,PRO PLAN sm br sensit 4#,Dog&Cat Food,$25.99,,,
072705105939,FROMM ancient 15#,Dog&Cat Food,$30.99,,,
072705114528,FROMM lamb 12#,Dog&Cat Food,$44.99,,,
072705114825,FROMM rancharosa 12#,Dog&Cat Food,$43.99,,,
038100187642,PRO PLAN sensit puppy salm 15#,Dog&Cat Food,$49.99,,,
038100177032,PRO PLAN sensi sm br 15#,Dog&Cat Food,$49.99,,,
038100100757,PRO PLAN sensi salm 4#,Dog&Cat Food,$25.99,,,
038100175458,PRO PLAN sensi salm 16#,Dog&Cat Food,$49.99,,,
038100175526,PRO PLAN sensi salm 30#,Dog&Cat Food,$81.99,,,
038100175649,PRO PLAN sensi lam 4#,Dog&Cat Food,$25.99,,,
038100175670,PRO PLAN sensi lam 24#,Dog&Cat Food,$81.99,,,
038100140272,PRO PLAN weight shred 6#,Dog&Cat Food,$26.99,,,
038100140241,PRO PLAN weight shred 18#,Dog&Cat Food,$49.99,,,
038100140265,PRO PLAN weight shred 34#,Dog&Cat Food,$81.99,,,
038100131867,PRO PLAN weight 18#,Dog&Cat Food,$49.99,,,
038100131874,PRO PLAN weight 34#,Dog&Cat Food,$76.99,,,
038100130549,PRO PLAN ck shred 6#,Dog&Cat Food,$23.99,,,
038100150943,PRO PLAN ck 30/20 18#,Dog&Cat Food,$48.99,,,
038100520296,PRO PLAN ck 30/20 37.5#,Dog&Cat Food,$74.99,,,
038100101310,PRO PLAN beef shred 5#,Dog&Cat Food,$19.99,,,
038100101334,PRO PLAN beef shred 15#,Dog&Cat Food,$39.99,,,
038100130518,PRO PLAN beef shred 35#,Dog&Cat Food,$77.99,,,
038100101679,PRO PLAN ck shred 15#,Dog&Cat Food,$38.99,,,
038100130594,PRO PLAN ck shred 35#,Dog&Cat Food,$77.99,,,
038100101365,PRO PLAN lamb shred 5#,Dog&Cat Food,$18.99,,,
038100101389,PRO PLAN lamb shred 15#,Dog&Cat Food,$39.99,,,
038100130631,PRO PLAN lamb shred 35#,Dog&Cat Food,$74.99,,,
038100160478,PRO PLAN sm br ck shred 6#,Dog&Cat Food,$26.99,,,
038100160508,PRO PLAN sm br ck shred 18#,Dog&Cat Food,$48.99,,,
038100131904,PRO PLAN sm br ck 6#,Dog&Cat Food,$25.99,,,
038100131928,PRO PLAN sm br 18#,Dog&Cat Food,$49.99,,,
038100135438,PRO PLAN toy 5#,Dog&Cat Food,$26.99,,,
038100132529,PRO PLAN lg br 18#,Dog&Cat Food,$49.99,,,
038100132536,PRO PLAN lg br 34#,Dog&Cat Food,$76.99,,,
038100132642,PRO PLAN lg br puppy 18#,Dog&Cat Food,$47.99,,,
038100132635,PRO PLAN lg br puppy 34#,Dog&Cat Food,$78.99,,,
038100142900,PRO PLAN shred puppy 6#,Dog&Cat Food,$20.99,,,
038100142887,PRO PLAN shred puppy 18#,Dog&Cat Food,$48.99,,,
038100142894,PRO PLAN shred puppy 34#,Dog&Cat Food,$81.99,,,
038100113627,PRO PLAN puppy 6#,Dog&Cat Food,$20.99,,,
038100132710,PRO PLAN puppy 18#,Dog&Cat Food,$48.99,,,
038100132703,PRO PLAN puppy 34#,Dog&Cat Food,$81.99,,,
038100113641,PRO PLAN lamb puppy 6#,Dog&Cat Food,$20.99,,,
038100132765,PROI PLAN lamb puppy 18#,Dog&Cat Food,$47.99,,,
038100132741,PRO PLAN lamb puppy 34#,Dog&Cat Food,$74.99,,,
038100135407,PRO PLAN toy puppy 5#,Dog&Cat Food,$25.99,,,
840199681051,VIT ESS turk min pat 14oz,Dog&Cat Food,$29.99,,,
840199680153,VIT ESS turk min nib 14oz,Dog&Cat Food,$29.99,,,
840199681037,VIT ESS duck min pat 14oz,Dog&Cat Food,$29.99,,,
840199680092,VIT ESSen duck min nib 14oz,Dog&Cat Food,$32.99,,,
840199681013,VIT ESSEN beef min pat 14oz,Dog&Cat Food,$29.99,,,
840199680030,VIT ESSEN beef min nib 14oz,Dog&Cat Food,$29.99,,,
840199681020,VIT ESSEN ck min pat 14oz,Dog&Cat Food,$29.99,,,
840199680061,VIT ESSEN ck min nib 14oz,Dog&Cat Food,$29.99,,,
840199682133,VIT ESSEN turk ground top 6oz,Dog&Cat Food,$13.99,,,
840199682041,VIT ESSEN ck ground top 6oz,Dog&Cat Food,$13.99,,,
840199682010,VIT ESSEN beef ground top 6oz,Dog&Cat Food,$13.99,,,
850007047382,SHEP BOY ck fdr 14oz,Dog&Cat Food,$33.99,,,
064992725983,ORIJ orig fd 8oz,Dog&Cat Food,$23.99,,,
064992726003,ORIJ tundra fd 8oz,Dog&Cat Food,$23.99,,,
064992724184,ORIJ orig bites 6oz,Dog&Cat Food,$17.99,,,
810076943015,PRIM kitr puppy 1.5#,Dog&Cat Food,$28.99,,,
810076942964,PRIM kitr puppy 9#,Dog&Cat Food,$99.99,,,
810076942988,PRIM kitr beef 1.5#,Dog&Cat Food,$28.99,,,
810076942995,PRIM kitr ck 1.5#,Dog&Cat Food,$28.99,,,
810076942940,PRIM kitr ck 9#,Dog&Cat Food,$99.99,,,
810076943008,PRIM kitr fish 1.5#,Dog&Cat Food,$30.99,,,
850018160285,NEXT LEVEL hi pro 30 50#,Dog&Cat Food,$61.99,,,
895135000823,PRIM fd nug 14oz,Dog&Cat Food,$35.99,,,
895135000595,PRIM fd pork 14oz,Dog&Cat Food,$32.99,,,
895135000991,PRIM fd lamb 14oz,Dog&Cat Food,$36.99,,,
895135000984,PRIM fd turk & sard 14oz,Dog&Cat Food,$32.99,,,
850334004379,PRIM fd turk & sard 505oz,Dog&Cat Food,$13.99,,,
895135000809,PRIM fd beef 14oz,Dog&Cat Food,$32.99,,,
850334004317,PRIM fd beef 5.5oz,Dog&Cat Food,$13.99,,,
064992715670,ACANA fd beef 14oz,Dog&Cat Food,$30.99,,,
064992715557,ACANA fd ck 14oz,Dog&Cat Food,$30.99,,,
064992715632,ACANA fd duck 14oz,Dog&Cat Food,$30.99,,,
064992715595,ACANA fd turk 14oz,Dog&Cat Food,$30.99,,,
894308002572,VICT seniior 40#,Dog&Cat Food,$56.99,,,
894308002367,VICT hi energy 40#,Dog&Cat Food,$48.99,,,
894308002404,VICT perfor 40#,Dog&Cat Food,$53.99,,,
894308002510,VICT yukon 30#,Dog&Cat Food,$64.99,,,
854524005276,VICT hi pro 50#,Dog&Cat Food,$61.99,,,
899944446438,VICT prof 30#,Dog&Cat Food,$42.99,,,
899944446421,VICT hi pro 30#,Dog&Cat Food,$45.99,,,
854524005139,VICT hi pro 15#,Dog&Cat Food,$30.99,,,
899944446391,VICT salm sensi 5#,Dog&Cat Food,$14.99,,,
899944446339,VICT sensi lam 5#,Dog&Cat Food,$14.99,,,
899944446346,VICT sensi lam 15#,Dog&Cat Food,$34.99,,,
894308002053,VICT lam & br rice 5#,Dog&Cat Food,$14.99,,,
854524005115,VICT lam & rice 15#,Dog&Cat Food,$31.99,,,
854524005184,VICT lam & sw pot 5#,Dog&Cat Food,$15.99,,,
854524005160,VICT lam & sw pot 15#,Dog&Cat Food,$38.99,,,
854524005177,VICT lam & sw pot 30#,Dog&Cat Food,$66.99,,,
894308002497,VICT oce fish 40#,Dog&Cat Food,$65.99,,,
854524005214,VICT multi 30#,Dog&Cat Food,$35.99,,,
854524005085,VICT nutra pro 40#,Dog&Cat Food,$60.99,,,
894308002336,VICT beef 5#,Dog&Cat Food,$11.99,,,
854524005092,VICT beef 15#,Dog&Cat Food,$27.99,,,
899944446445,VICT beef 30#,Dog&Cat Food,$41.99,,,
894308002169,VICT puppy 5#,Dog&Cat Food,$14.99,,,
894308002473,VICT puppt 30#,Dog&Cat Food,$57.99,,,
034846580105,WHOLSO sensi salm 30#,Dog&Cat Food,$46.99,,,
034846580112,WHOLESO sensi 30#,Dog&Cat Food,$46.99,,,
071898122426,VALU PAK 30/20 purpl 50#,Dog&Cat Food,$48.99,,,
071898431962,VALU PAK 28/20 bla 50# ,Dog&Cat Food,$45.99,,,
071898431863,VALU PAK 24/20 rd 50#,Dog&Cat Food,$42.99,,,
640461003051,CANID multi 40#,Dog&Cat Food,$57.99,,,
052742368207,SD flexi stix beef ,Dog&Cat Food,$7.99,,,
052742187907,SD training ,Dog&Cat Food,$5.99,,,
052742368009,SD flexi stix turk,Dog&Cat Food,$7.99,,,
854524005429,VICT ck & rice 13.2oz,Dog&Cat Food,$2.79,,,
854524005443,VICT lam & rice 13.2oz,Dog&Cat Food,$2.89,,,
854524005412,VICT ck & veg 13.2oz,Dog&Cat Food,$2.79,,,
854524005450,VICT beef & veg 13.2oz,Dog&Cat Food,$2.89,,,
854524005436,VICT turk & sw pot 13.2,Dog&Cat Food,$2.79,,,
074198612727,DIAM lamb 13.2oz,Dog&Cat Food,$3.09,,,
074198612734,DIAM beef 13.2oz,Dog&Cat Food,$3.09,,,
072705136001,FROMM digestive 13oz,Dog&Cat Food,$3.79,,,
072705136100,FROMM mobility 13oz,Dog&Cat Food,$4.39,,,
072705136209,FROMM immunity 13oz,Dog&Cat Food,$3.89,,,
072705130085,FROMM clasic puppy 12.5oz,Dog&Cat Food,$2.79,,,
072705130047,FROMM clasic ck 12.5oz,Dog&Cat Food,$2.49,,,
072705130061,FROMM clasic rurk 12.5oz,Dog&Cat Food,$2.49,,,
072705118809,FROMM shred ck 12oz,Dog&Cat Food,$4.99,,,
072705132003,FROMM ck frommb 12.5oz,Dog&Cat Food,$3.79,,,
072705132089,FROMM beef frommb 12.5oz,Dog&Cat Food,$3.69,,,
072705119141,FROMM bef & sw pot 12.2oz,Dog&Cat Food,$3.79,,,
072705119066,FROMM ck & sw pot 12.2oz,Dog&Cat Food,$3.89,,,
072705119080,FROMM wh fish & lentil 12.2oz,Dog&Cat Food,$3.69,,,
072705119103,FROMM tur duc & sw pot 12.2oz,Dog&Cat Food,$3.09,,,
072705119189,FROMM seafood 12.2oz,Dog&Cat Food,$3.79,,,
072705118687,FROMM lamb 12.2oz,Dog&Cat Food,$3.79,,,
072705118724,FROMM ven & beef 12.2oz,Dog&Cat Food,$3.79,,,
072705119240,FROMM duc a la veg 12.2oz,Dog&Cat Food,$3.79,,,
072705119004,FROMM salm & ck 12.2oz,Dog&Cat Food,$3.09,,,
072705119042,FROMM ck & duck 12.2oz,Dog&Cat Food,$3.09,,,
072705118663,FROMM beef & bar 12.2oz,Dog&Cat Food,$3.79,,,
072705119028,FROMM ck 12.2oz,Dog&Cat Food,$3.09,,,
072705119226,FROMM ck & ri 12.2oz,Dog&Cat Food,$3.09,,,
072705119202,FROMM tur & pumpk 12.2oz,Dog&Cat Food,$3.09,,,
072705118700,FROMM turk 12.2oz,Dog&Cat Food,$3.09,,,
072705119165,FROMM lam & sw pot 12.2oz ,Dog&Cat Food,$3.79,,,
888641131242,ZIGN zssen 13oz,Dog&Cat Food,$3.19,,,
888641131648,ZIGN pork 13oz,Dog&Cat Food,$3.49,,,
888641131402,ZIGN wh fish 13oz,Dog&Cat Food,$3.19,,,
888641131204,ZIGN tr & salm 13oz,Dog&Cat Food,$3.19,,,
888641131211,ZIGN lamb 13oz,Dog&Cat Food,$3.69,,,
888641131235,ZIGN duck 13oz,Dog&Cat Food,$3.69,,,
888641131341,ZIGN kanga 13oz,Dog&Cat Food,$4.29,,,
888641131228,ZIGN turk 13oz,Dog&Cat Food,$3.19,,,
074198610730,TOW pacif stre 13.2oz,Dog&Cat Food,$2.39,,,
074198610716,TOW wetland 13.2oz,Dog&Cat Food,$2.69,,,
074198611454,TOW south can 13.2oz,Dog&Cat Food,$2.89,,,
074198610723,TOW high prai 13.2oz,Dog&Cat Food,$2.69,,,
074198611096,TOW sier mount 13.2oz,Dog&Cat Food,$2.79,,,
073893021018,NUTRI SOU high plains 13oz,Dog&Cat Food,$2.99,,,
073893021032,NUTRI SOU woodland 13oz,Dog&Cat Food,$2.89,,,
073893030027,NUTRI SOUR heartland 13oz,Dog&Cat Food,$2.89,,,
073893021216,NUTRI SOUR prairie 12.3oz,Dog&Cat Food,$3.39,,,
073893030003,\NUTRI SOUR gr fr ck 13oz,Dog&Cat Food,$3.69,,,
073893021261,NUTRI SOUR seafood 12.3oz,Dog&Cat Food,$3.39,,,
073893021247,NUTRI SOUR gr fr lamb 12.3oz,Dog&Cat Food,$3.49,,,
073893041016,NUTRI SOUR 12.3oz,Dog&Cat Food,$3.29,,,
073893020103,NUTRI SOUR ck lam & fish 13oz,Dog&Cat Food,$3.29,,,
073893021094,NUTRI SOUR beef & ri 1203oz,Dog&Cat Food,$3.19,,,
073893021063,NUTRI SOUR lamb 12.3oz,Dog&Cat Food,$3.29,,,
073893021056,NUTRI SOUR ck 12.3oz,Dog&Cat Food,$3.29,,,
073893040019,NUTRI SOUR puppy 13oz,Dog&Cat Food,$2.39,,,
073893040002,NUTRI SOUR puppy 5.5oz,Dog&Cat Food,$1.79,,,
073893905011,NUTRI SOUR pooch turky,Dog&Cat Food,$4.99,,,
073893905004,NUTRI SOUR pooch ck,Dog&Cat Food,$4.99,,,
073893905028,NUTRI SOUR pooch beef,Dog&Cat Food,$4.99,,,
073893962052,NUTRI SOUR pv ck stew 12.5oz,Dog&Cat Food,$3.19,,,
073893962083,NUTRI SOUR pv beef stew 12.5oz,Dog&Cat Food,$3.19,,,
073893962076,NUTRI SOUR pv turkey stew 12.5oz,Dog&Cat Food,$3.19,,,
073893962045,NUTRI SOUR pv beef entre 12.5oz,Dog&Cat Food,$2.89,,,
785184105177,RED BARN wh fish stew 12oz,Dog&Cat Food,$3.69,,,
785184105191,RED BARN lamb stew 12oz,Dog&Cat Food,$3.69,,,
785184105207,RED BARN beef stew 12oz,Dog&Cat Food,$3.69,,,
785184105092,RED BARN turky stew 12oz,Dog&Cat Food,$3.69,,,
785184105160,RED BARN ck stew 12oz,Dog&Cat Food,$3.69,,,
038100190550,PRO PLAN sen lg br pup sal 24#,Dog&Cat Food,$76.99,,,
038100100993,PRO PLAN lg br salm 34#,Dog&Cat Food,$99.99,,,
038100189745,PRO PLAN sen turk 16#,Dog&Cat Food,$48.99,,,
038100101297,PRO PLAN shred sal 15#,Dog&Cat Food,$38.99,,,
073893430063,NUTR SOUR seafood 26#,Dog&Cat Food,$62.99,,,
810120991320,HEALTH EXTEN gen cook duck 9oz,Dog&Cat Food,$4.89,,,
810120990620,HEALTH EXTEN gen cook beef 9oz,Dog&Cat Food,$4.89,,,
810120990613,HEALTH EXTEN gen cook ck 9oz,Dog&Cat Food,$4.89,,,
810120990637,HEALTH EXTEN gen cook lam 9oz,Dog&Cat Food,$4.89,,,
810120990002,HEALTH EXTEN dig sup 9oz,Dog&Cat Food,$3.10,,,
642863117695,Greenies sm top duck 2oz,Dog&Cat Food,$2.79,,,
642863117718,Greenies sm top beef 2oz,Dog&Cat Food,$2.99,,,
642863117671,GREENIES sm top ck 2oz,Dog&Cat Food,$2.79,,,
642863117732,GREENIUES sm to ck & beef 2oz,Dog&Cat Food,$2.79,,,
642863117657,GREENIES sm top ck & gr bean 2oz,Dog&Cat Food,$2.99,,,
642863117824,"GREENIES ck,duck 8/2oz",Dog&Cat Food,$22.99,,,
076344090373,"WELLNESS pt ent ck,gr be 3oz",Dog&Cat Food,$2.39,,,
076344090335,WELLNESS pt ent roast ck 3oz,Dog&Cat Food,$2.39,,,
076344090359,WELLNESS pt en beef 3oz,Dog&Cat Food,$2.39,,,
079105117838,NUTRO cut grav beef 3.5oz,Dog&Cat Food,$2.19,,,
079105117814,NUTRO cut grav ck 3.5oz,Dog&Cat Food,$2.20,,,
810120991030,HEALTH EXTEN shin coat 3.5oz,Dog&Cat Food,$2.49,,,
810120991023,HEALTH EXTEN vitality 3.5oz,Dog&Cat Food,$2.49,,,
076344017554,WELLN lam stew 12.5oz,Dog&Cat Food,$4.19,,,
076344017158,WELLN beef stew 12.5oz,Dog&Cat Food,$4.19,,,
076344894506,WELLN 95% beef 13.2oz,Dog&Cat Food,$4.39,,,
723633065559,NAT BAL plant 13oz,Dog&Cat Food,$3.09,,,
723633001540,NAT BAL duck 13.2oz,Dog&Cat Food,$3.79,,,
723633001564,NAT BAL salmon 13oz,Dog&Cat Food,$3.39,,,
030111425256,ROYAL CAN start 5.1oz,Dog&Cat Food,$3.69,,,
030111420152,ROYAL CAN 5.2oz,Dog&Cat Food,$3.29,,,
030111420558,ROYAL CAN pup 13.5oz,Dog&Cat Food,$4.89,,,
030111420657,ROYAL CAN adult 13.5oz,Dog&Cat Food,$4.79,,,
019014013326,IAMS pup 13oz,Dog&Cat Food,$2.39,,,
052742018126,SD pup ck stew 3.5oz,Dog&Cat Food,$2.79,,,
052742018140,SD ck stew 3.5oz,Dog&Cat Food,$2.79,,,
052742018164,SD beef stew 3.5oz,Dog&Cat Food,$2.79,,,
052742018188,SD 7+ ck stew,Dog&Cat Food,$2.79,,,
052742060347,SD pup beef 5.8oz,Dog&Cat Food,$2.49,,,
052742496702,SD ck 5.8oz,Dog&Cat Food,$2.49,,,
052742496603,SD beef 5.8oz,Dog&Cat Food,$2.49,,,
052742068749,SD perf dig ck 5.8oz,Dog&Cat Food,$2.49,,,
052742496801,SD 7+ beef 5.8oz,Dog&Cat Food,$2.49,,,
052742060217,SD pup stew ck 12.5oz,Dog&Cat Food,$3.59,,,
052742143002,SD ck stew 12.8oz,Dog&Cat Food,$3.59,,,
052742143101,SD beef stew 12.8oz,Dog&Cat Food,$3.59,,,
052742143309,SD ck 7+ stew 12.8oz,Dog&Cat Food,$3.59,,,
052742143408,SD beef 7+ 12.8oz,Dog&Cat Food,$3.59,,,
052742007236,SD heal cuis ck 12.5oz,Dog&Cat Food,$3.99,,,
052742007212,SD heal cuis 7+ ck 12.5oz,Dog&Cat Food,$3.99,,,
052742007250,SD heal cuis beef 12.5oz,Dog&Cat Food,$3.99,,,
052742007274,SD heal cuis 7+ beef 12.5oz,Dog&Cat Food,$3.99,,,
052742304090,SD sensi ck 12.8oz,Dog&Cat Food,$3.99,,,
052742021041,SD sensi turk stew 12.5oz,Dog&Cat Food,$3.99,,,
052742069487,SD sensi pup sal 12.5oz,Dog&Cat Food,$3.99,,,
052742068510,SD perf dig ck 12.8oz,Dog&Cat Food,$3.89,,,
052742041445,SD perf dig ck stew 12.8oz,Dog&Cat Food,$3.89,,,
052742011899,SD vita ck stew 12.5oz,Dog&Cat Food,$3.99,,,
052742705705,SD 7+ turk 13oz,Dog&Cat Food,$3.59,,,
052742705606,SD 7+ beef 13oz,Dog&Cat Food,$3.59,,,
052742705507,SD 7+ ck 13oz,Dog&Cat Food,$3.59,,,
052742069814,SD perf weight sal stew 12.5oz,Dog&Cat Food,$3.99,,,
052742297507,SD perf weight ck 12.5oz,Dog&Cat Food,$3.99,,,
052742002019,SD perf weight ck stew 12.5oz,Dog&Cat Food,$3.99,,,
052742068671,SD salm 13oz,Dog&Cat Food,$3.59,,,
052742704005,SD ck & beef 13oz,Dog&Cat Food,$3.59,,,
052742703909,SD beef 13oz,Dog&Cat Food,$3.59,,,
052742703701,SD ck 13oz,Dog&Cat Food,$3.59,,,
052742703602,SD pup 13oz,Dog&Cat Food,$3.59,,,
840243105199,BL BUF ck stew 12.5oz,Dog&Cat Food,$4.59,,,
840243105533,BL BUF hunters stew 12.5oz,Dog&Cat Food,$4.39,,,
840243105212,BL BUF beef stew,Dog&Cat Food,$4.59,,,
840243105540,BL BUF bac yard bbq 12.5oz,Dog&Cat Food,$4.39,,,
859610006854,BL BUF sun din 12.5oz,Dog&Cat Food,$4.39,,,
840243101238,BL BUF wild pup 12.5oz,Dog&Cat Food,$4.19,,,
840243104857,BL BUF wild turk 12.5oz,Dog&Cat Food,$3.99,,,
8741702101245,BL BUF wild sen 12.5oz,Dog&Cat Food,$4.59,,,
859610005888,BL BUF wild b&ck 12.5oz,Dog&Cat Food,$4.19,,,
840243104864,BL BUF wild duck 12.5oz,Dog&Cat Food,$4.19,,,
840243101252,BL BUF wild he wei 12.5oz ,Dog&Cat Food,$4.19,,,
859610005901,BL BUF basic turk 12.5oz,Dog&Cat Food,$4.39,,,
840243103799,BL BUF basic lamb 12.5oz,Dog&Cat Food,$4.19,,,
859610006878,BL BUF free pup 12.5oz,Dog&Cat Food,$3.59,,,
840243102938,BL BUF free lamb 12.5oz,Dog&Cat Food,$3.59,,,
840243100170,BL BUF heal weigh 12.5oz,Dog&Cat Food,$3.99,,,
859610007479,BL BUF sen 12.5oz,Dog&Cat Food,$4.39,,,
840243104956,BL BUF beef 12.5oz,Dog&Cat Food,$4.39,,,
859610000951,BL BUF fish 12.5oz,Dog&Cat Food,$4.09,,,
840243104949,BL BUF lamb 12.5oz,Dog&Cat Food,$3.69,,,
052742068534,SD ck stew 12.5oz,Dog&Cat Food,$3.99,,,
840243104963,BL BUF 12.5oz,Dog&Cat Food,$4.39,,,
840243104932,BL BUF ck 12.5 oz,Dog&Cat Food,$4.39,,,
840243105731,BL BUF pup 12.5oz,Dog&Cat Food,$3.99,,,
840243120475,BL BUF delight gr ck 3.5oz,Dog&Cat Food,$2.19,,,
840243120352,BL BUF delight fil mig 3.5oz,Dog&Cat Food,$2.09,,,
840243120413,BL BUF delight ro ck 3.5oz,Dog&Cat Food,$2.29,,,
751486000694,EUK be & veg 12.5oz,Dog&Cat Food,$3.49,,,
751486000717,EUK ck & be 12.5 oz,Dog&Cat Food,$3.49,,,
751486000748,EUK lamb 13.2oz,Dog&Cat Food,$3.29,,,
640461012138,CANID lamb 13oz,Dog&Cat Food,$3.09,,,
640461010134,CAND multi 13oz,Dog&Cat Food,$2.89,,,
640461011131,CAND ck 13oz,Dog&Cat Food,$2.79,,,
038100143655,PRO PLAN beef 5.5oz,Dog&Cat Food,$1.79,,,
038100139412,PRO PLAN pup 5.5oz,Dog&Cat Food,$1.89,,,
038100026712,PRO PLAN pup 13oz,Dog&Cat Food,$2.69,,,
038100181787,PRO PLAN pup turk 13oz,Dog&Cat Food,$2.69,,,
038100026774,PRO PLAN lg br beef 13oz,Dog&Cat Food,$2.89,,,
038100026781,PRO PLAN lg br 13oz,Dog&Cat Food,$2.89,,,
038100026743,PRO PLAN ck & ri 13oz,Dog&Cat Food,$2.69,,,
038100196156,PRO PLAN sensi 13oz,Dog&Cat Food,$3.29,,,
038100026736,PRO PLAN beef & ri 13oz,Dog&Cat Food,$2.69,,,
038100153364,PRO PLAN ck & car 13oz,Dog&Cat Food,$2.69,,,
038100026859,PRO PLAN 7+ beef & ri 13oz,Dog&Cat Food,$2.89,,,
038100153388,PRO PLAN turk & sw po 13oz,Dog&Cat Food,$2.69,,,
038100181633,PRO PLAN beef & sal 13oz,Dog&Cat Food,$2.69,,,
038100026750,PRO PLAN lam & veg 13oz,Dog&Cat Food,$2.69,,,
038100026767,PRO PLAN turk & veg 13oz,Dog&Cat Food,$2.69,,,
038100108005,PRO PLAN beef & veg 13oz,Dog&Cat Food,$2.69,,,
038100107978,PRO PLAN ck & veg 13oz,Dog&Cat Food,$2.69,,,
888641131006,ZIGN trout & salm 4#,Dog&Cat Food,$15.99,,,
888641131013,ZIGN trout & salm 12.5#,Dog&Cat Food,$39.99,,,
888641131020,ZIGN trout & salm 25#,Dog&Cat Food,$67.99,,,
888641135561,ZIGN sele trout & salm 12.5#,Dog&Cat Food,$40.99,,,
888641131181,ZIGN zssen 25# ,Dog&Cat Food,$71.99,,,
888641131303,ZIGN kanga 4# ,Dog&Cat Food,$17.99,,,
888641131310,ZIGN kanga 12.5#,Dog&Cat Food,$45.99,,,
888641131327,ZIGN kanga 25#,Dog&Cat Food,$79.99,,,
888641131044,ZIGN lamb 4#,Dog&Cat Food,$16.99,,,
888641131051,ZIGN lamb 12.5#,Dog&Cat Food,$42.99,,,
888641131068,ZIGN lamb 25#,Dog&Cat Food,$79.99,,,
888641131488,ZIGN salm 4#,Dog&Cat Food,$15.99,,,
888641131495,ZIGN salm 12.5#,Dog&Cat Food,$39.99,,,
888641131846,ZIGN turk 4#,Dog&Cat Food,$38.99,,,
888641131105,ZIGN turk 25#,Dog&Cat Food,$64.99,,,
858755000123,HEALTH EXTEN buf 4#,Dog&Cat Food,$27.99,,,
784672107846,HEALTH EXTEN lil buff 10#,Dog&Cat Food,$48.99,,,
858755000130,HEALTH EXTEN buf 10#,Dog&Cat Food,$48.99,,,
017800150187,CAT CHOW ind 3.15#,Dog&Cat Food,$8.99,,,
017800150149,CAT CHOW 3.15#,Dog&Cat Food,$8.99,,,
017800150200,KITTEN CHOW 3.15#,Dog&Cat Food,$8.99,,,
037424191366,PRO PLAN live clear 5.5#,Dog&Cat Food,$41.99,,,
038100131348,PRO PLAN cat ck & ri 3.5#,Dog&Cat Food,$16.99,,,
038100131546,PRO PLAN cat ck & ri 16#,Dog&Cat Food,$51.99,,,
074198608775,DIAM kitten 6#,Dog&Cat Food,$10.99,,,
074198608126,DIAM indoor 6#,Dog&Cat Food,$13.99,,,
074198004065,DIAM cat maint 6#,Dog&Cat Food,$8.99,,,
074198004201,DIAM cat maint 20#,Dog&Cat Food,$22.99,,,
017800106252,KITTEN CHOW 14#,Dog&Cat Food,$29.99,,,
017800184991,CAT CHOW ind 15#,Dog&Cat Food,$28.99,,,
017800184953,CAT CHOW 15#,Dog&Cat Food,$30.99,,,
840199690039,VIT ESSEN cat ck min nib 12oz,Dog&Cat Food,$29.99,,,
810120991016,HEALTH EXTEN healthy belly 3.5oz,Dog&Cat Food,$2.49,,,
810120991016,HEALTH EXTEN mobility 3.5oz,Dog&Cat Food,$2.49,,,
052742496900,SD 7+ sm min ck 5.8oz,Dog&Cat Food,$2.49,,,
840199691036,VIT ESSEN cat ck pat 8oz,Dog&Cat Food,$19.99,,,
840199690053,VIT ESSEN duck min nib 12oz,Dog&Cat Food,$36.99,,,
840199691050,VIT ESSEN duck pat 8oz,Dog&Cat Food,$24.99,,,
840199690114,VIT ESSEN turk 12oz,Dog&Cat Food,$29.99,,,
840199690077,VIT ESSEN pork min nib 12oz,Dog&Cat Food,$29.99,,,
074198611119,TOW can riv 5.5oz,Dog&Cat Food,$1.39,,,
074198611126,TOW roc mount 5.5oz,Dog&Cat Food,$1.59,,,
074198612758,DIAM cat whitefish 5.5oz,Dog&Cat Food,$1.39,,,
074198612765,DIAM cat ck 5.5oz,Dog&Cat Food,$1.29,,,
073893022213,TUFFY'S cat ck&tun 5.5oz,Dog&Cat Food,$1.19,,,
073893069126,NUTRI SOUR cat clas cat 5.5oz,Dog&Cat Food,$2.49,,,
073893020202,"NUTRI SOUR cat ck,tu&lam 5.5oz",Dog&Cat Food,$1.79,,,
073893022015,NUTRI SOUR cat count sele 5.5oz,Dog&Cat Food,$1.89,,,
073893022077,NUTRI SOUR cat turk sele 5.5oz,Dog&Cat Food,$1.89,,,
073893020158,NUTRI SOUR cat ck 5.5oz,Dog&Cat Food,$1.79,,,
038100026903,PRO PLAN kitten ck 3oz,Dog&Cat Food,$1.89,,,
038100026965,PRO PLAN cat ck 3oz,Dog&Cat Food,$1.69,,,
038100111975,PRO PLAN cat tuna 3oz,Dog&Cat Food,$1.69,,,
038100026972,PRO PLAN cat salm 3oz,Dog&Cat Food,$1.69,,,
038100170316,PRO PLAN cat tun & shri 3oz,Dog&Cat Food,$1.59,,,
038100170330,PRO PLAN cat sal & shri 3oz,Dog&Cat Food,$1.69,,,
038100173409,PRO PLAN cat urin beef 3oz,Dog&Cat Food,$1.89,,,
038100175755,PRO PLAN cat urin sal 3oz,Dog&Cat Food,$1.89,,,
038100173379,P{RO PLAN cat urin turk 3oz,Dog&Cat Food,$1.89,,,
038100027030,PRO PLAN cat urin ck 3oz,Dog&Cat Food,$1.99,,,
064992719340,ORIJEN cat orig 3oz,Dog&Cat Food,$2.19,,,
064992719388,ORIJEN cat du&ck 3oz,Dog&Cat Food,$2.19,,,
072705133420,FROM kitten 3oz,Dog&Cat Food,$1.49,,,
072705133307,FROM cat adult 3oz,Dog&Cat Food,$1.39,,,
072705112722,FROM cat sal&tun 3oz,Dog&Cat Food,$1.69,,,
072705113446,FROM pur sni du stew 3oz,Dog&Cat Food,$2.29,,,
072705113408,FROM pur sni du liv 3oz,Dog&Cat Food,$2.29,,,
072705113484,FROM pur sni shred ck,Dog&Cat Food,$2.29,,,
052742012490,SD cat hair ck 2.9oz,Dog&Cat Food,$1.99,,,
052742177007,SD cat tend ck 5.5oz,Dog&Cat Food,$2.49,,,
052742453408,SD cat ck 5.5oz,Dog&Cat Food,$2.49,,,
052742453804,SD cat turk 5.5oz,Dog&Cat Food,$2.49,,,
052742068411,SD cat sen duck 2.9oz,Dog&Cat Food,$1.99,,,
052742010243,SD cat sen ck 2.9oz,Dog&Cat Food,$1.99,,,
052742014135,SD cat per weig 2.9oz,Dog&Cat Food,$2.19,,,
052742041605,SD cat per dig ck 2.9oz,Dog&Cat Food,$2.29,,,
052742007090,SD cat heal cuis tuna 2.9oz,Dog&Cat Food,$1.99,,,
052742069463,SD kitten sen sal 2.9oz,Dog&Cat Food,$1.79,,,
052742617404,SD kitten turk 5.5oz,Dog&Cat Food,$2.49,,,
052742660004,SD kitten liv & ck 5.5oz,Dog&Cat Food,$2.49,,,
052742012650,SD kitten liv & ck 2.9oz,Dog&Cat Food,$1.89,,,
052742007175,SD kitten heal cuis 2.8oz,Dog&Cat Food,$1.99,,,
073893280125,"NUTRI SOUR cat ck,salm 4#",Dog&Cat Food,$15.99,,,
073893280095,"NUTRI SOUR cat ck,salm 12#",Dog&Cat Food,$40.99,,,
073893280033,NUTRI SOUR cat ck 4#,Dog&Cat Food,$16.99,,,
073893280217,NUTRI SOUR cat ck 12#,Dog&Cat Food,$39.99,,,
073893280071,NUTRI SOUR cat weight 4#,Dog&Cat Food,$16.99,,,
073893300175,NUTRI SOUR cat clasi catch 4#,Dog&Cat Food,$27.99,,,
072705115808,FROMM kitten 4#,Dog&Cat Food,$17.99,,,
072705115839,FROMM kitten 10#,Dog&Cat Food,$38.99,,,
072705115600,FROMM cat adult 4#,Dog&Cat Food,$15.99,,,
072705115631,FROMM cat adult 10#,Dog&Cat Food,$34.99,,,
072705115907,FROMM cat weight 4#,Dog&Cat Food,$17.99,,,
072705115938,FROMM cat weight 10#,Dog&Cat Food,$38.99,,,
072705117307,FROMM cat has duck 4#,Dog&Cat Food,$19.99,,,
072705117338,FROMM cat has duck 10#,Dog&Cat Food,$38.99,,,
072705117208,FROMM cat beef livin 4#,Dog&Cat Food,$19.99,,,
072705117239,FROMM beef livin 10#,Dog&Cat Food,$38.99,,,
072705117000,FROMM cat game 4#,Dog&Cat Food,$19.99,,,
072705117031,FROMM cat game 10#,Dog&Cat Food,$38.99,,,
072705116904,FROMM cat surf 4#,Dog&Cat Food,$19.99,,,
072705116706,FROMM cat saslm 4#,Dog&Cat Food,$18.99,,,
072705116638,FROMM cat duck veg 10#,Dog&Cat Food,$36.99,,,
072705137459,FROMM pu sni salm 6oz,Dog&Cat Food,$3.99,,,
072705137053,FROMM pur sni co 6oz,Dog&Cat Food,$3.99,,,
072705137251,FROMM pur sni game 6oz,Dog&Cat Food,$3.99,,,
072705137008,FROMM pur sni ck 4#,Dog&Cat Food,$25.99,,,
072705137039,FROMM pur sni ck 10#,Dog&Cat Food,$47.99,,,
072705137206,FROMM pur sni game 4#,Dog&Cat Food,$25.99,,,
072705137237,FROMM pur sni game 10#,Dog&Cat Food,$47.99,,,
072705137404,FROMM pur sni salm 4#,Dog&Cat Food,$25.99,,,
072705137435,FROMM pur sni 10#,Dog&Cat Food,$47.99,,,
064992726386,ORIJEN wi re kitten 3.5#,Dog&Cat Food,$27.99,,,
064992716646,ORIJEN kitten 4#,Dog&Cat Food,$27.99,,,
064992718527,ORIJEN cat guard 4#,Dog&Cat Food,$30.99,,,
064992202408,ORIJEN reg red 4#,Dog&Cat Food,$35.99,,,
064992203405,ORIJEN cat six 4#,Dog&Cat Food,$30.99,,,
064992723941,ACANA cat ind herring 4#,Dog&Cat Food,$18.99,,,
052742712307,SD kitten 3.5#,Dog&Cat Food,$22.99,,,
052742939100,SD kitten 7#,Dog&Cat Food,$34.99,,,
052742060163,SD kitten fish 7#,Dog&Cat Food,$35.99,,,
052742068633,SD cat salm 3.5#,Dog&Cat Food,$22.99,,,
052742710402,SD cat 7+ 4#,Dog&Cat Food,$22.99,,,
052742146201,SD cat 11+ 3.5#,Dog&Cat Food,$22.99,,,
052742679709,SD cat 4#,Dog&Cat Food,$21.99,,,
052742204505,SD cat 7#,Dog&Cat Food,$36.99,,,
052742068640,SD cat salm 7#,Dog&Cat Food,$37.99,,,
052742671109,SD cat light 4#,Dog&Cat Food,$22.99,,,
052742204703,SD cat light 7#,Dog&Cat Food,$36.99,,,
052742006437,SD cat 16#,Dog&Cat Food,$58.99,,,
052742068657,SD cast salm 15#,Dog&Cat Food,$59.99,,,
052742006444,SD cat light 16#,Dog&Cat Food,$59.99,,,
052742146409,SD cat 11+ 15#,Dog&Cat Food,$59.99,,,
052742713106,SD indo kitten 3.5#,Dog&Cat Food,$22.99,,,
052742553207,SD cat indo 3.5#,Dog&Cat Food,$22.99,,,
052742715605,SD cat hairba 3.5#,Dog&Cat Food,$24.99,,,
052742888101,SD cat hairba 7#,Dog&Cat Food,$38.99,,,
052742002156,SD cat urina 3.5#,Dog&Cat Food,$25.99,,,
052742852300,SD sen sto 3.5#,Dog&Cat Food,$24.99,,,
052742069432,SD kitten sen sto 3.5#,Dog&Cat Food,$24.99,,,
052742038315,SD cat per dig ck3.5#,Dog&Cat Food,$25.99,,,
052742041544,SD cat per dig salm 3.5#,Dog&Cat Food,$25.99,,,
052742888408,SD cat sen sto 7#,Dog&Cat Food,$38.99,,,
052742002170,SD cat urin 7#,Dog&Cat Food,$39.99,,,
052742887500,SD cat hairba 15.5#,Dog&Cat Food,$58.99,,,
052742887906,SD cat indo 7#,Dog&Cat Food,$34.99,,,
052742937809,SD kitten indo 7#,Dog&Cat Food,$34.99,,,
052742146300,SD cat 11+ 7#,Dog&Cat Food,$36.99,,,
052742204802,SD cat 7+ 7#,Dog&Cat Food,$36.99,,,
052742006451,SD cat 7+ 16#,Dog&Cat Food,$59.99,,,
052742644608,SD cat indo 7+ 3.5#,Dog&Cat Food,$21.99,,,
052742888002,SD cat indo 7+ 7#,Dog&Cat Food,$36.99,,,
052742753300,SD cat hairba 7+ 3.5#,Dog&Cat Food,$24.99,,,
052742888309,SD cat hairba 7+ 7#,Dog&Cat Food,$38.99,,,
052742888200,SD cat hairba light 7#,Dog&Cat Food,$38.99,,,
052742887807,SD cat sen sto 15.5#,Dog&Cat Food,$59.99,,,
052742002194,SD cat urin 15.5#,Dog&Cat Food,$61.99,,,
052742887609,SD cat hairba light 15.5#,Dog&Cat Food,$59.99,,,
052742887708,SD cat hairba 7+ 15.5#,Dog&Cat Food,$59.99,,,
052742887401,SD cat indo 7+ 15.5#,Dog&Cat Food,$56.99,,,
052742887302,SD cat indo 15.5#,Dog&Cat Food,$56.99,,,
052742297002,SD cat per weight 15#,Dog&Cat Food,$60.99,,,
034846600803,SPORTMIX cat  orig 15#,Dog&Cat Food,$18.99,,,
034846600964,SPORTMIX cat fish 12#,Dog&Cat Food,$19.99,,,
034846600940,SPORTMIX cat gourmet 15#,Dog&Cat Food,$16.99,,,
019014805112,IAMS cat sen 6#,Dog&Cat Food,$25.99,,,
019014712571,IAMS cat ck 7#,Dog&Cat Food,$25.99,,,
019014712496,IAMS kitten 3.5#,Dog&Cat Food,$13.99,,,
810138351154,FUSSIE cat salm 10#,Dog&Cat Food,$34.99,,,
810138351147,Fussie cat salm 3.5#,Dog&Cat Food,$16.99,,,
854524005832,VICTOR cat hi pro 5#,Dog&Cat Food,$13.99,,,
074198614103,TOW cat lowla 14#,Dog&Cat Food,$38.99,,,
074198614097,TOW cat lowla 5#,Dog&Cat Food,$14.99,,,
074198614035,TOW cat can riv 14#,Dog&Cat Food,$38.99,,,
074198611027,TOW cat can riv 5#,Dog&Cat Food,$14.99,,,
074198614028,TOW roc moun 14#,Dog&Cat Food,$37.99,,,
074198609666,TOW roc moun 5#,Dog&Cat Food,$14.99,,,
840243104901,BLUE BUF cat wild ck 6#,Dog&Cat Food,$37.99,,,
859610000647,BLUE BUF kitten 7#,Dog&Cat Food,$38.99,,,
859610000210,BLUE BUF cat mature 7#,Dog&Cat Food,$37.99,,,
859610006007,BLUE BUF cat sen 7#,Dog&Cat Food,$37.99,,,
859610000869,BLUE BUF cat indo 7#,Dog&Cat Food,$37.99,,,
022517447161,CATIT crab 2.8oz,Dog&Cat Food,$1.79,,,
022517447147,CATIT wh fish 2.8oz,Dog&Cat Food,$1.79,,,
888641133918,"FUSSIE CAT tuna, ocean 2.47oz",Dog&Cat Food,$1.19,,,
888641133925,"FUSSIE CAT tuna,shrimp 2.47oz",Dog&Cat Food,$1.19,,,
888641133901,"FUSSIE CAT tuna,anch 2.47oz",Dog&Cat Food,$1.19,,,
888641133895,"FUSSIE CAT tuna, salm 2.47oz",Dog&Cat Food,$1.19,,,
888641130535,FUSSIE CAT tuna ocean 2.82oz,Dog&Cat Food,$1.79,,,
888641133123,"FUSSIE CAT tuna ,smo tuna 2.82oz",Dog&Cat Food,$1.79,,,
888641130573,"FUSSIE CAT tuna,mussel 2.82oz",Dog&Cat Food,$1.79,,,
888641133116,FUSSIE CAT tuna 2.82oz,Dog&Cat Food,$1.79,,,
888641130542,"FUSSIE CAT tuna,salm 2.82oz",Dog&Cat Food,$1.79,,,
888641133000,"FUSSIE CAT tuna, clams 2.82oz",Dog&Cat Food,$1.79,,,
888641130559,"FUSSIE CAT tuna,ancho 2.82oz",Dog&Cat Food,$1.79,,,
888641133499,"FUSSIE CAT tuna,sal goat gr 2.47oz",Dog&Cat Food,$1.79,,,
888641133567,"FUSSIE CAT tuna,oce goat gr 2.47oz",Dog&Cat Food,$1.69,,,
034846715132,EARTH cat harbor 3oz,Dog&Cat Food,$1.49,,,
878408007057,BFF cat tuna.tilapia 3oz,Dog&Cat Food,$1.39,,,
813778016070,"BFF tuna,ck 3oz",Dog&Cat Food,$1.39,,,
813778016063,"BFF tuna,salm 3oz",Dog&Cat Food,$1.39,,,
052742075556,SD cat urin ck stew 2.9oz,Dog&Cat Food,$1.99,,,
052742075853,SD cat urin tuna stew,Dog&Cat Food,$1.99,,,
052742075891,SD cat urin salm stew 2.9oz,Dog&Cat Food,$1.99,,,
052742075839,SD kitten ck stew 2.8oz,Dog&Cat Food,$1.99,,,
052742075815,SD cat in do salm stew 2.8oz,Dog&Cat Food,$1.99,,,
052742076553,SD cat sen kitten salm stew 2.8oz,Dog&Cat Food,$1.99,,,
030111410184,ROYAL CAN kitten 3oz,Dog&Cat Food,$2.79,,,
030111442192,"ROYAL CAN moth,baby 3oz",Dog&Cat Food,$2.79,,,
030111410658,"ROYAL CAN moth,baby 5.1oz",Dog&Cat Food,$3.79,,,
810100850937,"DASHI cat ck, botia",Dog&Cat Food,$1.09,,,
810100850814,"DASHI cat ck, tuna 2.5oz",Dog&Cat Food,$1.09,,,
810100850951,"DASHI cat ck, salm 2.5oz",Dog&Cat Food,$1.09,,,
810100850852,"DASI cat ck,tuna,scall 2.5oz",Dog&Cat Food,$1.09,,,
810100850890,"DASHI cat ck, scall 2.5oz",Dog&Cat Food,$1.09,,,
840243140626,BLUE BUF ck grav 3oz,Dog&Cat Food,$1.69,,,
840243140664,"BLUE BUF 3oz fish,shrimp 3oz",Dog&Cat Food,$1.69,,,
840243140541,BLUE BUF kitten 3oz,Dog&Cat Food,$1.69,,,
840243140701,BLUE BUF cat ck morsels,Dog&Cat Food,$2.29,,,
840243140589,"BLUE BUF cat ocean,tuna 5.5oz",Dog&Cat Food,$1.99,,,
840243140565,"Blue buf cat turk,ck 5.5oz",Dog&Cat Food,$2.09,,,
840243140602,BLUE BUF cat salm pate 5.5oz,Dog&Cat Food,$2.09,,,
840243140671,"BLUE BUF fish,shrim 5.5oz",Dog&Cat Food,$2.09,,,
840243140657,BLUE BUF tuna grav 5.5oz,Dog&Cat Food,$2.09,,,
840243140633,BLUE BUF cat ck grav 5.5oz,Dog&Cat Food,$2.09,,,
840243105625,BLUE BUF cat wild duck 3oz,Dog&Cat Food,$2.19,,,
840243104987,BLUE BUF cat wild ck 3oz,Dog&Cat Food,$2.19,,,
859610007684,BLUE BUF cat wild turkey 5.5oz,Dog&Cat Food,$2.29,,,
859610007660,BLUE BUF cat wild salm 5.5ozx,Dog&Cat Food,$1.89,,,
851893001731,FRESHPET turky 2lb,Dog&Cat Food,$13.99,,,
851893001823,"FRESHPET beef,bis 1#",Dog&Cat Food,$8.99,,,
851893001748,"FRESHPET beef,bis 2#",Dog&Cat Food,$14.99,,,
627975012717,FRESHPET sm br multi prot 1#,Dog&Cat Food,$8.99,,,
627975012724,"FRESHPET sm br ck,tur 1#",Dog&Cat Food,$8.99,,,
627975012090,FRESHPET sm br ck1#,Dog&Cat Food,$9.99,,,
627975013318,"FRESHPET sm br ck,turk,lam 1#",Dog&Cat Food,$10.99,,,
627975012106,FRESHPET gr fr ck 1#,Dog&Cat Food,$9.99,,,
627975011963,FRESHPET beef 1.5#,Dog&Cat Food,$9.99,,,
851893001366,FRESHPET ck 1#,Dog&Cat Food,$4.99,,,
627975012885,FRESHPET gr fr ck 2#,Dog&Cat Food,$8.99,,,
851893001069,"FRESHPET ck,ri 6#",Dog&Cat Food,$18.99,,,
627975012014,FRESHPET beef 6 3,Dog&Cat Food,$24.99,,,
851893001014,"FRESHPET ck,ri 2#",Dog&Cat Food,$8.99,,,
627975011949,FRESHPET vital cuts 1.5#,Dog&Cat Food,$14.99,,,
627975010089,"FRESHPET vit gr fr ck,be,sal 1.75#",Dog&Cat Food,$14.99,,,
627975010416,"FRESHPET vit gr fr ck,be,sal 5.5#",Dog&Cat Food,$37.99,,,
627975011246,"FRESHPET vit gr fr beef,lam 5.5#",Dog&Cat Food,$37.99,,,
850334004003,PRIMAL fro beef nug 3#,Dog&Cat Food,$22.99,,,
850334004065,PRIMAL fr rab nug 3#,Dog&Cat Food,$46.99,,,
850334004263,PRIMAL fro nug pork 3#,Dog&Cat Food,$22.99,,,
850334004072,"PRIMAL fro nug tuk,sard 3#",Dog&Cat Food,$22.99,,,
",850334004010",PRIMAL fro nug ck 3#,Dog&Cat Food,$22.99,,,
850334004089,PRIMAL fro nug ven 3#,Dog&Cat Food,$38.99,,,
850334004034,PRIMAL fro nug lamb 3#,Dog&Cat Food,$21.99,,,
850334004430,PRIMAL fro pron ck 4#,Dog&Cat Food,$34.99,,,
850334004454,PRIMAL fro pron lamb 4#,Dog&Cat Food,$34.99,,,
850334004423,PRIMAL fro pront beef 4#,Dog&Cat Food,$28.99,,,
850334004461,"PRIMAL fro pron turk,sard 4#",Dog&Cat Food,$30.99,,,
850016300973,PRIMAL fro pup pron 4#,Dog&Cat Food,$34.99,,,
850334004768,PRIMAL fro pron beef 3/4#,Dog&Cat Food,$5.99,,,
850334004775,PRIMAL fro pron ck 3/4#,Dog&Cat Food,$5.99,,,
850334004645,PRIMAL goat milk 16oz,Dog&Cat Food,$9.99,,,
850334004638,PRIMAL goat milk 32oz,Dog&Cat Food,$15.99,,,
850016300454,PRIMAL goat milk cran 32oz,Dog&Cat Food,$15.99,,,
854496006325,PRIMAL broth beef,Dog&Cat Food,$11.99,,,
854496006349,PRIMAL broth pork,Dog&Cat Food,$11.99,,,
857496004032,PRIMAL broth ck,Dog&Cat Food,$11.99,,,
854496006356,PRIMAL broth turkey,Dog&Cat Food,$11.99,,,
895135000175,PRIMAL beef bone 6pk,Dog&Cat Food,$19.99,,,
850334004522,PRIMAL beef bone lg,Dog&Cat Food,$9.99,,,
850334004515,PRIMAL beef bone md,Dog&Cat Food,$5.99,,,
850334004508,PRIMAL beef bone sm,Dog&Cat Food,$3.99,,,
840199697038,VITAL ESSEN cat fro tur 28oz,Dog&Cat Food,$15.99,,,
840199697014,VITAL ESSEN cat duck 28oz,Dog&Cat Food,$18.99,,,
042055308403,HIKARI froz krill 16oz,Fish,$16.99,,,
042055324403,HIKARI froz brine shrimp 16oz,Fish,$12.99,,,
042055302401,HIKARI froz blood worm 16oz,Fish,$15.99,,,
000945880453,SAN FRANCI cich delight 3.5oz,Fish,$8.99,,,
000945540852,SAN FRANCI beef heart 3.5oz,Fish,$7.99,,,
042055307208,HIKARI froz krill 3.5oz,Fish,$6.99,,,
042055329200,HIKARI froz tubifex worm 3.5oz,Fish,$6.99,,,
042055325509,"HIKARI froz spiru,mysis 3.5oz",Fish,$6.99,,,
042055309202,HIKARI froz mysis 3.5oz,Fish,$4.99,,,
042055302456,HIKARI froz jum blood worm 3.5oz,Fish,$7.99,,,
042055301206,HIKARI froz blood worm 3.5oz,Fish,$6.99,,,
042055303200,HIKARI froz daphnia 3.5oz,Fish,$7.99,,,
042055323000,HIKARI froz baby brine shri 1.75oz,Fish,$7.99,,,
042055323208,HIKARI froz brine shrimp 3.5oz,Fish,$5.99,,,
042055325202,"HIKARI froz spiru,brine shri 3.5oz",Fish,$10.99,,,
042055325219,HIKARI froz omega brin shrim 3.5oz,Fish,$6.99,,,
042055305204,HIKARI froz ocean plankton 3.5oz,Fish,$6.99,,,
698220700192,OMEGA ONE froz blo worm 4oz,Fish,$8.99,,,
860008024114,PUP CUP bacon 13oz,Dog,$11.99,,,
850529003897,DOGO'S ice cream pumkin,Dog,$3.99,,,
850529003927,DOGO'S ice cream ched bac,Dog,$3.99,,,
850529003903,DOGO'S ice cream vanilla,Dog,$3.99,,,
042055046336,HIKARI sinking gold mini 12oz,Fish,$12.99,,,
042055047333,HIKARI sinking gold md 12oz,Fish,$12.99,,,
042055042284,HIKARI gold mini 8.8oz,Fish,$10.99,,,
042055043281,HIKARI gold md 8.8oz,Fish,$10.99,,,
042055044288,HIKARI gold lg 8.8oz,Fish,$10.99,,,
042055032285,HIKARI staple mini 8.8oz,Fish,$7.99,,,
042055033282,HIKARI staple md 8.8oz,Fish,$7.99,,,
042055034289,HIKARI staple lg 8.8oz,Fish,$7.99,,,
042055213288,HIKARI algae waf 8.8oz,Fish,$17.99,,,
042055213165,HIKARI algae waf 2.89oz,Fish,$7.99,,,
042055213073,HIKARI algae waf1.41oz,Fish,$4.99,,,
042055214032,HIKARI algae waf mini .77oz,Fish,$4.99,,,
042055222150,HIKARI vibra 2.57oz,Fish,$8.99,,,
042055222068,HIKARI vibra 1.23oz,Fish,$5.99,,,
042055273091,HIKARI crab cuisine 1.76oz,Fish,$4.99,,,
042055221023,HIKARI fancy guppy .77oz,Fish,$4.99,,,
042055215213,HIKARI sinking wafers 3.88oz,Fish,$8.99,,,
042055215107,HIKARI sinking wafers 1.76oz,Fish,$5.99,,,
042055218078,HIKARI minivore 1.41oz,Fish,$8.99,,,
042055200950,HIKARI first bites .35oz,Fish,$3.99,,,
042055194044,HIKARI shrimp cuisine .35oz,Fish,$6.99,,,
042055032117,HIKARI staple mini 2.01oz,Fish,$3.99,,,
042055033114,HIKARI staple md 2.01oz,Fish,$2.99,,,
042055042116,HIKARI gold mini 2.01oz,Fish,$4.99,,,
042055047203,HIKARI sinking md 3.5oz,Fish,$5.99,,,
042055046206,HIKARI sinking mini 3.5oz,Fish,$5.99,,,
098731096003,OCEAN NUTRITION shrimp waf .53oz,Fish,$7.99,,,
015561165877,FLUVAL bug bite pleco waf 4.6oz,Fish,$13.99,,,
015561165907,FLUVAL bug bite col enh 4.4oz,Fish,$12.99,,,
015561165815,FLUVAL chiclid md to lg 3.5oz,Fish,$10.99,,,
015905061834,AQUEON chiclid pellet md 7.5oz,Fish,$6.99,,,
015905061803,AQUEON cichlid pellet mini 4.5oz,Fish,$4.99,,,
046798784432,TETRA glofish wafer 1.58oz,Fish,$8.99,,,
046798164470,TETRA pleco wafer 2.12oz,Fish,$7.99,,,
046798770244,TETRA shrimp wafer 3oz,Fish,$7.99,,,
015561113441,FLUVAL moss ball ,Fish,$8.99,,,
046798770039,TETRA glofish flake 1.59oz,Fish,$7.99,,,
046798161219,TETRA tetramin granule 3.52oz,Fish,$9.99,,,
046798770794,TETRA color crisps 7.41oz,Fish,$28.99,,,
046798771609,TETRA tetracolor 1oz,Fish,$6.99,,,
046798771616,TETRA tetracolor 2.2oz,Fish,$10.99,,,
046798161622,TETRA tetracolor 7.06oz,Fish,$24.99,,,
046798772507,TETRA tetra color plus 2.2oz,Fish,$11.99,,,
046798772514,TETRA tetra color plus 7.06oz,Fish,$25.99,,,
046798772415,TETRA tetramin plus 1oz,Fish,$6.99,,,
046798772422,TETRA tetramin plus 2.2oz,Fish,$11.99,,,
046798772439,TETRA tetramin plus 7.06oz,Fish,$26.99,,,
046798771012,TETRA tetramin .42oz,Fish,$3.99,,,
046798771029,TETRA tetramin 1oz,Fish,$6.99,,,
046798771043,TETRA tetramin 2.2oz,Fish,$10.99,,,
046798161479,TETRA cichil flake 5.65oz,Fish,$23.99,,,
046798162469,TETRA cichlid flake 2.82oz,Fish,$14.99,,,
046798162452,TETRA cichlid flake 1.58oz,Fish,$9.99,,,
046798163503,TETRA cichlid stick 11.29oz,Fish,$23.99,,,
046798162506,TETRA cichlid stick 5.65oz,Fish,$13.99,,,
046798770886,TETRA community 3 in 1 3.25oz,Fish,$10.99,,,
046798770374,TETRA crisp select a food 2.4oz,Fish,$10.99,,,
042055332019,HIKARI blood worm .42oz,Fish,$8.99,,,
042055335027,HIKARI brine shrimp .42oz,Fish,$8.99,,,
042055331036,HIKARI tubifex worms .78oz,Fish,$8.99,,,
698220854314,OMEGA ONE cich pel sup colo 9oz,Fish,$12.99,,,
698220833319,OMEGA ONE cich pel sup col 4.2oz,Fish,$8.99,,,
097612401844,ZOO MED axalotl 11oz,Fish,$14.99,,,
097612401837,ZOO MED axalotl 2oz,Fish,$4.99,,,
015905061889,AQUEON shrimp pel 3.25oz,Fish,$4.99,,,
015905061896,AQUEON shrimp pel 6.5oz,Fish,$6.99,,,
015905061902,AQUEON trop granules 3.25oz,Fish,$4.99,,,
015905061919,AQUEON trop granules 6.5oz,Fish,$7.99,,,
015905060523,AQUEON goldfish granules 3oz,Fish,$4.99,,,
046798770794,TETRA tetrapro crisp 2.65oz,Fish,$12.99,,,
046798770763,TETRA goldfish crisp 3.03oz,Fish,$9.99,,,
046798770770,TETRA goldfish crisp 7.90,Fish,$23.99,,,
046798772460,TETRA goldfish plus 2.2oz,Fish,$8.99,,,
046798770251,TETRA goldfish .42,Fish,$2.99,,,
046798771265,TETRA goldfish 1oz,Fish,$3.99,,,
046798771272,TETRA goldfish 2.2oz,Fish,$7.99,,,
046798161400,TETRA goldfish 7.06oz,Fish,$19.99,,,
015561165839,FLUVAL goldfish sm to md 1.6oz,Fish,$6.99,,,
015561165808,FLUVAL cichlid sm to md 1.6oz,Fish,$6.99,,,
015561165860,FLUVAl bottom feed 1.6oz,Fish,$5.99,,,
015561165778,FLUVAL tropical small 1.6oz,Fish,$6.99,,,
015561165891,FLUVAL color enhancing 1.6oz,Fish,$6.99,,,
015561173384,FLUVAL bug bite goldfish .63oz,Fish,$4.99,,,
015561173612,FLUVAL bug bite algae crisp 3.52oz,Fish,$8.99,,,
015561173544,FLUVAL bug bite spirulina .63oz,Fish,$4.99,,,
015561173551,FLUVAL bug bite spirulina 1.58,Fish,$6.99,,,
015561173469,FLUVAL bug bite color enhan .63,Fish,$4.99,,,
015561173476,FLUVAL bug bite color enhan 1.58oz,Fish,$7.99,,,
015561173483,FLUVAL bug bite color enhan 3.17oz,Fish,$12.99,,,
015561173308,FLUVAL bug bite tropical .63oz,Fish,$4.99,,,
015561173315,FLUVAL bug bite tripical 1.58oz,Fish,$8.99,,,
 030172014277,PENN PLAX divider 29-55,Fish,$25.99,,,
030172014161,PENN PLAX divider 20 gallon,Fish,$21.99,,,
030172014116,PENN PLAX divider 15-20,Fish,$10.99,,,
030172014109,PENN PLAX div ider 10gallon,Fish,$16.99,,,
094036001322,PYTHON clean fill ,Fish,$12.99,,,
010838115852,LEE'S fauget adapter,Fish,$17.99,,,
094036001339,PYTHON 13 c switch part,Fish,$12.99,,,
094036013196,PYTHON squeeze,Fish,$19.99,,,
010838115807,LEE'S super pump,Fish,$18.99,,,
030172230059,PENN PLAX quick net 5 in,Fish,$3.99,,,
030172230509,PENN PLAX quick net 5l in,Fish,$4.99,,,
030172230066,PENN PLAX quick net 6 in,Fish,$4.99,,,
030172230080,PENN PLAX quick net 8 in,Fish,$6.99,,,
030172230103,PENN PLAX quick net 10 in,Fish,$9.99,,,
030172230042,PENN PLAX quick net 4 in,Fish,$2.99,,,
030172230035,PENN PLAX quick net 3 in,Fish,$2.99,,,
030172230028,PENN PLAX quick net 2 in,Fish,$2.99,,,
030172005572,PENN PLAX gravel vac 5,Fish,$15.99,,,
030172005596,PENN PLAX gravel vac 9,Fish,$17.99,,,
030172005619,PENN PLAX gravel vac 10,Fish,$17.99,,,
030172001406,PENN PLAX gravel vac 16,Fish,$32.99,,,
030172001420,PENN PLAX gravel vac 24,Fish,$39.99,,,
015905060899,AQUEON water changer 25ft,Fish,$59.99,,,
015905060905,AQUEON water changer 50ft,Fish,$99.99,,,
015905062268,"AQUEON siphon vac 5""",Fish,$9.99,,,
015905062299,"AQUEON siphon vac 9""",Fish,$12.99,,,
015905062305,"AQUEON siphon vac 10""",Fish,$18.99,,,
015905062329,"AQUEON siphon vac /bulb 10""",Fish,$20.99,,,
015561110617,"FLUVAL easy vac 10""",Fish,$24.99,,,
015561110631,"FLUVAL easy vac 24""",Fish,$36.99,,,
010838115715,LEE'S gravel vac 50ft,Fish,$153.99,,,
010838115708,LEE'S gravel vac 25ft,Fish,$124.99,,,
015561103701,FLUVAL gravel vac kit,Fish,$69.99,,,
015561148849,FLUVAL t300 heater,Fish,$56.99,,,
015561148832,FLUVAL t200 heater,Fish,$53.99,,,
015561148825,FLUVAL t150 heater,Fish,$49.99,,,
015561148818,FLUVAL t100 heater,Fish,$55.99,,,
015561148801,FLUVAL t50 heater,Fish,$49.99,,,
015561112321,MARINA 50w heater,Fish,$29.99,,,
015561112345,MARINA 150w heater,Fish,$29.99,,,
015561112352,MARINA 200w heater,Fish,$29.99,,,
015561112369,MARINA 300w heater,Fish,$29.99,,,
030172034695,PENN PLAX 100w heater,Fish,$22.99,,,
015561112178,FLUVAL suction cup,Fish,$6.99,,,
015905000697,AQUEON 5w heater,Fish,$12.99,,,
015905012300,AQUEON 7.5w heater,Fish,$14.99,,,
030172094842,PENN PLAX 25w mini heater,Fish,$16.99,,,
030172094835,PENN PLAX 10w mini heater,Fish,$19.99,,,
000116030700,SEACHEM neutral regul 7.0 1kg,Fish,$29.99,,,
000116013307,SEACHEM de nitrate 500ml,Fish,$8.99,,,
000116011303,SEACHEM matrix 500ml,Fish,$9.99,,,
000116016605,SEACHEM purgen 250ml,Fish,$22.99,,,
000116007603,SEACHEM acid regulator 8.8oz,Fish,$9.99,,,
000116023603,SEACHEM alkaline buffer 10.5oz,Fish,$10.99,,,
000116024600,SEACHEM acid buffer 10.5oz,Fish,$10.99,,,
000116026604,SEACHEM discus buffer 8.8oz,Fish,$9.99,,,
000116027601,SEACHEM cichlid lake 8.8oz,Fish,$9.99,,,
000116022606,SEACHEM brackish salt 10.6oz,Fish,$6.99,,,
000116772105,AQUAVITRO phosfiltrum 5.6oz,Fish,$36.99,,,
000116056403,SEACHEM cupramine 1.7oz,Fish,$8.99,,,
000116060608,SEACHEM paraguard 8.5oz,Fish,$12.99,,,
000116077606,SEACHEM amguarad 8.5oz,Fish,$12.99,,,
000116124102,SEACHEM pristine 8.5oz,Fish,$13.99,,,
000116052603,SEACHEM stress guard 8.5oz,Fish,$12.99,,,
000116770101,AQUAVITRO seed 11.8oz,Fish,$16.99,,,
000116012607,SEACHEM stability 8.5oz,Fish,$12.99,,,
000116012508,SEACHEM stability 3.4oz,Fish,$5.99,,,
000116014601,SEACHEM clarity 8.5oz,Fish,$11.99,,,
000116014502,SEACHEM clarity 3.4oz,Fish,$6.99,,,
000116043601,SEACHEM prime 8.5oz,Fish,$12.99,,,
000116043502,SEACHEM prime 3.4oz,Fish,$6.99,,,
000116043403,SEACHEM prime 1.7oz,Fish,$4.99,,,
000116017602,SEACHEM gartlic guard 8.5oz,Fish,$9.99,,,
000116081368,SEACHEM axolotl cond 8.5oz,Fish,$11.99,,,
000116081467,SEACHEM axolotl buffer,Fish,$8.99,,,
000116047609,SEACHEM florish iron 8.5oz,Fish,$10.99,,,
000116045605,SEACHEM flourish excel 8.5oz,Fish,$10.99,,,
000116051606,SEACHEM flourish 8.5oz,Fish,$10.99,,,
042055732543,AQUARIUM SOLUTIONS prazipro 4oz,Fish,$17.99,,,
042055732567,AQUARIUM SOLUTIONS prazipro 16oz,Fish,$49.99,,,
028023200047,WECO nox-ich ,Fish,$7.99,,,
048054394447,KORDON ich attack 4oz,Fish,$11.99,,,
080531440001,FRITZ maracyn oxy 4oz,Fish,$11.99,,,
080531440605,FRITZ maracyn oxy 16oz,Fish,$24.99,,,
080531420201,FRITZ coppersafe 4oz,Fish,$12.99,,,
317163070116,API melafix 4oz,Fish,$10.99,,,
317163080115,API melafix 8oz,Fish,$14.99,,,
317163070109,API pimafix 4oz,Fish,$10.99,,,
317163040560,API stress zyme,Fish,$8.99,,,
317163080566,API stress zyme 8oz,Fish,$13.99,,,
317163030875,API algaefix 4oz,Fish,$10.99,,,
317163040874,API algaefix 8oz,Fish,$19.99,,,
317163050873,API algaefix 16oz,Fish,$28.99,,,
080531540084,FRITZ glass cleaner,Fish,$9.99,,,
317163040454,API ammo lock 8oz,Fish,$14.99,,,
317163050453,API ammo lock 16oz,Fish,$18.99,,,
317163041116,API accu clear 4oz,Fish,$8.99,,,
317163031117,API accu clear 8oz,Fish,$11.99,,,
317163010853,API stress coat 1oz,Fish,$3.99,,,
317163030851,API stress coat 4oz,Fish,$6.99,,,
317163080856,API stress coat 8oz,Fish,$11.99,,,
317163050859,API stress coat 16oz,Fish,$16.99,,,
317163010891,API quick start 1oz,Fish,$4.99,,,
317163030899,API quick start 4oz,Fish,$11.99,,,
317163040898,API quick start 8oz,Fish,$18.99,,,
017163005520,API tap wat con 1oz,Fish,$2.99,,,
017163002529,API tap wat con 4oz,Fish,$6.99,,,
317163010525,API tap wat con 8oz,Fish,$9.99,,,
017163003526,API tap wat con 16oz,Fish,$13.99,,,
317163034231,API aqua essential 4oz,Fish,$8.99,,,
317163044230,API aqua essential 8oz,Fish,$13.99,,,
317163054239,API aqua essential 16oz,Fish,$21.99,,,
317163070338,API 5 in 1 test strip 25 test,Fish,$22.99,,,
317163040331,API ammonia test strip,Fish,$23.99,,,
317163120699,API calcium test kit,Fish,$18.99,,,
317163001288,API ph test kit,Fish,$10.99,,,
317163000182,API nitrate test kit,Fish,$18.99,,,
317163120651,API copper test kit,Fish,$16.99,,,
317163120637,API phosphate test kit,Fish,$20.99,,,
317163035771,API root tabs,Fish,$12.99,,,
317163050842,API start up pack,Fish,$7.99,,,
317163011119,API accu clear 1.25oz,Fish,$4.99,,,
017163125129,API super ick cure 1.7oz,Fish,$6.99,,,
017163125310,API ph up 1.25oz,Fish,$5.99,,,
017163125303,API ph down ,Fish,$5.99,,,
317163160152,API general cure,Fish,$20.99,,,
317163160558,API em erthromycin,Fish,$22.99,,,
317163020876,API algaefix 1.25oz,Fish,$6.99,,,
000116068208,SEACHEM neo plex,Fish,$10.99,,,
000116076203,SEACHEM poly guard,Fish,$10.99,,,
000116088107,SEACHEM kanaplex,Fish,$10.99,,,
000116084208,SEACHEM sulfaplex,Fish,$9.99,,,
000116064101,SEACHEM focus,Fish,$9.99,,,
000116080101,SEACHEM metro plex,Fish,$10.99,,,
046798195405,TETRA ammonia strip 25 count,Fish,$19.99,,,
046798195429,TETRA 6in1 test strip 25 count,Fish,$18.99,,,
080531460016,FRITZ maracyn 10 pk,Fish,$18.99,,,
080531900130,FRITZ expel-f 10 pk,Fish,$14.99,,,
842982000056,acurel,Fish,$6.99,,,
046798773474,TETRA ich guard,Fish,$5.99,,,
000116001007,SEACHEM ammonia alert,Fish,$10.99,,,
000116002004,SEACHEM ph alert,Fish,$10.99,,,
000116000130,SEACHEM alert combo,Fish,$21.99,,,
097612241358,ZOO MED wipeout 2.25oz,Fish,$4.99,,,
030172085987,PENN PLAX feeder 14 day,Fish,$4.99,,,
030172085963,PENN PLAX feeder 10 day,Fish,$5.99,,,
030172005404,PENN PLAX feeder 7 day,Fish,$3.99,,,
030172005381,PENN PLAX feeder 3 day,Fish,$3.99,,,
030172019630,PENN PLAX feeder 3 day ,Fish,$3.99,,,
015561166768,MARINA feeder 7 day betta,Fish,$2.99,,,
097612117103,ZOO MED feeder 7 day betta,Fish,$3.00,,,
097612111002,ZOO MED feeder bottom 7 day,Fish,$2.99,,,
097612113006,ZOO MED feeder banquet 3-4 day,Fish,$2.99,,,
097612119084,ZOO MED feeder pleco ,Fish,$2.99,,,
097612119114,ZOO MED feeder pleco small,Fish,$2.99,,,
030172085932,PENN PLAX feeder 7 day,Fish,$3.99,,,
015561144834,FLUVAL forceps,Fish,$10.99,,,
,AQUAVITRO shears,Fish,$18.99,,,
015905650045,AQUEON sealant 3oz,Fish,$14.99,,,
015905650038,AQUEON sealant clear 3oz,Fish,$14.99,,,
015905650106,AQUEON sealant clear 10.3oz,Fish,$29.99,,,
051378025034,INSTANT OCEAN hydrometer,Fish,$18.99,,,
030172104565,PENN PLAX auto feeder,Fish,$21.99,,,
317163010341,API master test kit,Fish,$58.99,,,
046798786740,TETRA glo gre & whi plant small,Fish,$6.99,,,
046798292876,TETRA glo multi 1md.2lg,Fish,$9.99,,,
046798782742,TETRA glo mangrove tree,Fish,$14.99,,,
046798782773,TETRA glo sea grass,Fish,$7.99,,,
046798782797,TETRA glo java moss,Fish,$7.99,,,
046798782803,TETRA glo green fern,Fish,$7.99,,,
046798782780,TETRA yellow fern,Fish,$7.99,,,
046798782766,TETRA red algae,Fish,$4.99,,,
046798290254,TETRA glo gravel white,Fish,$8.99,,,
046798290841,TETRA glo gravel black lagoon,Fish,$7.99,,,
046798784845,TETRA glo gravel pearlescent,Fish,$8.99,,,
046798290858,TETRA glo gravel pink/grn/blue,Fish,$7.99,,,
046798784852,TETRA glo lagoon sand,Fish,$9.99,,,
015561119801,MARINA glo skull,Fish,$15.99,,,
046798773016,TETRA glo colcano,Fish,$10.99,,,
046798773009,TETRA glo twisted tree,Fish,$9.99,,,
015561119856,MARINA glo ship,Fish,$18.99,,,
046798290681,TETRA glo barrels,Fish,$12.99,,,
015561147446,MARINA glo,Fish,$10.99,,,
046798196235,TETRA glo skull,Fish,$10.99,,,
042055962155,HIKARI coral,Fish,$12.99,,,
046798780229,TETRA glo coral,Fish,$26.99,,,
015561119818,MARINA glo castle,Fish,$34.99,,,
015561119832,MARINA glo skull castle,Fish,$24.99,,,
015561119825,"MARINA glo skull castle 6""",Fish,$14.99,,,
046798780168,TETRA glo castle ,Fish,$13.99,,,
046798196297,TETRA glo clam ,Fish,$10.99,,,
046798784456,TETRA glo anemone pink,Fish,$12.99,,,
046798780274,TETRA sm gr/yel plant,Fish,$4.99,,,
046798780472,TETRA glo sm pur/gr plant,Fish,$4.99,,,
046798780434,TETRA glo sm or/yel plant,Fish,$4.99,,,
046798780878,TETRA glo sm pur/pk plant,Fish,$4.99,,,
046798780885,TETRA glo md pur/pk plant,Fish,$6.99,,,
046798780441,TETRA glo md or/yel plant,Fish,$6.99,,,
046798780922,TETRA glo md pur/wh plant,Fish,$6.99,,,
046798780939,TETRA glo lg pur/wh plant,Fish,$10.99,,,
046798780410,TETRA glo lg gr/or plant,Fish,$8.99,,,
046798780458,TETRA glo lg or/yel plant,Fish,$11.99,,,
080605110151,MARINA glo lg pur/gr plant,Fish,$8.99,,,
046798780335,TETRA glo lg gr/pk plant,Fish,$10.99,,,
046798780380,TETRA glo xl gr/bl plant,Fish,$13.99,,,
046798780908,TETRA glo xl pur/pk plant,Fish,$13.99,,,
046798784074,TETRA glo multi plant,Fish,$9.99,,,
046798786801,TETRA glo sm or/yel plant,Fish,$6.99,,,
046798786771,TETRA sm or/pk plant,Fish,$6.99,,,
015561122337,MARINA circus ring decor,Fish,$5.99,,,
015561122351,MARINA shell decor,Fish,$5.99,,,
015561120814,MARINA pk orchid plant,Fish,$4.99,,,
015561120944,MARINA fire grass plant,Fish,$4.99,,,
015561120777,MARINA corkscrew plant,Fish,$2.99,,,
015561120845,MARINA hornwort plant,Fish,$2.99,,,
015561120784,MARINA red ludwigia plant,Fish,$2.99,,,
030172093104,PENN PLAX pk/wh sm plant,Fish,$2.99,,,
015561122320,MARINA sea shell decor,Fish,$5.99,,,
030172105685,PENN PLAX betta cave,Fish,$9.99,,,
097612240719,ZOO MED betta tunnel,Fish,$6.99,,,
097612240702,ZOO MED lounge,Fish,$7.99,,,
030172093180,PENN PLAX accent stones,Fish,$7.99,,,
030172105432,PENN PLAX betta leaf,Fish,$6.99,,,
030172010354,PENN PLAX dazzle stone bl,Fish,$3.99,,,
030172010392,PENN PLAX dazzle stone multi,Fish,$3.99,,,
015561127097,MARINA marble,Fish,$3.99,,,
046798290186,TETRA accent gravel,Fish,$6.99,,,
015561123730,MARINA acent gravel pk,Fish,$2.99,,,
015561123747,MARINA accent gravel bl,Fish,$2.99,,,
015561110952,FLUVAL waste remover,Fish,$6.99,,,
317163020937,API bettafix,Fish,$6.99,,,
317163020920,API betta conditioner,Fish,$5.99,,,
042055711029,AQUAR SOLUT herbal betta revive,Fish,$3.99,,,
042055711005,AQUAR SOLUT betta revive,Fish,$2.99,,,
853889001008,AQUAR SOLUT betta ultimate,Fish,$1.99,,,
015905001823,AQUEON betta filterr,Fish,$6.99,,,
015905001861,AQUEON betta volcano,Fish,$14.99,,,
015905001847,AQUEON betta plant,Fish,$12.99,,,
015905001786,AQUEON betta beads bl,Fish,$8.99,,,
015905001793,AQUEON betta beads pk,Fish,$7.99,,,
046798770237,TETRA bettamin .15oz,Fish,$3.99,,,
042055191012,HIKARI betta .088oz,Fish,$2.99,,,
015561166799,MARINA betta shakers,Fish,$1.99,,,
030172071430,PENN PLAX light,Fish,$24.99,,,
015905001878,AQUEON betta light,Fish,$20.99,,,
030172093043,PENN PLAX crystals wh/rd,Fish,$7.99,,,
097612242058,ZOO MED accents ,Fish,$3.99,,,
015905060516,AQUEON betta .95oz,Fish,$2.99,,,
698220011717,OMEGA ONE betta .28oz,Fish,$2.99,,,
046798783015,TETRA glo betta .71oz,Fish,$3.99,,,
046798770190,TETRA bettamin 1 oz,Fish,$3.99,,,
046798780076,TETRA bettamin .98oz,Fish,$3.99,,,
015561173667,FLUVAL bug bite betta,Fish,$4.99,,,
000116000406,SEACHEM betta food,Fish,$4.99,,,
015561183345,FLUVAL aquar cleaner,Fish,$3.99,,,
000116042406,SEACHEM betta basic,Fish,$3.99,,,
015905060202,AQUEON betta bowl plus,Fish,$3.99,,,
015905060172,AQUEON betta renewal,Fish,$4.99,,,
015561183307,FLUVAL betta carew pack,Fish,$10.99,,,
015561123846,MARINA gravel lime,Fish,$3.99,,,
015561123891,MARINA gravel tri bl,Fish,$3.99,,,
015561123914,MARINA gravel jelly bean ,Fish,$3.99,,,
015561123969,MARINA grasvel bk,Fish,$3.99,,,
015561123808,MARINA burgund gravel,Fish,$3.99,,,
015561123815,MARINA gravel red,Fish,$3.99,,,
029904109312,ACTIV BETTA wh sand,Fish,$3.99,,,
029904109817,ACTIV BETTA neon gravel,Fish,$4.99,,,
029904109718,ACTIV BETTA bl gravel,Fish,$4.99,,,
046798290490,TETRA led half moon,Fish,$34.99,,,
029904109619,ACTIV BETTA water,Fish,$5.99,,,
015561105132,FLUVAL shrimp kit,Fish,$119.99,,,
030172390067,PENN PLAX sm worl filter,Fish,$10.99,,,
030172391286,PENN PLAX sm worl kit,Fish,$29.99,,,
015561111829,MARINA betta heater,Fish,$15.99,,,
015561120555,MARINA mini stump,Fish,$4.99,,,
097612240504,ZOO MED betta log ceramic,Fish,$5.99,,,
015905002851,AQUEON essentisl kit 29 ga,Fish,$59.99,,,
097612240061,ZOO MED bettamatic,Fish,$23.99,,,
097612242119,ZOO MED leaf,Fish,$2.99,,,
097612300291,ZOO MED betta thermoneter,Fish,$9.99,,,
097612240047,ZOO MED betta heater,Fish,$17.99,,,
097612240023,ZOO MED betta log ceramic,Fish,$11.99,,,
097612240016,ZOO MED betta mirror,Fish,$6.99,,,
097612242218,ZOO MED betta mermaid,Fish,$6.99,,,
097612242225,ZOO MED betta diver,Fish,$6.99,,,
097612241211,ZOO MED betta papaya plant,Fish,$3.99,,,
097612241242,ZOO MED betta maple plant,Fish,$4.99,,,
097612241228,ZOO MED betta bamboo plant,Fish,$4.99,,,
097612240092,ZOO MED betta clean filter,Fish,$19.99,,,
097612241402,ZOO MED betta kit,Fish,$6.99,,,
097612241419,ZOO MED betta tools,Fish,$9.99,,,
015561148542,FLUVAL betta moss ball,Fish,$7.99,,,
015561113373,FLUVAL chamber pad,Fish,$3.99,,,
015561148504,FLUVAL madagascar lace,Fish,$7.99,,,
015561148535,FLUVAL rede lizard tail plant,Fish,$7.99,,,
015561148528,FLUVAL water trumpet plant,Fish,$7.99,,,